|0000|006|0|01082026|31082026|EMPRESA TESTE EFD CONTRIBUICOES LTDA|99999999000199|SP|999999999999|3550308||00|0|
|0001|0|
|0110|1|1|1||
|0140|EST001|ESTABELECIMENTO SINTETICO DE TESTE|99999999000199|SP|999999999999|3550308|||
|0150|PART001|FORNECEDOR SINTETICO 001|01058|99000000010001||||RJ MUNICIPIO TESTE|||||
|0150|PART002|FORNECEDOR SINTETICO 002|01058|99000000020001||||MG MUNICIPIO TESTE|||||
|0150|PART003|FORNECEDOR SINTETICO 003|01058|99000000030001||||PR MUNICIPIO TESTE|||||
|0150|PART004|FORNECEDOR SINTETICO 004|01058|99000000040001||||SC MUNICIPIO TESTE|||||
|0150|PART005|FORNECEDOR SINTETICO 005|01058|99000000050001||||RS MUNICIPIO TESTE|||||
|0150|PART006|FORNECEDOR SINTETICO 006|01058|99000000060001||||SP MUNICIPIO TESTE|||||
|0150|PART007|FORNECEDOR SINTETICO 007|01058|99000000070001||||RJ MUNICIPIO TESTE|||||
|0150|PART008|FORNECEDOR SINTETICO 008|01058|99000000080001||||MG MUNICIPIO TESTE|||||
|0150|PART009|FORNECEDOR SINTETICO 009|01058|99000000090001||||PR MUNICIPIO TESTE|||||
|0150|PART010|FORNECEDOR SINTETICO 010|01058|99000000100001||||SC MUNICIPIO TESTE|||||
|0150|PART011|FORNECEDOR SINTETICO 011|01058|99000000110001||||RS MUNICIPIO TESTE|||||
|0150|PART012|FORNECEDOR SINTETICO 012|01058|99000000120001||||SP MUNICIPIO TESTE|||||
|0150|PART013|FORNECEDOR SINTETICO 013|01058|99000000130001||||RJ MUNICIPIO TESTE|||||
|0150|PART014|FORNECEDOR SINTETICO 014|01058|99000000140001||||MG MUNICIPIO TESTE|||||
|0150|PART015|FORNECEDOR SINTETICO 015|01058|99000000150001||||PR MUNICIPIO TESTE|||||
|0150|PART016|CLIENTE SINTETICO 016|01058|99000000160001||||SC MUNICIPIO TESTE|||||
|0150|PART017|CLIENTE SINTETICO 017|01058|99000000170001||||RS MUNICIPIO TESTE|||||
|0150|PART018|CLIENTE SINTETICO 018|01058|99000000180001||||SP MUNICIPIO TESTE|||||
|0150|PART019|CLIENTE SINTETICO 019|01058|99000000190001||||RJ MUNICIPIO TESTE|||||
|0150|PART020|CLIENTE SINTETICO 020|01058|99000000200001||||MG MUNICIPIO TESTE|||||
|0150|PART021|CLIENTE SINTETICO 021|01058|99000000210001||||PR MUNICIPIO TESTE|||||
|0150|PART022|CLIENTE SINTETICO 022|01058|99000000220001||||SC MUNICIPIO TESTE|||||
|0150|PART023|CLIENTE SINTETICO 023|01058|99000000230001||||RS MUNICIPIO TESTE|||||
|0150|PART024|CLIENTE SINTETICO 024|01058|99000000240001||||SP MUNICIPIO TESTE|||||
|0150|PART025|CLIENTE SINTETICO 025|01058|99000000250001||||RJ MUNICIPIO TESTE|||||
|0150|PART026|CLIENTE SINTETICO 026|01058|99000000260001||||MG MUNICIPIO TESTE|||||
|0150|PART027|CLIENTE SINTETICO 027|01058|99000000270001||||PR MUNICIPIO TESTE|||||
|0150|PART028|CLIENTE SINTETICO 028|01058|99000000280001||||SC MUNICIPIO TESTE|||||
|0150|PART029|CLIENTE SINTETICO 029|01058|99000000290001||||RS MUNICIPIO TESTE|||||
|0150|PART030|CLIENTE SINTETICO 030|01058|99000000300001||||SP MUNICIPIO TESTE|||||
|0200|ITEM001|ITEM OU SERVICO SINTETICO 001|||UN|09|||||||
|0200|ITEM002|ITEM OU SERVICO SINTETICO 002|||UN|09|||||||
|0200|ITEM003|ITEM OU SERVICO SINTETICO 003|||KG|09|||||||
|0200|ITEM004|ITEM OU SERVICO SINTETICO 004|||UN|09|||||||
|0200|ITEM005|ITEM OU SERVICO SINTETICO 005|||UN|09|||||||
|0200|ITEM006|ITEM OU SERVICO SINTETICO 006|||KG|09|||||||
|0200|ITEM007|ITEM OU SERVICO SINTETICO 007|||UN|09|||||||
|0200|ITEM008|ITEM OU SERVICO SINTETICO 008|||UN|09|||||||
|0200|ITEM009|ITEM OU SERVICO SINTETICO 009|||KG|00|84000009||||||
|0200|ITEM010|ITEM OU SERVICO SINTETICO 010|||UN|00|84000010||||||
|0200|ITEM011|ITEM OU SERVICO SINTETICO 011|||UN|00|84000011||||||
|0200|ITEM012|ITEM OU SERVICO SINTETICO 012|||KG|00|84000012||||||
|0200|ITEM013|ITEM OU SERVICO SINTETICO 013|||UN|00|84000013||||||
|0200|ITEM014|ITEM OU SERVICO SINTETICO 014|||UN|00|84000014||||||
|0200|ITEM015|ITEM OU SERVICO SINTETICO 015|||KG|00|84000015||||||
|0200|ITEM016|ITEM OU SERVICO SINTETICO 016|||UN|00|84000016||||||
|0200|ITEM017|ITEM OU SERVICO SINTETICO 017|||UN|00|84000017||||||
|0200|ITEM018|ITEM OU SERVICO SINTETICO 018|||KG|00|84000018||||||
|0200|ITEM019|ITEM OU SERVICO SINTETICO 019|||UN|00|84000019||||||
|0200|ITEM020|ITEM OU SERVICO SINTETICO 020|||UN|00|84000020||||||
|0990|55|
|A001|0|
|A100|0|1|PART001|00|1|AS00010001|10001|01082026|01082026|217,00|0,00|217,00|0,00|0,00|0,00|0,00|0,00||
|A170|1|ITEM001|SERVICO SINTETICO A 0001|217,00|0,00|1202|04|0,00|0,0000|0,00|04|0,00|0,0000|0,00|0|01|CTA_SERV|5933|
|A100|0|0|PART002|00|1|AS00010002|10002|02082026|02082026|621,00|0,00|621,00|0,00|0,00|0,00|0,00|0,00||
|A170|1|ITEM002|SERVICO SINTETICO A 0002|254,00|0,00|1203|06|0,00|0,0000|0,00|06|0,00|0,0000|0,00|0|01|CTA_SERV|6102|
|A170|2|ITEM003|SERVICO SINTETICO A 0003|367,00|0,00|1401|07|0,00|0,0000|0,00|07|0,00|0,0000|0,00|0|01|CTA_SERV|6933|
|A100|0|1|PART003|00|1|AS00010003|10003|03082026|03082026|1212,00|0,00|1212,00|0,00|0,00|0,00|0,00|0,00||
|A170|1|ITEM004|SERVICO SINTETICO A 0004|291,00|0,00|1701|07|0,00|0,0000|0,00|07|0,00|0,0000|0,00|0|01|CTA_SERV|1102|
|A170|2|ITEM005|SERVICO SINTETICO A 0005|404,00|0,00|1702|08|0,00|0,0000|0,00|08|0,00|0,0000|0,00|0|01|CTA_SERV|2102|
|A170|3|ITEM006|SERVICO SINTETICO A 0006|517,00|0,00|1801|49|517,00|1,6500|8,53|49|517,00|7,6000|39,29|0|01|CTA_SERV|5102|
|A100|1|0|PART004|00|1|AS00010004|10004|04082026|04082026|328,00|0,00|328,00|0,00|0,00|0,00|0,00|0,00||
|A170|1|ITEM007|SERVICO SINTETICO A 0007|328,00|0,00|1201|08|0,00|0,0000|0,00|08|0,00|0,0000|0,00|0|01|CTA_SERV|5933|
|A100|0|1|PART005|00|1|AS00010005|10005|05082026|05082026|843,00|0,00|843,00|0,00|0,00|0,00|0,00|0,00||
|A170|1|ITEM008|SERVICO SINTETICO A 0008|365,00|0,00|1202|49|365,00|1,6500|6,02|49|365,00|7,6000|27,74|0|01|CTA_SERV|6102|
|A170|2|ITEM001|SERVICO SINTETICO A 0009|478,00|0,00|1203|50|478,00|1,6500|7,89|50|478,00|7,6000|36,33|0|01|CTA_SERV|6933|
|A100|0|0|PART006|00|1|AS00010006|10006|06082026|06082026|1545,00|0,00|1545,00|0,00|0,00|0,00|0,00|0,00||
|A170|1|ITEM002|SERVICO SINTETICO A 0010|402,00|0,00|1401|50|402,00|1,6500|6,63|50|402,00|7,6000|30,55|0|01|CTA_SERV|1102|
|A170|2|ITEM003|SERVICO SINTETICO A 0011|515,00|0,00|1701|51|515,00|1,6500|8,50|51|515,00|7,6000|39,14|0|01|CTA_SERV|2102|
|A170|3|ITEM004|SERVICO SINTETICO A 0012|628,00|0,00|1702|70|628,00|1,6500|10,36|70|628,00|7,6000|47,73|0|01|CTA_SERV|5102|
|A100|0|1|PART007|00|1|AS00010007|10007|07082026|07082026|439,00|0,00|439,00|0,00|0,00|0,00|0,00|0,00||
|A170|1|ITEM005|SERVICO SINTETICO A 0013|439,00|0,00|1801|51|439,00|1,6500|7,24|51|439,00|7,6000|33,36|0|01|CTA_SERV|5933|
|A100|1|0|PART008|00|1|AS00010008|10008|08082026|08082026|1065,00|0,00|1065,00|0,00|0,00|0,00|0,00|0,00||
|A170|1|ITEM006|SERVICO SINTETICO A 0014|476,00|0,00|1201|70|476,00|1,6500|7,85|70|476,00|7,6000|36,18|0|01|CTA_SERV|6102|
|A170|2|ITEM007|SERVICO SINTETICO A 0015|589,00|0,00|1202|73|589,00|1,6500|9,72|73|589,00|7,6000|44,76|0|01|CTA_SERV|6933|
|A100|0|1|PART009|00|1|AS00010009|10009|09082026|09082026|1878,00|0,00|1878,00|0,00|0,00|0,00|0,00|0,00||
|A170|1|ITEM008|SERVICO SINTETICO A 0016|513,00|0,00|1203|73|513,00|1,6500|8,46|73|513,00|7,6000|38,99|0|01|CTA_SERV|1102|
|A170|2|ITEM001|SERVICO SINTETICO A 0017|626,00|0,00|1401|01|626,00|1,6500|10,33|01|626,00|7,6000|47,58|0|01|CTA_SERV|2102|
|A170|3|ITEM002|SERVICO SINTETICO A 0018|739,00|0,00|1701|02|739,00|1,6500|12,19|02|739,00|7,6000|56,16|0|01|CTA_SERV|5102|
|A100|0|0|PART010|00|1|AS00010010|10010|10082026|10082026|550,00|0,00|550,00|0,00|0,00|0,00|0,00|0,00||
|A170|1|ITEM003|SERVICO SINTETICO A 0019|550,00|0,00|1702|01|550,00|1,6500|9,08|01|550,00|7,6000|41,80|0|01|CTA_SERV|5933|
|A100|0|1|PART011|00|1|AS00010011|10011|11082026|11082026|1287,00|0,00|1287,00|0,00|0,00|0,00|0,00|0,00||
|A170|1|ITEM004|SERVICO SINTETICO A 0020|587,00|0,00|1801|02|587,00|1,6500|9,69|02|587,00|7,6000|44,61|0|01|CTA_SERV|6102|
|A170|2|ITEM005|SERVICO SINTETICO A 0021|700,00|0,00|1201|04|0,00|0,0000|0,00|04|0,00|0,0000|0,00|0|01|CTA_SERV|6933|
|A100|1|0|PART012|00|1|AS00010012|10012|12082026|12082026|2211,00|0,00|2211,00|0,00|0,00|0,00|0,00|0,00||
|A170|1|ITEM006|SERVICO SINTETICO A 0022|624,00|0,00|1202|04|0,00|0,0000|0,00|04|0,00|0,0000|0,00|0|01|CTA_SERV|1102|
|A170|2|ITEM007|SERVICO SINTETICO A 0023|737,00|0,00|1203|06|0,00|0,0000|0,00|06|0,00|0,0000|0,00|0|01|CTA_SERV|2102|
|A170|3|ITEM008|SERVICO SINTETICO A 0024|850,00|0,00|1401|07|0,00|0,0000|0,00|07|0,00|0,0000|0,00|0|01|CTA_SERV|5102|
|A100|0|1|PART013|00|1|AS00010013|10013|13082026|13082026|661,00|0,00|661,00|0,00|0,00|0,00|0,00|0,00||
|A170|1|ITEM001|SERVICO SINTETICO A 0025|661,00|0,00|1701|06|0,00|0,0000|0,00|06|0,00|0,0000|0,00|0|01|CTA_SERV|5933|
|A100|0|0|PART014|00|1|AS00010014|10014|14082026|14082026|1509,00|0,00|1509,00|0,00|0,00|0,00|0,00|0,00||
|A170|1|ITEM002|SERVICO SINTETICO A 0026|698,00|0,00|1702|07|0,00|0,0000|0,00|07|0,00|0,0000|0,00|0|01|CTA_SERV|6102|
|A170|2|ITEM003|SERVICO SINTETICO A 0027|811,00|0,00|1801|08|0,00|0,0000|0,00|08|0,00|0,0000|0,00|0|01|CTA_SERV|6933|
|A100|0|1|PART015|00|1|AS00010015|10015|15082026|15082026|2544,00|0,00|2544,00|0,00|0,00|0,00|0,00|0,00||
|A170|1|ITEM004|SERVICO SINTETICO A 0028|735,00|0,00|1201|08|0,00|0,0000|0,00|08|0,00|0,0000|0,00|0|01|CTA_SERV|1102|
|A170|2|ITEM005|SERVICO SINTETICO A 0029|848,00|0,00|1202|49|848,00|1,6500|13,99|49|848,00|7,6000|64,45|0|01|CTA_SERV|2102|
|A170|3|ITEM006|SERVICO SINTETICO A 0030|961,00|0,00|1203|50|961,00|1,6500|15,86|50|961,00|7,6000|73,04|0|01|CTA_SERV|5102|
|A100|1|0|PART016|00|1|AS00010016|10016|16082026|16082026|772,00|0,00|772,00|0,00|0,00|0,00|0,00|0,00||
|A170|1|ITEM007|SERVICO SINTETICO A 0031|772,00|0,00|1401|49|772,00|1,6500|12,74|49|772,00|7,6000|58,67|0|01|CTA_SERV|5933|
|A100|0|1|PART017|00|1|AS00010017|10017|17082026|17082026|1731,00|0,00|1731,00|0,00|0,00|0,00|0,00|0,00||
|A170|1|ITEM008|SERVICO SINTETICO A 0032|809,00|0,00|1701|50|809,00|1,6500|13,35|50|809,00|7,6000|61,48|0|01|CTA_SERV|6102|
|A170|2|ITEM001|SERVICO SINTETICO A 0033|922,00|0,00|1702|51|922,00|1,6500|15,21|51|922,00|7,6000|70,07|0|01|CTA_SERV|6933|
|A100|0|0|PART018|00|1|AS00010018|10018|18082026|18082026|2877,00|0,00|2877,00|0,00|0,00|0,00|0,00|0,00||
|A170|1|ITEM002|SERVICO SINTETICO A 0034|846,00|0,00|1801|51|846,00|1,6500|13,96|51|846,00|7,6000|64,30|0|01|CTA_SERV|1102|
|A170|2|ITEM003|SERVICO SINTETICO A 0035|959,00|0,00|1201|70|959,00|1,6500|15,82|70|959,00|7,6000|72,88|0|01|CTA_SERV|2102|
|A170|3|ITEM004|SERVICO SINTETICO A 0036|1072,00|0,00|1202|73|1072,00|1,6500|17,69|73|1072,00|7,6000|81,47|0|01|CTA_SERV|5102|
|A100|0|1|PART019|00|1|AS00010019|10019|19082026|19082026|883,00|0,00|883,00|0,00|0,00|0,00|0,00|0,00||
|A170|1|ITEM005|SERVICO SINTETICO A 0037|883,00|0,00|1203|70|883,00|1,6500|14,57|70|883,00|7,6000|67,11|0|01|CTA_SERV|5933|
|A100|1|0|PART020|00|1|AS00010020|10020|20082026|20082026|1953,00|0,00|1953,00|0,00|0,00|0,00|0,00|0,00||
|A170|1|ITEM006|SERVICO SINTETICO A 0038|920,00|0,00|1401|73|920,00|1,6500|15,18|73|920,00|7,6000|69,92|0|01|CTA_SERV|6102|
|A170|2|ITEM007|SERVICO SINTETICO A 0039|1033,00|0,00|1701|01|1033,00|1,6500|17,04|01|1033,00|7,6000|78,51|0|01|CTA_SERV|6933|
|A100|0|1|PART021|00|1|AS00010021|10021|21082026|21082026|3210,00|0,00|3210,00|0,00|0,00|0,00|0,00|0,00||
|A170|1|ITEM008|SERVICO SINTETICO A 0040|957,00|0,00|1702|01|957,00|1,6500|15,79|01|957,00|7,6000|72,73|0|01|CTA_SERV|1102|
|A170|2|ITEM001|SERVICO SINTETICO A 0041|1070,00|0,00|1801|02|1070,00|1,6500|17,66|02|1070,00|7,6000|81,32|0|01|CTA_SERV|2102|
|A170|3|ITEM002|SERVICO SINTETICO A 0042|1183,00|0,00|1201|04|0,00|0,0000|0,00|04|0,00|0,0000|0,00|0|01|CTA_SERV|5102|
|A100|0|0|PART022|00|1|AS00010022|10022|22082026|22082026|994,00|0,00|994,00|0,00|0,00|0,00|0,00|0,00||
|A170|1|ITEM003|SERVICO SINTETICO A 0043|994,00|0,00|1202|02|994,00|1,6500|16,40|02|994,00|7,6000|75,54|0|01|CTA_SERV|5933|
|A100|0|1|PART023|00|1|AS00010023|10023|23082026|23082026|2175,00|0,00|2175,00|0,00|0,00|0,00|0,00|0,00||
|A170|1|ITEM004|SERVICO SINTETICO A 0044|1031,00|0,00|1203|04|0,00|0,0000|0,00|04|0,00|0,0000|0,00|0|01|CTA_SERV|6102|
|A170|2|ITEM005|SERVICO SINTETICO A 0045|1144,00|0,00|1401|06|0,00|0,0000|0,00|06|0,00|0,0000|0,00|0|01|CTA_SERV|6933|
|A100|1|0|PART024|00|1|AS00010024|10024|24082026|24082026|3543,00|0,00|3543,00|0,00|0,00|0,00|0,00|0,00||
|A170|1|ITEM006|SERVICO SINTETICO A 0046|1068,00|0,00|1701|06|0,00|0,0000|0,00|06|0,00|0,0000|0,00|0|01|CTA_SERV|1102|
|A170|2|ITEM007|SERVICO SINTETICO A 0047|1181,00|0,00|1702|07|0,00|0,0000|0,00|07|0,00|0,0000|0,00|0|01|CTA_SERV|2102|
|A170|3|ITEM008|SERVICO SINTETICO A 0048|1294,00|0,00|1801|08|0,00|0,0000|0,00|08|0,00|0,0000|0,00|0|01|CTA_SERV|5102|
|A100|0|1|PART025|00|1|AS00010025|10025|25082026|25082026|1105,00|0,00|1105,00|0,00|0,00|0,00|0,00|0,00||
|A170|1|ITEM001|SERVICO SINTETICO A 0049|1105,00|0,00|1201|07|0,00|0,0000|0,00|07|0,00|0,0000|0,00|0|01|CTA_SERV|5933|
|A100|0|0|PART026|00|1|AS00010026|10026|26082026|26082026|2397,00|0,00|2397,00|0,00|0,00|0,00|0,00|0,00||
|A170|1|ITEM002|SERVICO SINTETICO A 0050|1142,00|0,00|1202|08|0,00|0,0000|0,00|08|0,00|0,0000|0,00|0|01|CTA_SERV|6102|
|A170|2|ITEM003|SERVICO SINTETICO A 0051|1255,00|0,00|1203|49|1255,00|1,6500|20,71|49|1255,00|7,6000|95,38|0|01|CTA_SERV|6933|
|A100|0|1|PART027|00|1|AS00010027|10027|27082026|27082026|3876,00|0,00|3876,00|0,00|0,00|0,00|0,00|0,00||
|A170|1|ITEM004|SERVICO SINTETICO A 0052|1179,00|0,00|1401|49|1179,00|1,6500|19,45|49|1179,00|7,6000|89,60|0|01|CTA_SERV|1102|
|A170|2|ITEM005|SERVICO SINTETICO A 0053|1292,00|0,00|1701|50|1292,00|1,6500|21,32|50|1292,00|7,6000|98,19|0|01|CTA_SERV|2102|
|A170|3|ITEM006|SERVICO SINTETICO A 0054|1405,00|0,00|1702|51|1405,00|1,6500|23,18|51|1405,00|7,6000|106,78|0|01|CTA_SERV|5102|
|A100|1|0|PART028|00|1|AS00010028|10028|28082026|28082026|1216,00|0,00|1216,00|0,00|0,00|0,00|0,00|0,00||
|A170|1|ITEM007|SERVICO SINTETICO A 0055|1216,00|0,00|1801|50|1216,00|1,6500|20,06|50|1216,00|7,6000|92,42|0|01|CTA_SERV|5933|
|A100|0|1|PART029|00|1|AS00010029|10029|29082026|29082026|2619,00|0,00|2619,00|0,00|0,00|0,00|0,00|0,00||
|A170|1|ITEM008|SERVICO SINTETICO A 0056|1253,00|0,00|1201|51|1253,00|1,6500|20,67|51|1253,00|7,6000|95,23|0|01|CTA_SERV|6102|
|A170|2|ITEM001|SERVICO SINTETICO A 0057|1366,00|0,00|1202|70|1366,00|1,6500|22,54|70|1366,00|7,6000|103,82|0|01|CTA_SERV|6933|
|A100|0|0|PART030|00|1|AS00010030|10030|30082026|30082026|4209,00|0,00|4209,00|0,00|0,00|0,00|0,00|0,00||
|A170|1|ITEM002|SERVICO SINTETICO A 0058|1290,00|0,00|1203|70|1290,00|1,6500|21,29|70|1290,00|7,6000|98,04|0|01|CTA_SERV|1102|
|A170|2|ITEM003|SERVICO SINTETICO A 0059|1403,00|0,00|1401|73|1403,00|1,6500|23,15|73|1403,00|7,6000|106,63|0|01|CTA_SERV|2102|
|A170|3|ITEM004|SERVICO SINTETICO A 0060|1516,00|0,00|1701|01|1516,00|1,6500|25,01|01|1516,00|7,6000|115,22|0|01|CTA_SERV|5102|
|A100|0|1|PART001|00|1|AS00010031|10031|31082026|31082026|1327,00|0,00|1327,00|0,00|0,00|0,00|0,00|0,00||
|A170|1|ITEM005|SERVICO SINTETICO A 0061|1327,00|0,00|1702|73|1327,00|1,6500|21,90|73|1327,00|7,6000|100,85|0|01|CTA_SERV|5933|
|A100|1|0|PART002|00|1|AS00010032|10032|01082026|01082026|2841,00|0,00|2841,00|0,00|0,00|0,00|0,00|0,00||
|A170|1|ITEM006|SERVICO SINTETICO A 0062|1364,00|0,00|1801|01|1364,00|1,6500|22,51|01|1364,00|7,6000|103,66|0|01|CTA_SERV|6102|
|A170|2|ITEM007|SERVICO SINTETICO A 0063|1477,00|0,00|1201|02|1477,00|1,6500|24,37|02|1477,00|7,6000|112,25|0|01|CTA_SERV|6933|
|A100|0|1|PART003|00|1|AS00010033|10033|02082026|02082026|4542,00|0,00|4542,00|0,00|0,00|0,00|0,00|0,00||
|A170|1|ITEM008|SERVICO SINTETICO A 0064|1401,00|0,00|1202|02|1401,00|1,6500|23,12|02|1401,00|7,6000|106,48|0|01|CTA_SERV|1102|
|A170|2|ITEM001|SERVICO SINTETICO A 0065|1514,00|0,00|1203|04|0,00|0,0000|0,00|04|0,00|0,0000|0,00|0|01|CTA_SERV|2102|
|A170|3|ITEM002|SERVICO SINTETICO A 0066|1627,00|0,00|1401|06|0,00|0,0000|0,00|06|0,00|0,0000|0,00|0|01|CTA_SERV|5102|
|A100|0|0|PART004|00|1|AS00010034|10034|03082026|03082026|1438,00|0,00|1438,00|0,00|0,00|0,00|0,00|0,00||
|A170|1|ITEM003|SERVICO SINTETICO A 0067|1438,00|0,00|1701|04|0,00|0,0000|0,00|04|0,00|0,0000|0,00|0|01|CTA_SERV|5933|
|A100|0|1|PART005|00|1|AS00010035|10035|04082026|04082026|3063,00|0,00|3063,00|0,00|0,00|0,00|0,00|0,00||
|A170|1|ITEM004|SERVICO SINTETICO A 0068|1475,00|0,00|1702|06|0,00|0,0000|0,00|06|0,00|0,0000|0,00|0|01|CTA_SERV|6102|
|A170|2|ITEM005|SERVICO SINTETICO A 0069|1588,00|0,00|1801|07|0,00|0,0000|0,00|07|0,00|0,0000|0,00|0|01|CTA_SERV|6933|
|A100|1|0|PART006|00|1|AS00010036|10036|05082026|05082026|4875,00|0,00|4875,00|0,00|0,00|0,00|0,00|0,00||
|A170|1|ITEM006|SERVICO SINTETICO A 0070|1512,00|0,00|1201|07|0,00|0,0000|0,00|07|0,00|0,0000|0,00|0|01|CTA_SERV|1102|
|A170|2|ITEM007|SERVICO SINTETICO A 0071|1625,00|0,00|1202|08|0,00|0,0000|0,00|08|0,00|0,0000|0,00|0|01|CTA_SERV|2102|
|A170|3|ITEM008|SERVICO SINTETICO A 0072|1738,00|0,00|1203|49|1738,00|1,6500|28,68|49|1738,00|7,6000|132,09|0|01|CTA_SERV|5102|
|A100|0|1|PART007|00|1|AS00010037|10037|06082026|06082026|1549,00|0,00|1549,00|0,00|0,00|0,00|0,00|0,00||
|A170|1|ITEM001|SERVICO SINTETICO A 0073|1549,00|0,00|1401|08|0,00|0,0000|0,00|08|0,00|0,0000|0,00|0|01|CTA_SERV|5933|
|A100|0|0|PART008|00|1|AS00010038|10038|07082026|07082026|3285,00|0,00|3285,00|0,00|0,00|0,00|0,00|0,00||
|A170|1|ITEM002|SERVICO SINTETICO A 0074|1586,00|0,00|1701|49|1586,00|1,6500|26,17|49|1586,00|7,6000|120,54|0|01|CTA_SERV|6102|
|A170|2|ITEM003|SERVICO SINTETICO A 0075|1699,00|0,00|1702|50|1699,00|1,6500|28,03|50|1699,00|7,6000|129,12|0|01|CTA_SERV|6933|
|A100|0|1|PART009|00|1|AS00010039|10039|08082026|08082026|5208,00|0,00|5208,00|0,00|0,00|0,00|0,00|0,00||
|A170|1|ITEM004|SERVICO SINTETICO A 0076|1623,00|0,00|1801|50|1623,00|1,6500|26,78|50|1623,00|7,6000|123,35|0|01|CTA_SERV|1102|
|A170|2|ITEM005|SERVICO SINTETICO A 0077|1736,00|0,00|1201|51|1736,00|1,6500|28,64|51|1736,00|7,6000|131,94|0|01|CTA_SERV|2102|
|A170|3|ITEM006|SERVICO SINTETICO A 0078|1849,00|0,00|1202|70|1849,00|1,6500|30,51|70|1849,00|7,6000|140,52|0|01|CTA_SERV|5102|
|A100|1|0|PART010|00|1|AS00010040|10040|09082026|09082026|1660,00|0,00|1660,00|0,00|0,00|0,00|0,00|0,00||
|A170|1|ITEM007|SERVICO SINTETICO A 0079|1660,00|0,00|1203|51|1660,00|1,6500|27,39|51|1660,00|7,6000|126,16|0|01|CTA_SERV|5933|
|A100|0|1|PART011|00|1|AS00010041|10041|10082026|10082026|3507,00|0,00|3507,00|0,00|0,00|0,00|0,00|0,00||
|A170|1|ITEM008|SERVICO SINTETICO A 0080|1697,00|0,00|1401|70|1697,00|1,6500|28,00|70|1697,00|7,6000|128,97|0|01|CTA_SERV|6102|
|A170|2|ITEM001|SERVICO SINTETICO A 0081|1810,00|0,00|1701|73|1810,00|1,6500|29,87|73|1810,00|7,6000|137,56|0|01|CTA_SERV|6933|
|A100|0|0|PART012|00|1|AS00010042|10042|11082026|11082026|5541,00|0,00|5541,00|0,00|0,00|0,00|0,00|0,00||
|A170|1|ITEM002|SERVICO SINTETICO A 0082|1734,00|0,00|1702|73|1734,00|1,6500|28,61|73|1734,00|7,6000|131,78|0|01|CTA_SERV|1102|
|A170|2|ITEM003|SERVICO SINTETICO A 0083|1847,00|0,00|1801|01|1847,00|1,6500|30,48|01|1847,00|7,6000|140,37|0|01|CTA_SERV|2102|
|A170|3|ITEM004|SERVICO SINTETICO A 0084|1960,00|0,00|1201|02|1960,00|1,6500|32,34|02|1960,00|7,6000|148,96|0|01|CTA_SERV|5102|
|A100|0|1|PART013|00|1|AS00010043|10043|12082026|12082026|1771,00|0,00|1771,00|0,00|0,00|0,00|0,00|0,00||
|A170|1|ITEM005|SERVICO SINTETICO A 0085|1771,00|0,00|1202|01|1771,00|1,6500|29,22|01|1771,00|7,6000|134,60|0|01|CTA_SERV|5933|
|A100|1|0|PART014|00|1|AS00010044|10044|13082026|13082026|3729,00|0,00|3729,00|0,00|0,00|0,00|0,00|0,00||
|A170|1|ITEM006|SERVICO SINTETICO A 0086|1808,00|0,00|1203|02|1808,00|1,6500|29,83|02|1808,00|7,6000|137,41|0|01|CTA_SERV|6102|
|A170|2|ITEM007|SERVICO SINTETICO A 0087|1921,00|0,00|1401|04|0,00|0,0000|0,00|04|0,00|0,0000|0,00|0|01|CTA_SERV|6933|
|A100|0|1|PART015|00|1|AS00010045|10045|14082026|14082026|5874,00|0,00|5874,00|0,00|0,00|0,00|0,00|0,00||
|A170|1|ITEM008|SERVICO SINTETICO A 0088|1845,00|0,00|1701|04|0,00|0,0000|0,00|04|0,00|0,0000|0,00|0|01|CTA_SERV|1102|
|A170|2|ITEM001|SERVICO SINTETICO A 0089|1958,00|0,00|1702|06|0,00|0,0000|0,00|06|0,00|0,0000|0,00|0|01|CTA_SERV|2102|
|A170|3|ITEM002|SERVICO SINTETICO A 0090|2071,00|0,00|1801|07|0,00|0,0000|0,00|07|0,00|0,0000|0,00|0|01|CTA_SERV|5102|
|A100|0|0|PART016|00|1|AS00010046|10046|15082026|15082026|1882,00|0,00|1882,00|0,00|0,00|0,00|0,00|0,00||
|A170|1|ITEM003|SERVICO SINTETICO A 0091|1882,00|0,00|1201|06|0,00|0,0000|0,00|06|0,00|0,0000|0,00|0|01|CTA_SERV|5933|
|A100|0|1|PART017|00|1|AS00010047|10047|16082026|16082026|3951,00|0,00|3951,00|0,00|0,00|0,00|0,00|0,00||
|A170|1|ITEM004|SERVICO SINTETICO A 0092|1919,00|0,00|1202|07|0,00|0,0000|0,00|07|0,00|0,0000|0,00|0|01|CTA_SERV|6102|
|A170|2|ITEM005|SERVICO SINTETICO A 0093|2032,00|0,00|1203|08|0,00|0,0000|0,00|08|0,00|0,0000|0,00|0|01|CTA_SERV|6933|
|A100|1|0|PART018|00|1|AS00010048|10048|17082026|17082026|6207,00|0,00|6207,00|0,00|0,00|0,00|0,00|0,00||
|A170|1|ITEM006|SERVICO SINTETICO A 0094|1956,00|0,00|1401|08|0,00|0,0000|0,00|08|0,00|0,0000|0,00|0|01|CTA_SERV|1102|
|A170|2|ITEM007|SERVICO SINTETICO A 0095|2069,00|0,00|1701|49|2069,00|1,6500|34,14|49|2069,00|7,6000|157,24|0|01|CTA_SERV|2102|
|A170|3|ITEM008|SERVICO SINTETICO A 0096|2182,00|0,00|1702|50|2182,00|1,6500|36,00|50|2182,00|7,6000|165,83|0|01|CTA_SERV|5102|
|A100|0|1|PART019|00|1|AS00010049|10049|18082026|18082026|1993,00|0,00|1993,00|0,00|0,00|0,00|0,00|0,00||
|A170|1|ITEM001|SERVICO SINTETICO A 0097|1993,00|0,00|1801|49|1993,00|1,6500|32,88|49|1993,00|7,6000|151,47|0|01|CTA_SERV|5933|
|A100|0|0|PART020|00|1|AS00010050|10050|19082026|19082026|4173,00|0,00|4173,00|0,00|0,00|0,00|0,00|0,00||
|A170|1|ITEM002|SERVICO SINTETICO A 0098|2030,00|0,00|1201|50|2030,00|1,6500|33,50|50|2030,00|7,6000|154,28|0|01|CTA_SERV|6102|
|A170|2|ITEM003|SERVICO SINTETICO A 0099|2143,00|0,00|1202|51|2143,00|1,6500|35,36|51|2143,00|7,6000|162,87|0|01|CTA_SERV|6933|
|A100|0|1|PART021|00|1|AS00010051|10051|20082026|20082026|6540,00|0,00|6540,00|0,00|0,00|0,00|0,00|0,00||
|A170|1|ITEM004|SERVICO SINTETICO A 0100|2067,00|0,00|1203|51|2067,00|1,6500|34,11|51|2067,00|7,6000|157,09|0|01|CTA_SERV|1102|
|A170|2|ITEM005|SERVICO SINTETICO A 0101|2180,00|0,00|1401|70|2180,00|1,6500|35,97|70|2180,00|7,6000|165,68|0|01|CTA_SERV|2102|
|A170|3|ITEM006|SERVICO SINTETICO A 0102|2293,00|0,00|1701|73|2293,00|1,6500|37,83|73|2293,00|7,6000|174,27|0|01|CTA_SERV|5102|
|A100|1|0|PART022|00|1|AS00010052|10052|21082026|21082026|2104,00|0,00|2104,00|0,00|0,00|0,00|0,00|0,00||
|A170|1|ITEM007|SERVICO SINTETICO A 0103|2104,00|0,00|1702|70|2104,00|1,6500|34,72|70|2104,00|7,6000|159,90|0|01|CTA_SERV|5933|
|A100|0|1|PART023|00|1|AS00010053|10053|22082026|22082026|4395,00|0,00|4395,00|0,00|0,00|0,00|0,00|0,00||
|A170|1|ITEM008|SERVICO SINTETICO A 0104|2141,00|0,00|1801|73|2141,00|1,6500|35,33|73|2141,00|7,6000|162,72|0|01|CTA_SERV|6102|
|A170|2|ITEM001|SERVICO SINTETICO A 0105|2254,00|0,00|1201|01|2254,00|1,6500|37,19|01|2254,00|7,6000|171,30|0|01|CTA_SERV|6933|
|A100|0|0|PART024|00|1|AS00010054|10054|23082026|23082026|6873,00|0,00|6873,00|0,00|0,00|0,00|0,00|0,00||
|A170|1|ITEM002|SERVICO SINTETICO A 0106|2178,00|0,00|1202|01|2178,00|1,6500|35,94|01|2178,00|7,6000|165,53|0|01|CTA_SERV|1102|
|A170|2|ITEM003|SERVICO SINTETICO A 0107|2291,00|0,00|1203|02|2291,00|1,6500|37,80|02|2291,00|7,6000|174,12|0|01|CTA_SERV|2102|
|A170|3|ITEM004|SERVICO SINTETICO A 0108|2404,00|0,00|1401|04|0,00|0,0000|0,00|04|0,00|0,0000|0,00|0|01|CTA_SERV|5102|
|A100|0|1|PART025|00|1|AS00010055|10055|24082026|24082026|2215,00|0,00|2215,00|0,00|0,00|0,00|0,00|0,00||
|A170|1|ITEM005|SERVICO SINTETICO A 0109|2215,00|0,00|1701|02|2215,00|1,6500|36,55|02|2215,00|7,6000|168,34|0|01|CTA_SERV|5933|
|A100|1|0|PART026|00|1|AS00010056|10056|25082026|25082026|4617,00|0,00|4617,00|0,00|0,00|0,00|0,00|0,00||
|A170|1|ITEM006|SERVICO SINTETICO A 0110|2252,00|0,00|1702|04|0,00|0,0000|0,00|04|0,00|0,0000|0,00|0|01|CTA_SERV|6102|
|A170|2|ITEM007|SERVICO SINTETICO A 0111|2365,00|0,00|1801|06|0,00|0,0000|0,00|06|0,00|0,0000|0,00|0|01|CTA_SERV|6933|
|A100|0|1|PART027|00|1|AS00010057|10057|26082026|26082026|7206,00|0,00|7206,00|0,00|0,00|0,00|0,00|0,00||
|A170|1|ITEM008|SERVICO SINTETICO A 0112|2289,00|0,00|1201|06|0,00|0,0000|0,00|06|0,00|0,0000|0,00|0|01|CTA_SERV|1102|
|A170|2|ITEM001|SERVICO SINTETICO A 0113|2402,00|0,00|1202|07|0,00|0,0000|0,00|07|0,00|0,0000|0,00|0|01|CTA_SERV|2102|
|A170|3|ITEM002|SERVICO SINTETICO A 0114|2515,00|0,00|1203|08|0,00|0,0000|0,00|08|0,00|0,0000|0,00|0|01|CTA_SERV|5102|
|A100|0|0|PART028|00|1|AS00010058|10058|27082026|27082026|2326,00|0,00|2326,00|0,00|0,00|0,00|0,00|0,00||
|A170|1|ITEM003|SERVICO SINTETICO A 0115|2326,00|0,00|1401|07|0,00|0,0000|0,00|07|0,00|0,0000|0,00|0|01|CTA_SERV|5933|
|A100|0|1|PART029|00|1|AS00010059|10059|28082026|28082026|4839,00|0,00|4839,00|0,00|0,00|0,00|0,00|0,00||
|A170|1|ITEM004|SERVICO SINTETICO A 0116|2363,00|0,00|1701|08|0,00|0,0000|0,00|08|0,00|0,0000|0,00|0|01|CTA_SERV|6102|
|A170|2|ITEM005|SERVICO SINTETICO A 0117|2476,00|0,00|1702|49|2476,00|1,6500|40,85|49|2476,00|7,6000|188,18|0|01|CTA_SERV|6933|
|A100|1|0|PART030|00|1|AS00010060|10060|29082026|29082026|5139,00|0,00|5139,00|0,00|0,00|0,00|0,00|0,00||
|A170|1|ITEM006|SERVICO SINTETICO A 0118|2400,00|0,00|1801|49|2400,00|1,6500|39,60|49|2400,00|7,6000|182,40|0|01|CTA_SERV|1102|
|A170|2|ITEM007|SERVICO SINTETICO A 0119|2513,00|0,00|1201|50|2513,00|1,6500|41,46|50|2513,00|7,6000|190,99|0|01|CTA_SERV|2102|
|A170|3|ITEM008|SERVICO SINTETICO A 0120|226,00|0,00|1202|51|226,00|1,6500|3,73|51|226,00|7,6000|17,18|0|01|CTA_SERV|5102|
|A100|0|1|PART001|00|1|AS00010061|10061|30082026|30082026|2437,00|0,00|2437,00|0,00|0,00|0,00|0,00|0,00||
|A170|1|ITEM001|SERVICO SINTETICO A 0121|2437,00|0,00|1203|50|2437,00|1,6500|40,21|50|2437,00|7,6000|185,21|0|01|CTA_SERV|5933|
|A100|0|0|PART002|00|1|AS00010062|10062|31082026|31082026|2661,00|0,00|2661,00|0,00|0,00|0,00|0,00|0,00||
|A170|1|ITEM002|SERVICO SINTETICO A 0122|2474,00|0,00|1401|51|2474,00|1,6500|40,82|51|2474,00|7,6000|188,02|0|01|CTA_SERV|6102|
|A170|2|ITEM003|SERVICO SINTETICO A 0123|187,00|0,00|1701|70|187,00|1,6500|3,09|70|187,00|7,6000|14,21|0|01|CTA_SERV|6933|
|A100|0|1|PART003|00|1|AS00010063|10063|01082026|01082026|3072,00|0,00|3072,00|0,00|0,00|0,00|0,00|0,00||
|A170|1|ITEM004|SERVICO SINTETICO A 0124|2511,00|0,00|1702|70|2511,00|1,6500|41,43|70|2511,00|7,6000|190,84|0|01|CTA_SERV|1102|
|A170|2|ITEM005|SERVICO SINTETICO A 0125|224,00|0,00|1801|73|224,00|1,6500|3,70|73|224,00|7,6000|17,02|0|01|CTA_SERV|2102|
|A170|3|ITEM006|SERVICO SINTETICO A 0126|337,00|0,00|1201|01|337,00|1,6500|5,56|01|337,00|7,6000|25,61|0|01|CTA_SERV|5102|
|A100|1|0|PART004|00|1|AS00010064|10064|02082026|02082026|2548,00|0,00|2548,00|0,00|0,00|0,00|0,00|0,00||
|A170|1|ITEM007|SERVICO SINTETICO A 0127|2548,00|0,00|1202|73|2548,00|1,6500|42,04|73|2548,00|7,6000|193,65|0|01|CTA_SERV|5933|
|A100|0|1|PART005|00|1|AS00010065|10065|03082026|03082026|483,00|0,00|483,00|0,00|0,00|0,00|0,00|0,00||
|A170|1|ITEM008|SERVICO SINTETICO A 0128|185,00|0,00|1203|01|185,00|1,6500|3,05|01|185,00|7,6000|14,06|0|01|CTA_SERV|6102|
|A170|2|ITEM001|SERVICO SINTETICO A 0129|298,00|0,00|1401|02|298,00|1,6500|4,92|02|298,00|7,6000|22,65|0|01|CTA_SERV|6933|
|A100|0|0|PART006|00|1|AS00010066|10066|04082026|04082026|1005,00|0,00|1005,00|0,00|0,00|0,00|0,00|0,00||
|A170|1|ITEM002|SERVICO SINTETICO A 0130|222,00|0,00|1701|02|222,00|1,6500|3,66|02|222,00|7,6000|16,87|0|01|CTA_SERV|1102|
|A170|2|ITEM003|SERVICO SINTETICO A 0131|335,00|0,00|1702|04|0,00|0,0000|0,00|04|0,00|0,0000|0,00|0|01|CTA_SERV|2102|
|A170|3|ITEM004|SERVICO SINTETICO A 0132|448,00|0,00|1801|06|0,00|0,0000|0,00|06|0,00|0,0000|0,00|0|01|CTA_SERV|5102|
|A100|0|1|PART007|00|1|AS00010067|10067|05082026|05082026|259,00|0,00|259,00|0,00|0,00|0,00|0,00|0,00||
|A170|1|ITEM005|SERVICO SINTETICO A 0133|259,00|0,00|1201|04|0,00|0,0000|0,00|04|0,00|0,0000|0,00|0|01|CTA_SERV|5933|
|A100|1|0|PART008|00|1|AS00010068|10068|06082026|06082026|705,00|0,00|705,00|0,00|0,00|0,00|0,00|0,00||
|A170|1|ITEM006|SERVICO SINTETICO A 0134|296,00|0,00|1202|06|0,00|0,0000|0,00|06|0,00|0,0000|0,00|0|01|CTA_SERV|6102|
|A170|2|ITEM007|SERVICO SINTETICO A 0135|409,00|0,00|1203|07|0,00|0,0000|0,00|07|0,00|0,0000|0,00|0|01|CTA_SERV|6933|
|A100|0|1|PART009|00|1|AS00010069|10069|07082026|07082026|1338,00|0,00|1338,00|0,00|0,00|0,00|0,00|0,00||
|A170|1|ITEM008|SERVICO SINTETICO A 0136|333,00|0,00|1401|07|0,00|0,0000|0,00|07|0,00|0,0000|0,00|0|01|CTA_SERV|1102|
|A170|2|ITEM001|SERVICO SINTETICO A 0137|446,00|0,00|1701|08|0,00|0,0000|0,00|08|0,00|0,0000|0,00|0|01|CTA_SERV|2102|
|A170|3|ITEM002|SERVICO SINTETICO A 0138|559,00|0,00|1702|49|559,00|1,6500|9,22|49|559,00|7,6000|42,48|0|01|CTA_SERV|5102|
|A100|0|0|PART010|00|1|AS00010070|10070|08082026|08082026|370,00|0,00|370,00|0,00|0,00|0,00|0,00|0,00||
|A170|1|ITEM003|SERVICO SINTETICO A 0139|370,00|0,00|1801|08|0,00|0,0000|0,00|08|0,00|0,0000|0,00|0|01|CTA_SERV|5933|
|A100|0|1|PART011|00|1|AS00010071|10071|09082026|09082026|927,00|0,00|927,00|0,00|0,00|0,00|0,00|0,00||
|A170|1|ITEM004|SERVICO SINTETICO A 0140|407,00|0,00|1201|49|407,00|1,6500|6,72|49|407,00|7,6000|30,93|0|01|CTA_SERV|6102|
|A170|2|ITEM005|SERVICO SINTETICO A 0141|520,00|0,00|1202|50|520,00|1,6500|8,58|50|520,00|7,6000|39,52|0|01|CTA_SERV|6933|
|A100|1|0|PART012|00|1|AS00010072|10072|10082026|10082026|1671,00|0,00|1671,00|0,00|0,00|0,00|0,00|0,00||
|A170|1|ITEM006|SERVICO SINTETICO A 0142|444,00|0,00|1203|50|444,00|1,6500|7,33|50|444,00|7,6000|33,74|0|01|CTA_SERV|1102|
|A170|2|ITEM007|SERVICO SINTETICO A 0143|557,00|0,00|1401|51|557,00|1,6500|9,19|51|557,00|7,6000|42,33|0|01|CTA_SERV|2102|
|A170|3|ITEM008|SERVICO SINTETICO A 0144|670,00|0,00|1701|70|670,00|1,6500|11,06|70|670,00|7,6000|50,92|0|01|CTA_SERV|5102|
|A100|0|1|PART013|00|1|AS00010073|10073|11082026|11082026|481,00|0,00|481,00|0,00|0,00|0,00|0,00|0,00||
|A170|1|ITEM001|SERVICO SINTETICO A 0145|481,00|0,00|1702|51|481,00|1,6500|7,94|51|481,00|7,6000|36,56|0|01|CTA_SERV|5933|
|A100|0|0|PART014|00|1|AS00010074|10074|12082026|12082026|1149,00|0,00|1149,00|0,00|0,00|0,00|0,00|0,00||
|A170|1|ITEM002|SERVICO SINTETICO A 0146|518,00|0,00|1801|70|518,00|1,6500|8,55|70|518,00|7,6000|39,37|0|01|CTA_SERV|6102|
|A170|2|ITEM003|SERVICO SINTETICO A 0147|631,00|0,00|1201|73|631,00|1,6500|10,41|73|631,00|7,6000|47,96|0|01|CTA_SERV|6933|
|A100|0|1|PART015|00|1|AS00010075|10075|13082026|13082026|2004,00|0,00|2004,00|0,00|0,00|0,00|0,00|0,00||
|A170|1|ITEM004|SERVICO SINTETICO A 0148|555,00|0,00|1202|73|555,00|1,6500|9,16|73|555,00|7,6000|42,18|0|01|CTA_SERV|1102|
|A170|2|ITEM005|SERVICO SINTETICO A 0149|668,00|0,00|1203|01|668,00|1,6500|11,02|01|668,00|7,6000|50,77|0|01|CTA_SERV|2102|
|A170|3|ITEM006|SERVICO SINTETICO A 0150|781,00|0,00|1401|02|781,00|1,6500|12,89|02|781,00|7,6000|59,36|0|01|CTA_SERV|5102|
|A100|1|0|PART016|00|1|AS00010076|10076|14082026|14082026|592,00|0,00|592,00|0,00|0,00|0,00|0,00|0,00||
|A170|1|ITEM007|SERVICO SINTETICO A 0151|592,00|0,00|1701|01|592,00|1,6500|9,77|01|592,00|7,6000|44,99|0|01|CTA_SERV|5933|
|A100|0|1|PART017|00|1|AS00010077|10077|15082026|15082026|1371,00|0,00|1371,00|0,00|0,00|0,00|0,00|0,00||
|A170|1|ITEM008|SERVICO SINTETICO A 0152|629,00|0,00|1702|02|629,00|1,6500|10,38|02|629,00|7,6000|47,80|0|01|CTA_SERV|6102|
|A170|2|ITEM001|SERVICO SINTETICO A 0153|742,00|0,00|1801|04|0,00|0,0000|0,00|04|0,00|0,0000|0,00|0|01|CTA_SERV|6933|
|A100|0|0|PART018|00|1|AS00010078|10078|16082026|16082026|2337,00|0,00|2337,00|0,00|0,00|0,00|0,00|0,00||
|A170|1|ITEM002|SERVICO SINTETICO A 0154|666,00|0,00|1201|04|0,00|0,0000|0,00|04|0,00|0,0000|0,00|0|01|CTA_SERV|1102|
|A170|2|ITEM003|SERVICO SINTETICO A 0155|779,00|0,00|1202|06|0,00|0,0000|0,00|06|0,00|0,0000|0,00|0|01|CTA_SERV|2102|
|A170|3|ITEM004|SERVICO SINTETICO A 0156|892,00|0,00|1203|07|0,00|0,0000|0,00|07|0,00|0,0000|0,00|0|01|CTA_SERV|5102|
|A100|0|1|PART019|00|1|AS00010079|10079|17082026|17082026|703,00|0,00|703,00|0,00|0,00|0,00|0,00|0,00||
|A170|1|ITEM005|SERVICO SINTETICO A 0157|703,00|0,00|1401|06|0,00|0,0000|0,00|06|0,00|0,0000|0,00|0|01|CTA_SERV|5933|
|A100|1|0|PART020|00|1|AS00010080|10080|18082026|18082026|1593,00|0,00|1593,00|0,00|0,00|0,00|0,00|0,00||
|A170|1|ITEM006|SERVICO SINTETICO A 0158|740,00|0,00|1701|07|0,00|0,0000|0,00|07|0,00|0,0000|0,00|0|01|CTA_SERV|6102|
|A170|2|ITEM007|SERVICO SINTETICO A 0159|853,00|0,00|1702|08|0,00|0,0000|0,00|08|0,00|0,0000|0,00|0|01|CTA_SERV|6933|
|A100|0|1|PART021|00|1|AS00010081|10081|19082026|19082026|2670,00|0,00|2670,00|0,00|0,00|0,00|0,00|0,00||
|A170|1|ITEM008|SERVICO SINTETICO A 0160|777,00|0,00|1801|08|0,00|0,0000|0,00|08|0,00|0,0000|0,00|0|01|CTA_SERV|1102|
|A170|2|ITEM001|SERVICO SINTETICO A 0161|890,00|0,00|1201|49|890,00|1,6500|14,69|49|890,00|7,6000|67,64|0|01|CTA_SERV|2102|
|A170|3|ITEM002|SERVICO SINTETICO A 0162|1003,00|0,00|1202|50|1003,00|1,6500|16,55|50|1003,00|7,6000|76,23|0|01|CTA_SERV|5102|
|A100|0|0|PART022|00|1|AS00010082|10082|20082026|20082026|814,00|0,00|814,00|0,00|0,00|0,00|0,00|0,00||
|A170|1|ITEM003|SERVICO SINTETICO A 0163|814,00|0,00|1203|49|814,00|1,6500|13,43|49|814,00|7,6000|61,86|0|01|CTA_SERV|5933|
|A100|0|1|PART023|00|1|AS00010083|10083|21082026|21082026|1815,00|0,00|1815,00|0,00|0,00|0,00|0,00|0,00||
|A170|1|ITEM004|SERVICO SINTETICO A 0164|851,00|0,00|1401|50|851,00|1,6500|14,04|50|851,00|7,6000|64,68|0|01|CTA_SERV|6102|
|A170|2|ITEM005|SERVICO SINTETICO A 0165|964,00|0,00|1701|51|964,00|1,6500|15,91|51|964,00|7,6000|73,26|0|01|CTA_SERV|6933|
|A100|1|0|PART024|00|1|AS00010084|10084|22082026|22082026|3003,00|0,00|3003,00|0,00|0,00|0,00|0,00|0,00||
|A170|1|ITEM006|SERVICO SINTETICO A 0166|888,00|0,00|1702|51|888,00|1,6500|14,65|51|888,00|7,6000|67,49|0|01|CTA_SERV|1102|
|A170|2|ITEM007|SERVICO SINTETICO A 0167|1001,00|0,00|1801|70|1001,00|1,6500|16,52|70|1001,00|7,6000|76,08|0|01|CTA_SERV|2102|
|A170|3|ITEM008|SERVICO SINTETICO A 0168|1114,00|0,00|1201|73|1114,00|1,6500|18,38|73|1114,00|7,6000|84,66|0|01|CTA_SERV|5102|
|A100|0|1|PART025|00|1|AS00010085|10085|23082026|23082026|925,00|0,00|925,00|0,00|0,00|0,00|0,00|0,00||
|A170|1|ITEM001|SERVICO SINTETICO A 0169|925,00|0,00|1202|70|925,00|1,6500|15,26|70|925,00|7,6000|70,30|0|01|CTA_SERV|5933|
|A100|0|0|PART026|00|1|AS00010086|10086|24082026|24082026|2037,00|0,00|2037,00|0,00|0,00|0,00|0,00|0,00||
|A170|1|ITEM002|SERVICO SINTETICO A 0170|962,00|0,00|1203|73|962,00|1,6500|15,87|73|962,00|7,6000|73,11|0|01|CTA_SERV|6102|
|A170|2|ITEM003|SERVICO SINTETICO A 0171|1075,00|0,00|1401|01|1075,00|1,6500|17,74|01|1075,00|7,6000|81,70|0|01|CTA_SERV|6933|
|A100|0|1|PART027|00|1|AS00010087|10087|25082026|25082026|3336,00|0,00|3336,00|0,00|0,00|0,00|0,00|0,00||
|A170|1|ITEM004|SERVICO SINTETICO A 0172|999,00|0,00|1701|01|999,00|1,6500|16,48|01|999,00|7,6000|75,92|0|01|CTA_SERV|1102|
|A170|2|ITEM005|SERVICO SINTETICO A 0173|1112,00|0,00|1702|02|1112,00|1,6500|18,35|02|1112,00|7,6000|84,51|0|01|CTA_SERV|2102|
|A170|3|ITEM006|SERVICO SINTETICO A 0174|1225,00|0,00|1801|04|0,00|0,0000|0,00|04|0,00|0,0000|0,00|0|01|CTA_SERV|5102|
|A100|1|0|PART028|00|1|AS00010088|10088|26082026|26082026|1036,00|0,00|1036,00|0,00|0,00|0,00|0,00|0,00||
|A170|1|ITEM007|SERVICO SINTETICO A 0175|1036,00|0,00|1201|02|1036,00|1,6500|17,09|02|1036,00|7,6000|78,74|0|01|CTA_SERV|5933|
|A100|0|1|PART029|00|1|AS00010089|10089|27082026|27082026|2259,00|0,00|2259,00|0,00|0,00|0,00|0,00|0,00||
|A170|1|ITEM008|SERVICO SINTETICO A 0176|1073,00|0,00|1202|04|0,00|0,0000|0,00|04|0,00|0,0000|0,00|0|01|CTA_SERV|6102|
|A170|2|ITEM001|SERVICO SINTETICO A 0177|1186,00|0,00|1203|06|0,00|0,0000|0,00|06|0,00|0,0000|0,00|0|01|CTA_SERV|6933|
|A100|0|0|PART030|00|1|AS00010090|10090|28082026|28082026|3669,00|0,00|3669,00|0,00|0,00|0,00|0,00|0,00||
|A170|1|ITEM002|SERVICO SINTETICO A 0178|1110,00|0,00|1401|06|0,00|0,0000|0,00|06|0,00|0,0000|0,00|0|01|CTA_SERV|1102|
|A170|2|ITEM003|SERVICO SINTETICO A 0179|1223,00|0,00|1701|07|0,00|0,0000|0,00|07|0,00|0,0000|0,00|0|01|CTA_SERV|2102|
|A170|3|ITEM004|SERVICO SINTETICO A 0180|1336,00|0,00|1702|08|0,00|0,0000|0,00|08|0,00|0,0000|0,00|0|01|CTA_SERV|5102|
|A100|0|1|PART001|00|1|AS00010091|10091|29082026|29082026|1147,00|0,00|1147,00|0,00|0,00|0,00|0,00|0,00||
|A170|1|ITEM005|SERVICO SINTETICO A 0181|1147,00|0,00|1801|07|0,00|0,0000|0,00|07|0,00|0,0000|0,00|0|01|CTA_SERV|5933|
|A100|1|0|PART002|00|1|AS00010092|10092|30082026|30082026|2481,00|0,00|2481,00|0,00|0,00|0,00|0,00|0,00||
|A170|1|ITEM006|SERVICO SINTETICO A 0182|1184,00|0,00|1201|08|0,00|0,0000|0,00|08|0,00|0,0000|0,00|0|01|CTA_SERV|6102|
|A170|2|ITEM007|SERVICO SINTETICO A 0183|1297,00|0,00|1202|49|1297,00|1,6500|21,40|49|1297,00|7,6000|98,57|0|01|CTA_SERV|6933|
|A100|0|1|PART003|00|1|AS00010093|10093|31082026|31082026|4002,00|0,00|4002,00|0,00|0,00|0,00|0,00|0,00||
|A170|1|ITEM008|SERVICO SINTETICO A 0184|1221,00|0,00|1203|49|1221,00|1,6500|20,15|49|1221,00|7,6000|92,80|0|01|CTA_SERV|1102|
|A170|2|ITEM001|SERVICO SINTETICO A 0185|1334,00|0,00|1401|50|1334,00|1,6500|22,01|50|1334,00|7,6000|101,38|0|01|CTA_SERV|2102|
|A170|3|ITEM002|SERVICO SINTETICO A 0186|1447,00|0,00|1701|51|1447,00|1,6500|23,88|51|1447,00|7,6000|109,97|0|01|CTA_SERV|5102|
|A100|0|0|PART004|00|1|AS00010094|10094|01082026|01082026|1258,00|0,00|1258,00|0,00|0,00|0,00|0,00|0,00||
|A170|1|ITEM003|SERVICO SINTETICO A 0187|1258,00|0,00|1702|50|1258,00|1,6500|20,76|50|1258,00|7,6000|95,61|0|01|CTA_SERV|5933|
|A100|0|1|PART005|00|1|AS00010095|10095|02082026|02082026|2703,00|0,00|2703,00|0,00|0,00|0,00|0,00|0,00||
|A170|1|ITEM004|SERVICO SINTETICO A 0188|1295,00|0,00|1801|51|1295,00|1,6500|21,37|51|1295,00|7,6000|98,42|0|01|CTA_SERV|6102|
|A170|2|ITEM005|SERVICO SINTETICO A 0189|1408,00|0,00|1201|70|1408,00|1,6500|23,23|70|1408,00|7,6000|107,01|0|01|CTA_SERV|6933|
|A100|1|0|PART006|00|1|AS00010096|10096|03082026|03082026|4335,00|0,00|4335,00|0,00|0,00|0,00|0,00|0,00||
|A170|1|ITEM006|SERVICO SINTETICO A 0190|1332,00|0,00|1202|70|1332,00|1,6500|21,98|70|1332,00|7,6000|101,23|0|01|CTA_SERV|1102|
|A170|2|ITEM007|SERVICO SINTETICO A 0191|1445,00|0,00|1203|73|1445,00|1,6500|23,84|73|1445,00|7,6000|109,82|0|01|CTA_SERV|2102|
|A170|3|ITEM008|SERVICO SINTETICO A 0192|1558,00|0,00|1401|01|1558,00|1,6500|25,71|01|1558,00|7,6000|118,41|0|01|CTA_SERV|5102|
|A100|0|1|PART007|00|1|AS00010097|10097|04082026|04082026|1369,00|0,00|1369,00|0,00|0,00|0,00|0,00|0,00||
|A170|1|ITEM001|SERVICO SINTETICO A 0193|1369,00|0,00|1701|73|1369,00|1,6500|22,59|73|1369,00|7,6000|104,04|0|01|CTA_SERV|5933|
|A100|0|0|PART008|00|1|AS00010098|10098|05082026|05082026|2925,00|0,00|2925,00|0,00|0,00|0,00|0,00|0,00||
|A170|1|ITEM002|SERVICO SINTETICO A 0194|1406,00|0,00|1702|01|1406,00|1,6500|23,20|01|1406,00|7,6000|106,86|0|01|CTA_SERV|6102|
|A170|2|ITEM003|SERVICO SINTETICO A 0195|1519,00|0,00|1801|02|1519,00|1,6500|25,06|02|1519,00|7,6000|115,44|0|01|CTA_SERV|6933|
|A100|0|1|PART009|00|1|AS00010099|10099|06082026|06082026|4668,00|0,00|4668,00|0,00|0,00|0,00|0,00|0,00||
|A170|1|ITEM004|SERVICO SINTETICO A 0196|1443,00|0,00|1201|02|1443,00|1,6500|23,81|02|1443,00|7,6000|109,67|0|01|CTA_SERV|1102|
|A170|2|ITEM005|SERVICO SINTETICO A 0197|1556,00|0,00|1202|04|0,00|0,0000|0,00|04|0,00|0,0000|0,00|0|01|CTA_SERV|2102|
|A170|3|ITEM006|SERVICO SINTETICO A 0198|1669,00|0,00|1203|06|0,00|0,0000|0,00|06|0,00|0,0000|0,00|0|01|CTA_SERV|5102|
|A100|1|0|PART010|00|1|AS00010100|10100|07082026|07082026|3073,00|0,00|3073,00|0,00|0,00|0,00|0,00|0,00||
|A170|1|ITEM007|SERVICO SINTETICO A 0199|1480,00|0,00|1401|04|0,00|0,0000|0,00|04|0,00|0,0000|0,00|0|01|CTA_SERV|5933|
|A170|2|ITEM008|SERVICO SINTETICO A 0200|1593,00|0,00|1701|06|0,00|0,0000|0,00|06|0,00|0,0000|0,00|0|01|CTA_SERV|6102|
|A990|302|
|C001|0|
|C100|1|1|PART009|55|00|1|20001|35260899000000090001553010000200011700200018|04082026|04082026|181,50|0|0,00|0,00|181,50|9|0,00|0,00|0,00|0,00|0,00|0,00|0,00|0,00||||
|C170|1|ITEM009|MERCADORIA SINTETICA C 0001|2,000|UN|181,50|0,00|0|06|5102||0,00|0,0000|0,00|06|0,00|0,0000|0,00|CTA_MERC|||||
|C100|1|0|PART010|55|00|1|20002|35260899000000100001553020000200021700200025|07082026|07082026|702,00|0|0,00|0,00|702,00|9|0,00|0,00|0,00|0,00|0,00|0,00|0,00|0,00||||
|C170|1|ITEM010|MERCADORIA SINTETICA C 0002|3,000|UN|272,50|0,00|0|08|5405||0,00|0,0000|0,00|08|0,00|0,0000|0,00|CTA_MERC|||||
|C170|2|ITEM011|MERCADORIA SINTETICA C 0003|4,000|UN|429,50|0,00|0|49|6101||429,50|1,6500|7,09|49|429,50|7,6000|32,64|CTA_MERC|||||
|C100|1|1|PART011|55|00|1|20003|35260899000000110001553030000200031700200032|10082026|10082026|1561,50|0|0,00|0,00|1561,50|9|0,00|0,00|0,00|0,00|0,00|0,00|0,00|0,00||||
|C170|1|ITEM012|MERCADORIA SINTETICA C 0004|5,000|UN|363,50|0,00|0|50|6102||363,50|1,6500|6,00|50|363,50|7,6000|27,63|CTA_MERC|||||
|C170|2|ITEM013|MERCADORIA SINTETICA C 0005|6,000|UN|520,50|0,00|0|51|6404||520,50|1,6500|8,59|51|520,50|7,6000|39,56|CTA_MERC|||||
|C170|3|ITEM014|MERCADORIA SINTETICA C 0006|7,000|UN|677,50|0,00|0|60|5101||0,00|0,0000|0,00|60|0,00|0,0000|0,00|CTA_MERC|||||
|C100|1|0|PART012|55|00|1|20004|35260899000000120001553040000200041700200040|13082026|13082026|454,50|0|0,00|0,00|454,50|9|0,00|0,00|0,00|0,00|0,00|0,00|0,00|0,00||||
|C170|1|ITEM015|MERCADORIA SINTETICA C 0007|8,000|UN|454,50|0,00|0|60|5102||0,00|0,0000|0,00|60|0,00|0,0000|0,00|CTA_MERC|||||
|C100|0|1|PART013|55|00|1|20005|35260899000000130001553050000200051700200057|16082026|16082026|1248,00|0|0,00|0,00|1248,00|9|0,00|0,00|0,00|0,00|0,00|0,00|0,00|0,00||||
|C170|1|ITEM016|MERCADORIA SINTETICA C 0008|1,000|UN|545,50|0,00|0|73|1403||545,50|1,6500|9,00|73|545,50|7,6000|41,46|CTA_MERC|||||
|C170|2|ITEM017|MERCADORIA SINTETICA C 0009|2,000|UN|702,50|0,00|0|98|2101||702,50|1,6500|11,59|98|702,50|7,6000|53,39|CTA_MERC|||||
|C100|1|0|PART014|55|00|1|20006|35260899000000140001553060000200061700200064|19082026|19082026|2380,50|0|0,00|0,00|2380,50|9|0,00|0,00|0,00|0,00|0,00|0,00|0,00|0,00||||
|C170|1|ITEM018|MERCADORIA SINTETICA C 0010|3,000|UN|636,50|0,00|0|01|6102||636,50|1,6500|10,50|01|636,50|7,6000|48,37|CTA_MERC|||||
|C170|2|ITEM019|MERCADORIA SINTETICA C 0011|4,000|UN|793,50|0,00|0|02|6404||793,50|1,6500|13,09|02|793,50|7,6000|60,31|CTA_MERC|||||
|C170|3|ITEM020|MERCADORIA SINTETICA C 0012|5,000|UN|950,50|0,00|0|04|5101||0,00|0,0000|0,00|04|0,00|0,0000|0,00|CTA_MERC|||||
|C100|1|1|PART015|55|00|1|20007|35260899000000150001553070000200071700200071|22082026|22082026|727,50|0|0,00|0,00|727,50|9|0,00|0,00|0,00|0,00|0,00|0,00|0,00|0,00||||
|C170|1|ITEM001|MERCADORIA SINTETICA C 0013|6,000|UN|727,50|0,00|0|04|5102||0,00|0,0000|0,00|04|0,00|0,0000|0,00|CTA_MERC|||||
|C100|1|0|PART016|55|00|1|20008|35260899000000160001553080000200081700200089|25082026|25082026|1794,00|0|0,00|0,00|1794,00|9|0,00|0,00|0,00|0,00|0,00|0,00|0,00|0,00||||
|C170|1|ITEM002|MERCADORIA SINTETICA C 0014|7,000|UN|818,50|0,00|0|07|5405||0,00|0,0000|0,00|07|0,00|0,0000|0,00|CTA_MERC|||||
|C170|2|ITEM003|MERCADORIA SINTETICA C 0015|8,000|UN|975,50|0,00|0|08|6101||0,00|0,0000|0,00|08|0,00|0,0000|0,00|CTA_MERC|||||
|C100|1|1|PART017|55|00|1|20009|35260899000000170001553090000200091700200096|28082026|28082026|3199,50|0|0,00|0,00|3199,50|9|0,00|0,00|0,00|0,00|0,00|0,00|0,00|0,00||||
|C170|1|ITEM004|MERCADORIA SINTETICA C 0016|1,000|UN|909,50|0,00|0|49|6102||909,50|1,6500|15,01|49|909,50|7,6000|69,12|CTA_MERC|||||
|C170|2|ITEM005|MERCADORIA SINTETICA C 0017|2,000|UN|1066,50|0,00|0|50|6404||1066,50|1,6500|17,60|50|1066,50|7,6000|81,05|CTA_MERC|||||
|C170|3|ITEM006|MERCADORIA SINTETICA C 0018|3,000|UN|1223,50|0,00|0|51|5101||1223,50|1,6500|20,19|51|1223,50|7,6000|92,99|CTA_MERC|||||
|C100|0|0|PART018|55|00|1|20010|35260899000000180001553100000200101700200104|31082026|31082026|1000,50|0|0,00|0,00|1000,50|9|0,00|0,00|0,00|0,00|0,00|0,00|0,00|0,00||||
|C170|1|ITEM007|MERCADORIA SINTETICA C 0019|4,000|UN|1000,50|0,00|0|51|1102||1000,50|1,6500|16,51|51|1000,50|7,6000|76,04|CTA_MERC|||||
|C100|1|1|PART019|55|00|1|20011|35260899000000190001553110000200111700200111|03082026|03082026|2340,00|0|0,00|0,00|2340,00|9|0,00|0,00|0,00|0,00|0,00|0,00|0,00|0,00||||
|C170|1|ITEM008|MERCADORIA SINTETICA C 0020|5,000|UN|1091,50|0,00|0|70|5405||1091,50|1,6500|18,01|70|1091,50|7,6000|82,95|CTA_MERC|||||
|C170|2|ITEM009|MERCADORIA SINTETICA C 0021|6,000|UN|1248,50|0,00|0|73|6101||1248,50|1,6500|20,60|73|1248,50|7,6000|94,89|CTA_MERC|||||
|C100|1|0|PART020|55|00|1|20012|35260899000000200001553120000200121700200129|06082026|06082026|4018,50|0|0,00|0,00|4018,50|9|0,00|0,00|0,00|0,00|0,00|0,00|0,00|0,00||||
|C170|1|ITEM010|MERCADORIA SINTETICA C 0022|7,000|UN|1182,50|0,00|0|98|6102||1182,50|1,6500|19,51|98|1182,50|7,6000|89,87|CTA_MERC|||||
|C170|2|ITEM011|MERCADORIA SINTETICA C 0023|8,000|UN|1339,50|0,00|0|01|6404||1339,50|1,6500|22,10|01|1339,50|7,6000|101,80|CTA_MERC|||||
|C170|3|ITEM012|MERCADORIA SINTETICA C 0024|1,000|UN|1496,50|0,00|0|02|5101||1496,50|1,6500|24,69|02|1496,50|7,6000|113,73|CTA_MERC|||||
|C100|1|1|PART021|55|00|1|20013|35260899000000210001553130000200131700200136|09082026|09082026|1273,50|0|0,00|0,00|1273,50|9|0,00|0,00|0,00|0,00|0,00|0,00|0,00|0,00||||
|C170|1|ITEM013|MERCADORIA SINTETICA C 0025|2,000|UN|1273,50|0,00|0|02|5102||1273,50|1,6500|21,01|02|1273,50|7,6000|96,79|CTA_MERC|||||
|C100|1|0|PART022|55|00|1|20014|35260899000000220001553140000200141700200143|12082026|12082026|2886,00|0|0,00|0,00|2886,00|9|0,00|0,00|0,00|0,00|0,00|0,00|0,00|0,00||||
|C170|1|ITEM014|MERCADORIA SINTETICA C 0026|3,000|UN|1364,50|0,00|0|06|5405||0,00|0,0000|0,00|06|0,00|0,0000|0,00|CTA_MERC|||||
|C170|2|ITEM015|MERCADORIA SINTETICA C 0027|4,000|UN|1521,50|0,00|0|07|6101||0,00|0,0000|0,00|07|0,00|0,0000|0,00|CTA_MERC|||||
|C100|0|1|PART023|55|00|1|20015|35260899000000230001553150000200151700200150|15082026|15082026|4837,50|0|0,00|0,00|4837,50|9|0,00|0,00|0,00|0,00|0,00|0,00|0,00|0,00||||
|C170|1|ITEM016|MERCADORIA SINTETICA C 0028|5,000|UN|1455,50|0,00|0|08|2102||0,00|0,0000|0,00|08|0,00|0,0000|0,00|CTA_MERC|||||
|C170|2|ITEM017|MERCADORIA SINTETICA C 0029|6,000|UN|1612,50|0,00|0|49|2403||1612,50|1,6500|26,61|49|1612,50|7,6000|122,55|CTA_MERC|||||
|C170|3|ITEM018|MERCADORIA SINTETICA C 0030|7,000|UN|1769,50|0,00|0|50|1101||1769,50|1,6500|29,20|50|1769,50|7,6000|134,48|CTA_MERC|||||
|C100|1|0|PART024|55|00|1|20016|35260899000000240001553160000200161700200168|18082026|18082026|1546,50|0|0,00|0,00|1546,50|9|0,00|0,00|0,00|0,00|0,00|0,00|0,00|0,00||||
|C170|1|ITEM019|MERCADORIA SINTETICA C 0031|8,000|UN|1546,50|0,00|0|50|5102||1546,50|1,6500|25,52|50|1546,50|7,6000|117,53|CTA_MERC|||||
|C100|1|1|PART025|55|00|1|20017|35260899000000250001553170000200171700200175|21082026|21082026|3432,00|0|0,00|0,00|3432,00|9|0,00|0,00|0,00|0,00|0,00|0,00|0,00|0,00||||
|C170|1|ITEM020|MERCADORIA SINTETICA C 0032|1,000|UN|1637,50|0,00|0|60|5405||0,00|0,0000|0,00|60|0,00|0,0000|0,00|CTA_MERC|||||
|C170|2|ITEM001|MERCADORIA SINTETICA C 0033|2,000|UN|1794,50|0,00|0|70|6101||1794,50|1,6500|29,61|70|1794,50|7,6000|136,38|CTA_MERC|||||
|C100|1|0|PART026|55|00|1|20018|35260899000000260001553180000200181700200182|24082026|24082026|5656,50|0|0,00|0,00|5656,50|9|0,00|0,00|0,00|0,00|0,00|0,00|0,00|0,00||||
|C170|1|ITEM002|MERCADORIA SINTETICA C 0034|3,000|UN|1728,50|0,00|0|73|6102||1728,50|1,6500|28,52|73|1728,50|7,6000|131,37|CTA_MERC|||||
|C170|2|ITEM003|MERCADORIA SINTETICA C 0035|4,000|UN|1885,50|0,00|0|98|6404||1885,50|1,6500|31,11|98|1885,50|7,6000|143,30|CTA_MERC|||||
|C170|3|ITEM004|MERCADORIA SINTETICA C 0036|5,000|UN|2042,50|0,00|0|01|5101||2042,50|1,6500|33,70|01|2042,50|7,6000|155,23|CTA_MERC|||||
|C100|1|1|PART027|55|00|1|20019|35260899000000270001553190000200191700200190|27082026|27082026|1819,50|0|0,00|0,00|1819,50|9|0,00|0,00|0,00|0,00|0,00|0,00|0,00|0,00||||
|C170|1|ITEM005|MERCADORIA SINTETICA C 0037|6,000|UN|1819,50|0,00|0|01|5102||1819,50|1,6500|30,02|01|1819,50|7,6000|138,28|CTA_MERC|||||
|C100|0|0|PART028|55|00|1|20020|35260899000000280001553200000200201700200208|30082026|30082026|3978,00|0|0,00|0,00|3978,00|9|0,00|0,00|0,00|0,00|0,00|0,00|0,00|0,00||||
|C170|1|ITEM006|MERCADORIA SINTETICA C 0038|7,000|UN|1910,50|0,00|0|04|1403||0,00|0,0000|0,00|04|0,00|0,0000|0,00|CTA_MERC|||||
|C170|2|ITEM007|MERCADORIA SINTETICA C 0039|8,000|UN|2067,50|0,00|0|06|2101||0,00|0,0000|0,00|06|0,00|0,0000|0,00|CTA_MERC|||||
|C100|1|1|PART029|55|00|1|20021|35260899000000290001553210000200211700200215|02082026|02082026|6475,50|0|0,00|0,00|6475,50|9|0,00|0,00|0,00|0,00|0,00|0,00|0,00|0,00||||
|C170|1|ITEM008|MERCADORIA SINTETICA C 0040|1,000|UN|2001,50|0,00|0|07|6102||0,00|0,0000|0,00|07|0,00|0,0000|0,00|CTA_MERC|||||
|C170|2|ITEM009|MERCADORIA SINTETICA C 0041|2,000|UN|2158,50|0,00|0|08|6404||0,00|0,0000|0,00|08|0,00|0,0000|0,00|CTA_MERC|||||
|C170|3|ITEM010|MERCADORIA SINTETICA C 0042|3,000|UN|2315,50|0,00|0|49|5101||2315,50|1,6500|38,21|49|2315,50|7,6000|175,98|CTA_MERC|||||
|C100|1|0|PART030|55|00|1|20022|35260899000000300001553220000200221700200222|05082026|05082026|2092,50|0|0,00|0,00|2092,50|9|0,00|0,00|0,00|0,00|0,00|0,00|0,00|0,00||||
|C170|1|ITEM011|MERCADORIA SINTETICA C 0043|4,000|UN|2092,50|0,00|0|49|5102||2092,50|1,6500|34,53|49|2092,50|7,6000|159,03|CTA_MERC|||||
|C100|1|1|PART001|55|00|1|20023|35260899000000010001553230000200231700200236|08082026|08082026|4524,00|0|0,00|0,00|4524,00|9|0,00|0,00|0,00|0,00|0,00|0,00|0,00|0,00||||
|C170|1|ITEM012|MERCADORIA SINTETICA C 0044|5,000|UN|2183,50|0,00|0|51|5405||2183,50|1,6500|36,03|51|2183,50|7,6000|165,95|CTA_MERC|||||
|C170|2|ITEM013|MERCADORIA SINTETICA C 0045|6,000|UN|2340,50|0,00|0|60|6101||0,00|0,0000|0,00|60|0,00|0,0000|0,00|CTA_MERC|||||
|C100|1|0|PART002|55|00|1|20024|35260899000000020001553240000200241700200243|11082026|11082026|7294,50|0|0,00|0,00|7294,50|9|0,00|0,00|0,00|0,00|0,00|0,00|0,00|0,00||||
|C170|1|ITEM014|MERCADORIA SINTETICA C 0046|7,000|UN|2274,50|0,00|0|70|6102||2274,50|1,6500|37,53|70|2274,50|7,6000|172,86|CTA_MERC|||||
|C170|2|ITEM015|MERCADORIA SINTETICA C 0047|8,000|UN|2431,50|0,00|0|73|6404||2431,50|1,6500|40,12|73|2431,50|7,6000|184,79|CTA_MERC|||||
|C170|3|ITEM016|MERCADORIA SINTETICA C 0048|1,000|UN|2588,50|0,00|0|98|5101||2588,50|1,6500|42,71|98|2588,50|7,6000|196,73|CTA_MERC|||||
|C100|0|1|PART003|55|00|1|20025|35260899000000030001553250000200251700200250|14082026|14082026|2365,50|0|0,00|0,00|2365,50|9|0,00|0,00|0,00|0,00|0,00|0,00|0,00|0,00||||
|C170|1|ITEM017|MERCADORIA SINTETICA C 0049|2,000|UN|2365,50|0,00|0|98|1102||2365,50|1,6500|39,03|98|2365,50|7,6000|179,78|CTA_MERC|||||
|C100|1|0|PART004|55|00|1|20026|35260899000000040001553260000200261700200268|17082026|17082026|5070,00|0|0,00|0,00|5070,00|9|0,00|0,00|0,00|0,00|0,00|0,00|0,00|0,00||||
|C170|1|ITEM018|MERCADORIA SINTETICA C 0050|3,000|UN|2456,50|0,00|0|02|5405||2456,50|1,6500|40,53|02|2456,50|7,6000|186,69|CTA_MERC|||||
|C170|2|ITEM019|MERCADORIA SINTETICA C 0051|4,000|UN|2613,50|0,00|0|04|6101||0,00|0,0000|0,00|04|0,00|0,0000|0,00|CTA_MERC|||||
|C100|1|1|PART005|55|00|1|20027|35260899000000050001553270000200271700200275|20082026|20082026|8113,50|0|0,00|0,00|8113,50|9|0,00|0,00|0,00|0,00|0,00|0,00|0,00|0,00||||
|C170|1|ITEM020|MERCADORIA SINTETICA C 0052|5,000|UN|2547,50|0,00|0|06|6102||0,00|0,0000|0,00|06|0,00|0,0000|0,00|CTA_MERC|||||
|C170|2|ITEM001|MERCADORIA SINTETICA C 0053|6,000|UN|2704,50|0,00|0|07|6404||0,00|0,0000|0,00|07|0,00|0,0000|0,00|CTA_MERC|||||
|C170|3|ITEM002|MERCADORIA SINTETICA C 0054|7,000|UN|2861,50|0,00|0|08|5101||0,00|0,0000|0,00|08|0,00|0,0000|0,00|CTA_MERC|||||
|C100|1|0|PART006|55|00|1|20028|35260899000000060001553280000200281700200282|23082026|23082026|2638,50|0|0,00|0,00|2638,50|9|0,00|0,00|0,00|0,00|0,00|0,00|0,00|0,00||||
|C170|1|ITEM003|MERCADORIA SINTETICA C 0055|8,000|UN|2638,50|0,00|0|08|5102||0,00|0,0000|0,00|08|0,00|0,0000|0,00|CTA_MERC|||||
|C100|1|1|PART007|55|00|1|20029|35260899000000070001553290000200291700200290|26082026|26082026|5616,00|0|0,00|0,00|5616,00|9|0,00|0,00|0,00|0,00|0,00|0,00|0,00|0,00||||
|C170|1|ITEM004|MERCADORIA SINTETICA C 0056|1,000|UN|2729,50|0,00|0|50|5405||2729,50|1,6500|45,04|50|2729,50|7,6000|207,44|CTA_MERC|||||
|C170|2|ITEM005|MERCADORIA SINTETICA C 0057|2,000|UN|2886,50|0,00|0|51|6101||2886,50|1,6500|47,63|51|2886,50|7,6000|219,37|CTA_MERC|||||
|C100|0|0|PART008|55|00|1|20030|35260899000000080001553300000200301700200308|29082026|29082026|8932,50|0|0,00|0,00|8932,50|9|0,00|0,00|0,00|0,00|0,00|0,00|0,00|0,00||||
|C170|1|ITEM006|MERCADORIA SINTETICA C 0058|3,000|UN|2820,50|0,00|0|60|2102||0,00|0,0000|0,00|60|0,00|0,0000|0,00|CTA_MERC|||||
|C170|2|ITEM007|MERCADORIA SINTETICA C 0059|4,000|UN|2977,50|0,00|0|70|2403||2977,50|1,6500|49,13|70|2977,50|7,6000|226,29|CTA_MERC|||||
|C170|3|ITEM008|MERCADORIA SINTETICA C 0060|5,000|UN|3134,50|0,00|0|73|1101||3134,50|1,6500|51,72|73|3134,50|7,6000|238,22|CTA_MERC|||||
|C100|1|1|PART009|55|00|1|20031|35260899000000090001553310000200311700200315|01082026|01082026|2911,50|0|0,00|0,00|2911,50|9|0,00|0,00|0,00|0,00|0,00|0,00|0,00|0,00||||
|C170|1|ITEM009|MERCADORIA SINTETICA C 0061|6,000|UN|2911,50|0,00|0|73|5102||2911,50|1,6500|48,04|73|2911,50|7,6000|221,27|CTA_MERC|||||
|C100|1|0|PART010|55|00|1|20032|35260899000000100001553320000200321700200322|04082026|04082026|6162,00|0|0,00|0,00|6162,00|9|0,00|0,00|0,00|0,00|0,00|0,00|0,00|0,00||||
|C170|1|ITEM010|MERCADORIA SINTETICA C 0062|7,000|UN|3002,50|0,00|0|01|5405||3002,50|1,6500|49,54|01|3002,50|7,6000|228,19|CTA_MERC|||||
|C170|2|ITEM011|MERCADORIA SINTETICA C 0063|8,000|UN|3159,50|0,00|0|02|6101||3159,50|1,6500|52,13|02|3159,50|7,6000|240,12|CTA_MERC|||||
|C100|1|1|PART011|55|00|1|20033|35260899000000110001553330000200331700200330|07082026|07082026|9751,50|0|0,00|0,00|9751,50|9|0,00|0,00|0,00|0,00|0,00|0,00|0,00|0,00||||
|C170|1|ITEM012|MERCADORIA SINTETICA C 0064|1,000|UN|3093,50|0,00|0|04|6102||0,00|0,0000|0,00|04|0,00|0,0000|0,00|CTA_MERC|||||
|C170|2|ITEM013|MERCADORIA SINTETICA C 0065|2,000|UN|3250,50|0,00|0|06|6404||0,00|0,0000|0,00|06|0,00|0,0000|0,00|CTA_MERC|||||
|C170|3|ITEM014|MERCADORIA SINTETICA C 0066|3,000|UN|3407,50|0,00|0|07|5101||0,00|0,0000|0,00|07|0,00|0,0000|0,00|CTA_MERC|||||
|C100|1|0|PART012|55|00|1|20034|35260899000000120001553340000200341700200347|10082026|10082026|3184,50|0|0,00|0,00|3184,50|9|0,00|0,00|0,00|0,00|0,00|0,00|0,00|0,00||||
|C170|1|ITEM015|MERCADORIA SINTETICA C 0067|4,000|UN|3184,50|0,00|0|07|5102||0,00|0,0000|0,00|07|0,00|0,0000|0,00|CTA_MERC|||||
|C100|0|1|PART013|55|00|1|20035|35260899000000130001553350000200351700200354|13082026|13082026|6708,00|0|0,00|0,00|6708,00|9|0,00|0,00|0,00|0,00|0,00|0,00|0,00|0,00||||
|C170|1|ITEM016|MERCADORIA SINTETICA C 0068|5,000|UN|3275,50|0,00|0|49|1403||3275,50|1,6500|54,05|49|3275,50|7,6000|248,94|CTA_MERC|||||
|C170|2|ITEM017|MERCADORIA SINTETICA C 0069|6,000|UN|3432,50|0,00|0|50|2101||3432,50|1,6500|56,64|50|3432,50|7,6000|260,87|CTA_MERC|||||
|C100|1|0|PART014|55|00|1|20036|35260899000000140001553360000200361700200361|16082026|16082026|10570,50|0|0,00|0,00|10570,50|9|0,00|0,00|0,00|0,00|0,00|0,00|0,00|0,00||||
|C170|1|ITEM018|MERCADORIA SINTETICA C 0070|7,000|UN|3366,50|0,00|0|51|6102||3366,50|1,6500|55,55|51|3366,50|7,6000|255,85|CTA_MERC|||||
|C170|2|ITEM019|MERCADORIA SINTETICA C 0071|8,000|UN|3523,50|0,00|0|60|6404||0,00|0,0000|0,00|60|0,00|0,0000|0,00|CTA_MERC|||||
|C170|3|ITEM020|MERCADORIA SINTETICA C 0072|1,000|UN|3680,50|0,00|0|70|5101||3680,50|1,6500|60,73|70|3680,50|7,6000|279,72|CTA_MERC|||||
|C100|1|1|PART015|55|00|1|20037|35260899000000150001553370000200371700200379|19082026|19082026|3457,50|0|0,00|0,00|3457,50|9|0,00|0,00|0,00|0,00|0,00|0,00|0,00|0,00||||
|C170|1|ITEM001|MERCADORIA SINTETICA C 0073|2,000|UN|3457,50|0,00|0|70|5102||3457,50|1,6500|57,05|70|3457,50|7,6000|262,77|CTA_MERC|||||
|C100|1|0|PART016|55|00|1|20038|35260899000000160001553380000200381700200386|22082026|22082026|7254,00|0|0,00|0,00|7254,00|9|0,00|0,00|0,00|0,00|0,00|0,00|0,00|0,00||||
|C170|1|ITEM002|MERCADORIA SINTETICA C 0074|3,000|UN|3548,50|0,00|0|98|5405||3548,50|1,6500|58,55|98|3548,50|7,6000|269,69|CTA_MERC|||||
|C170|2|ITEM003|MERCADORIA SINTETICA C 0075|4,000|UN|3705,50|0,00|0|01|6101||3705,50|1,6500|61,14|01|3705,50|7,6000|281,62|CTA_MERC|||||
|C100|1|1|PART017|55|00|1|20039|35260899000000170001553390000200391700200393|25082026|25082026|11389,50|0|0,00|0,00|11389,50|9|0,00|0,00|0,00|0,00|0,00|0,00|0,00|0,00||||
|C170|1|ITEM004|MERCADORIA SINTETICA C 0076|5,000|UN|3639,50|0,00|0|02|6102||3639,50|1,6500|60,05|02|3639,50|7,6000|276,60|CTA_MERC|||||
|C170|2|ITEM005|MERCADORIA SINTETICA C 0077|6,000|UN|3796,50|0,00|0|04|6404||0,00|0,0000|0,00|04|0,00|0,0000|0,00|CTA_MERC|||||
|C170|3|ITEM006|MERCADORIA SINTETICA C 0078|7,000|UN|3953,50|0,00|0|06|5101||0,00|0,0000|0,00|06|0,00|0,0000|0,00|CTA_MERC|||||
|C100|0|0|PART018|55|00|1|20040|35260899000000180001553400000200401700200401|28082026|28082026|3730,50|0|0,00|0,00|3730,50|9|0,00|0,00|0,00|0,00|0,00|0,00|0,00|0,00||||
|C170|1|ITEM007|MERCADORIA SINTETICA C 0079|8,000|UN|3730,50|0,00|0|06|1102||0,00|0,0000|0,00|06|0,00|0,0000|0,00|CTA_MERC|||||
|C100|1|1|PART019|55|00|1|20041|35260899000000190001553410000200411700200419|31082026|31082026|7800,00|0|0,00|0,00|7800,00|9|0,00|0,00|0,00|0,00|0,00|0,00|0,00|0,00||||
|C170|1|ITEM008|MERCADORIA SINTETICA C 0080|1,000|UN|3821,50|0,00|0|08|5405||0,00|0,0000|0,00|08|0,00|0,0000|0,00|CTA_MERC|||||
|C170|2|ITEM009|MERCADORIA SINTETICA C 0081|2,000|UN|3978,50|0,00|0|49|6101||3978,50|1,6500|65,65|49|3978,50|7,6000|302,37|CTA_MERC|||||
|C100|1|0|PART020|55|00|1|20042|35260899000000200001553420000200421700200426|03082026|03082026|12208,50|0|0,00|0,00|12208,50|9|0,00|0,00|0,00|0,00|0,00|0,00|0,00|0,00||||
|C170|1|ITEM010|MERCADORIA SINTETICA C 0082|3,000|UN|3912,50|0,00|0|50|6102||3912,50|1,6500|64,56|50|3912,50|7,6000|297,35|CTA_MERC|||||
|C170|2|ITEM011|MERCADORIA SINTETICA C 0083|4,000|UN|4069,50|0,00|0|51|6404||4069,50|1,6500|67,15|51|4069,50|7,6000|309,28|CTA_MERC|||||
|C170|3|ITEM012|MERCADORIA SINTETICA C 0084|5,000|UN|4226,50|0,00|0|60|5101||0,00|0,0000|0,00|60|0,00|0,0000|0,00|CTA_MERC|||||
|C100|1|1|PART021|55|00|1|20043|35260899000000210001553430000200431700200433|06082026|06082026|4003,50|0|0,00|0,00|4003,50|9|0,00|0,00|0,00|0,00|0,00|0,00|0,00|0,00||||
|C170|1|ITEM013|MERCADORIA SINTETICA C 0085|6,000|UN|4003,50|0,00|0|60|5102||0,00|0,0000|0,00|60|0,00|0,0000|0,00|CTA_MERC|||||
|C100|1|0|PART022|55|00|1|20044|35260899000000220001553440000200441700200440|09082026|09082026|8346,00|0|0,00|0,00|8346,00|9|0,00|0,00|0,00|0,00|0,00|0,00|0,00|0,00||||
|C170|1|ITEM014|MERCADORIA SINTETICA C 0086|7,000|UN|4094,50|0,00|0|73|5405||4094,50|1,6500|67,56|73|4094,50|7,6000|311,18|CTA_MERC|||||
|C170|2|ITEM015|MERCADORIA SINTETICA C 0087|8,000|UN|4251,50|0,00|0|98|6101||4251,50|1,6500|70,15|98|4251,50|7,6000|323,11|CTA_MERC|||||
|C100|0|1|PART023|55|00|1|20045|35260899000000230001553450000200451700200458|12082026|12082026|13027,50|0|0,00|0,00|13027,50|9|0,00|0,00|0,00|0,00|0,00|0,00|0,00|0,00||||
|C170|1|ITEM016|MERCADORIA SINTETICA C 0088|1,000|UN|4185,50|0,00|0|01|2102||4185,50|1,6500|69,06|01|4185,50|7,6000|318,10|CTA_MERC|||||
|C170|2|ITEM017|MERCADORIA SINTETICA C 0089|2,000|UN|4342,50|0,00|0|02|2403||4342,50|1,6500|71,65|02|4342,50|7,6000|330,03|CTA_MERC|||||
|C170|3|ITEM018|MERCADORIA SINTETICA C 0090|3,000|UN|4499,50|0,00|0|04|1101||0,00|0,0000|0,00|04|0,00|0,0000|0,00|CTA_MERC|||||
|C100|1|0|PART024|55|00|1|20046|35260899000000240001553460000200461700200465|15082026|15082026|4276,50|0|0,00|0,00|4276,50|9|0,00|0,00|0,00|0,00|0,00|0,00|0,00|0,00||||
|C170|1|ITEM019|MERCADORIA SINTETICA C 0091|4,000|UN|4276,50|0,00|0|04|5102||0,00|0,0000|0,00|04|0,00|0,0000|0,00|CTA_MERC|||||
|C100|1|1|PART025|55|00|1|20047|35260899000000250001553470000200471700200472|18082026|18082026|8892,00|0|0,00|0,00|8892,00|9|0,00|0,00|0,00|0,00|0,00|0,00|0,00|0,00||||
|C170|1|ITEM020|MERCADORIA SINTETICA C 0092|5,000|UN|4367,50|0,00|0|07|5405||0,00|0,0000|0,00|07|0,00|0,0000|0,00|CTA_MERC|||||
|C170|2|ITEM001|MERCADORIA SINTETICA C 0093|6,000|UN|4524,50|0,00|0|08|6101||0,00|0,0000|0,00|08|0,00|0,0000|0,00|CTA_MERC|||||
|C100|1|0|PART026|55|00|1|20048|35260899000000260001553480000200481700200480|21082026|21082026|13846,50|0|0,00|0,00|13846,50|9|0,00|0,00|0,00|0,00|0,00|0,00|0,00|0,00||||
|C170|1|ITEM002|MERCADORIA SINTETICA C 0094|7,000|UN|4458,50|0,00|0|49|6102||4458,50|1,6500|73,57|49|4458,50|7,6000|338,85|CTA_MERC|||||
|C170|2|ITEM003|MERCADORIA SINTETICA C 0095|8,000|UN|4615,50|0,00|0|50|6404||4615,50|1,6500|76,16|50|4615,50|7,6000|350,78|CTA_MERC|||||
|C170|3|ITEM004|MERCADORIA SINTETICA C 0096|1,000|UN|4772,50|0,00|0|51|5101||4772,50|1,6500|78,75|51|4772,50|7,6000|362,71|CTA_MERC|||||
|C100|1|1|PART027|55|00|1|20049|35260899000000270001553490000200491700200497|24082026|24082026|4549,50|0|0,00|0,00|4549,50|9|0,00|0,00|0,00|0,00|0,00|0,00|0,00|0,00||||
|C170|1|ITEM005|MERCADORIA SINTETICA C 0097|2,000|UN|4549,50|0,00|0|51|5102||4549,50|1,6500|75,07|51|4549,50|7,6000|345,76|CTA_MERC|||||
|C100|0|0|PART028|55|00|1|20050|35260899000000280001553500000200501700200505|27082026|27082026|9438,00|0|0,00|0,00|9438,00|9|0,00|0,00|0,00|0,00|0,00|0,00|0,00|0,00||||
|C170|1|ITEM006|MERCADORIA SINTETICA C 0098|3,000|UN|4640,50|0,00|0|70|1403||4640,50|1,6500|76,57|70|4640,50|7,6000|352,68|CTA_MERC|||||
|C170|2|ITEM007|MERCADORIA SINTETICA C 0099|4,000|UN|4797,50|0,00|0|73|2101||4797,50|1,6500|79,16|73|4797,50|7,6000|364,61|CTA_MERC|||||
|C100|1|1|PART029|55|00|1|20051|35260899000000290001553510000200511700200512|30082026|30082026|9865,50|0|0,00|0,00|9865,50|9|0,00|0,00|0,00|0,00|0,00|0,00|0,00|0,00||||
|C170|1|ITEM008|MERCADORIA SINTETICA C 0100|5,000|UN|4731,50|0,00|0|98|6102||4731,50|1,6500|78,07|98|4731,50|7,6000|359,59|CTA_MERC|||||
|C170|2|ITEM009|MERCADORIA SINTETICA C 0101|6,000|UN|4888,50|0,00|0|01|6404||4888,50|1,6500|80,66|01|4888,50|7,6000|371,53|CTA_MERC|||||
|C170|3|ITEM010|MERCADORIA SINTETICA C 0102|7,000|UN|245,50|0,00|0|02|5101||245,50|1,6500|4,05|02|245,50|7,6000|18,66|CTA_MERC|||||
|C100|1|0|PART030|55|00|1|20052|35260899000000300001553520000200521700200520|02082026|02082026|4822,50|0|0,00|0,00|4822,50|9|0,00|0,00|0,00|0,00|0,00|0,00|0,00|0,00||||
|C170|1|ITEM011|MERCADORIA SINTETICA C 0103|8,000|UN|4822,50|0,00|0|02|5102||4822,50|1,6500|79,57|02|4822,50|7,6000|366,51|CTA_MERC|||||
|C100|1|1|PART001|55|00|1|20053|35260899000000010001553530000200531700200533|05082026|05082026|384,00|0|0,00|0,00|384,00|9|0,00|0,00|0,00|0,00|0,00|0,00|0,00|0,00||||
|C170|1|ITEM012|MERCADORIA SINTETICA C 0104|1,000|UN|113,50|0,00|0|06|5405||0,00|0,0000|0,00|06|0,00|0,0000|0,00|CTA_MERC|||||
|C170|2|ITEM013|MERCADORIA SINTETICA C 0105|2,000|UN|270,50|0,00|0|07|6101||0,00|0,0000|0,00|07|0,00|0,0000|0,00|CTA_MERC|||||
|C100|1|0|PART002|55|00|1|20054|35260899000000020001553540000200541700200540|08082026|08082026|1084,50|0|0,00|0,00|1084,50|9|0,00|0,00|0,00|0,00|0,00|0,00|0,00|0,00||||
|C170|1|ITEM014|MERCADORIA SINTETICA C 0106|3,000|UN|204,50|0,00|0|08|6102||0,00|0,0000|0,00|08|0,00|0,0000|0,00|CTA_MERC|||||
|C170|2|ITEM015|MERCADORIA SINTETICA C 0107|4,000|UN|361,50|0,00|0|49|6404||361,50|1,6500|5,96|49|361,50|7,6000|27,47|CTA_MERC|||||
|C170|3|ITEM016|MERCADORIA SINTETICA C 0108|5,000|UN|518,50|0,00|0|50|5101||518,50|1,6500|8,56|50|518,50|7,6000|39,41|CTA_MERC|||||
|C100|0|1|PART003|55|00|1|20055|35260899000000030001553550000200551700200558|11082026|11082026|295,50|0|0,00|0,00|295,50|9|0,00|0,00|0,00|0,00|0,00|0,00|0,00|0,00||||
|C170|1|ITEM017|MERCADORIA SINTETICA C 0109|6,000|UN|295,50|0,00|0|50|1102||295,50|1,6500|4,88|50|295,50|7,6000|22,46|CTA_MERC|||||
|C100|1|0|PART004|55|00|1|20056|35260899000000040001553560000200561700200565|14082026|14082026|930,00|0|0,00|0,00|930,00|9|0,00|0,00|0,00|0,00|0,00|0,00|0,00|0,00||||
|C170|1|ITEM018|MERCADORIA SINTETICA C 0110|7,000|UN|386,50|0,00|0|60|5405||0,00|0,0000|0,00|60|0,00|0,0000|0,00|CTA_MERC|||||
|C170|2|ITEM019|MERCADORIA SINTETICA C 0111|8,000|UN|543,50|0,00|0|70|6101||543,50|1,6500|8,97|70|543,50|7,6000|41,31|CTA_MERC|||||
|C100|1|1|PART005|55|00|1|20057|35260899000000050001553570000200571700200572|17082026|17082026|1903,50|0|0,00|0,00|1903,50|9|0,00|0,00|0,00|0,00|0,00|0,00|0,00|0,00||||
|C170|1|ITEM020|MERCADORIA SINTETICA C 0112|1,000|UN|477,50|0,00|0|73|6102||477,50|1,6500|7,88|73|477,50|7,6000|36,29|CTA_MERC|||||
|C170|2|ITEM001|MERCADORIA SINTETICA C 0113|2,000|UN|634,50|0,00|0|98|6404||634,50|1,6500|10,47|98|634,50|7,6000|48,22|CTA_MERC|||||
|C170|3|ITEM002|MERCADORIA SINTETICA C 0114|3,000|UN|791,50|0,00|0|01|5101||791,50|1,6500|13,06|01|791,50|7,6000|60,15|CTA_MERC|||||
|C100|1|0|PART006|55|00|1|20058|35260899000000060001553580000200581700200580|20082026|20082026|568,50|0|0,00|0,00|568,50|9|0,00|0,00|0,00|0,00|0,00|0,00|0,00|0,00||||
|C170|1|ITEM003|MERCADORIA SINTETICA C 0115|4,000|UN|568,50|0,00|0|01|5102||568,50|1,6500|9,38|01|568,50|7,6000|43,21|CTA_MERC|||||
|C100|1|1|PART007|55|00|1|20059|35260899000000070001553590000200591700200597|23082026|23082026|1476,00|0|0,00|0,00|1476,00|9|0,00|0,00|0,00|0,00|0,00|0,00|0,00|0,00||||
|C170|1|ITEM004|MERCADORIA SINTETICA C 0116|5,000|UN|659,50|0,00|0|04|5405||0,00|0,0000|0,00|04|0,00|0,0000|0,00|CTA_MERC|||||
|C170|2|ITEM005|MERCADORIA SINTETICA C 0117|6,000|UN|816,50|0,00|0|06|6101||0,00|0,0000|0,00|06|0,00|0,0000|0,00|CTA_MERC|||||
|C100|0|0|PART008|55|00|1|20060|35260899000000080001553600000200601700200605|26082026|26082026|2722,50|0|0,00|0,00|2722,50|9|0,00|0,00|0,00|0,00|0,00|0,00|0,00|0,00||||
|C170|1|ITEM006|MERCADORIA SINTETICA C 0118|7,000|UN|750,50|0,00|0|07|2102||0,00|0,0000|0,00|07|0,00|0,0000|0,00|CTA_MERC|||||
|C170|2|ITEM007|MERCADORIA SINTETICA C 0119|8,000|UN|907,50|0,00|0|08|2403||0,00|0,0000|0,00|08|0,00|0,0000|0,00|CTA_MERC|||||
|C170|3|ITEM008|MERCADORIA SINTETICA C 0120|1,000|UN|1064,50|0,00|0|49|1101||1064,50|1,6500|17,56|49|1064,50|7,6000|80,90|CTA_MERC|||||
|C100|1|1|PART009|55|00|1|20061|35260899000000090001553610000200611700200612|29082026|29082026|841,50|0|0,00|0,00|841,50|9|0,00|0,00|0,00|0,00|0,00|0,00|0,00|0,00||||
|C170|1|ITEM009|MERCADORIA SINTETICA C 0121|2,000|UN|841,50|0,00|0|49|5102||841,50|1,6500|13,88|49|841,50|7,6000|63,95|CTA_MERC|||||
|C100|1|0|PART010|55|00|1|20062|35260899000000100001553620000200621700200620|01082026|01082026|2022,00|0|0,00|0,00|2022,00|9|0,00|0,00|0,00|0,00|0,00|0,00|0,00|0,00||||
|C170|1|ITEM010|MERCADORIA SINTETICA C 0122|3,000|UN|932,50|0,00|0|51|5405||932,50|1,6500|15,39|51|932,50|7,6000|70,87|CTA_MERC|||||
|C170|2|ITEM011|MERCADORIA SINTETICA C 0123|4,000|UN|1089,50|0,00|0|60|6101||0,00|0,0000|0,00|60|0,00|0,0000|0,00|CTA_MERC|||||
|C100|1|1|PART011|55|00|1|20063|35260899000000110001553630000200631700200637|04082026|04082026|3541,50|0|0,00|0,00|3541,50|9|0,00|0,00|0,00|0,00|0,00|0,00|0,00|0,00||||
|C170|1|ITEM012|MERCADORIA SINTETICA C 0124|5,000|UN|1023,50|0,00|0|70|6102||1023,50|1,6500|16,89|70|1023,50|7,6000|77,79|CTA_MERC|||||
|C170|2|ITEM013|MERCADORIA SINTETICA C 0125|6,000|UN|1180,50|0,00|0|73|6404||1180,50|1,6500|19,48|73|1180,50|7,6000|89,72|CTA_MERC|||||
|C170|3|ITEM014|MERCADORIA SINTETICA C 0126|7,000|UN|1337,50|0,00|0|98|5101||1337,50|1,6500|22,07|98|1337,50|7,6000|101,65|CTA_MERC|||||
|C100|1|0|PART012|55|00|1|20064|35260899000000120001553640000200641700200644|07082026|07082026|1114,50|0|0,00|0,00|1114,50|9|0,00|0,00|0,00|0,00|0,00|0,00|0,00|0,00||||
|C170|1|ITEM015|MERCADORIA SINTETICA C 0127|8,000|UN|1114,50|0,00|0|98|5102||1114,50|1,6500|18,39|98|1114,50|7,6000|84,70|CTA_MERC|||||
|C100|0|1|PART013|55|00|1|20065|35260899000000130001553650000200651700200651|10082026|10082026|2568,00|0|0,00|0,00|2568,00|9|0,00|0,00|0,00|0,00|0,00|0,00|0,00|0,00||||
|C170|1|ITEM016|MERCADORIA SINTETICA C 0128|1,000|UN|1205,50|0,00|0|02|1403||1205,50|1,6500|19,89|02|1205,50|7,6000|91,62|CTA_MERC|||||
|C170|2|ITEM017|MERCADORIA SINTETICA C 0129|2,000|UN|1362,50|0,00|0|04|2101||0,00|0,0000|0,00|04|0,00|0,0000|0,00|CTA_MERC|||||
|C100|1|0|PART014|55|00|1|20066|35260899000000140001553660000200661700200669|13082026|13082026|4360,50|0|0,00|0,00|4360,50|9|0,00|0,00|0,00|0,00|0,00|0,00|0,00|0,00||||
|C170|1|ITEM018|MERCADORIA SINTETICA C 0130|3,000|UN|1296,50|0,00|0|06|6102||0,00|0,0000|0,00|06|0,00|0,0000|0,00|CTA_MERC|||||
|C170|2|ITEM019|MERCADORIA SINTETICA C 0131|4,000|UN|1453,50|0,00|0|07|6404||0,00|0,0000|0,00|07|0,00|0,0000|0,00|CTA_MERC|||||
|C170|3|ITEM020|MERCADORIA SINTETICA C 0132|5,000|UN|1610,50|0,00|0|08|5101||0,00|0,0000|0,00|08|0,00|0,0000|0,00|CTA_MERC|||||
|C100|1|1|PART015|55|00|1|20067|35260899000000150001553670000200671700200676|16082026|16082026|1387,50|0|0,00|0,00|1387,50|9|0,00|0,00|0,00|0,00|0,00|0,00|0,00|0,00||||
|C170|1|ITEM001|MERCADORIA SINTETICA C 0133|6,000|UN|1387,50|0,00|0|08|5102||0,00|0,0000|0,00|08|0,00|0,0000|0,00|CTA_MERC|||||
|C100|1|0|PART016|55|00|1|20068|35260899000000160001553680000200681700200683|19082026|19082026|3114,00|0|0,00|0,00|3114,00|9|0,00|0,00|0,00|0,00|0,00|0,00|0,00|0,00||||
|C170|1|ITEM002|MERCADORIA SINTETICA C 0134|7,000|UN|1478,50|0,00|0|50|5405||1478,50|1,6500|24,40|50|1478,50|7,6000|112,37|CTA_MERC|||||
|C170|2|ITEM003|MERCADORIA SINTETICA C 0135|8,000|UN|1635,50|0,00|0|51|6101||1635,50|1,6500|26,99|51|1635,50|7,6000|124,30|CTA_MERC|||||
|C100|1|1|PART017|55|00|1|20069|35260899000000170001553690000200691700200690|22082026|22082026|5179,50|0|0,00|0,00|5179,50|9|0,00|0,00|0,00|0,00|0,00|0,00|0,00|0,00||||
|C170|1|ITEM004|MERCADORIA SINTETICA C 0136|1,000|UN|1569,50|0,00|0|60|6102||0,00|0,0000|0,00|60|0,00|0,0000|0,00|CTA_MERC|||||
|C170|2|ITEM005|MERCADORIA SINTETICA C 0137|2,000|UN|1726,50|0,00|0|70|6404||1726,50|1,6500|28,49|70|1726,50|7,6000|131,21|CTA_MERC|||||
|C170|3|ITEM006|MERCADORIA SINTETICA C 0138|3,000|UN|1883,50|0,00|0|73|5101||1883,50|1,6500|31,08|73|1883,50|7,6000|143,15|CTA_MERC|||||
|C100|0|0|PART018|55|00|1|20070|35260899000000180001553700000200701700200709|25082026|25082026|1660,50|0|0,00|0,00|1660,50|9|0,00|0,00|0,00|0,00|0,00|0,00|0,00|0,00||||
|C170|1|ITEM007|MERCADORIA SINTETICA C 0139|4,000|UN|1660,50|0,00|0|73|1102||1660,50|1,6500|27,40|73|1660,50|7,6000|126,20|CTA_MERC|||||
|C100|1|1|PART019|55|00|1|20071|35260899000000190001553710000200711700200716|28082026|28082026|3660,00|0|0,00|0,00|3660,00|9|0,00|0,00|0,00|0,00|0,00|0,00|0,00|0,00||||
|C170|1|ITEM008|MERCADORIA SINTETICA C 0140|5,000|UN|1751,50|0,00|0|01|5405||1751,50|1,6500|28,90|01|1751,50|7,6000|133,11|CTA_MERC|||||
|C170|2|ITEM009|MERCADORIA SINTETICA C 0141|6,000|UN|1908,50|0,00|0|02|6101||1908,50|1,6500|31,49|02|1908,50|7,6000|145,05|CTA_MERC|||||
|C100|1|0|PART020|55|00|1|20072|35260899000000200001553720000200721700200723|31082026|31082026|5998,50|0|0,00|0,00|5998,50|9|0,00|0,00|0,00|0,00|0,00|0,00|0,00|0,00||||
|C170|1|ITEM010|MERCADORIA SINTETICA C 0142|7,000|UN|1842,50|0,00|0|04|6102||0,00|0,0000|0,00|04|0,00|0,0000|0,00|CTA_MERC|||||
|C170|2|ITEM011|MERCADORIA SINTETICA C 0143|8,000|UN|1999,50|0,00|0|06|6404||0,00|0,0000|0,00|06|0,00|0,0000|0,00|CTA_MERC|||||
|C170|3|ITEM012|MERCADORIA SINTETICA C 0144|1,000|UN|2156,50|0,00|0|07|5101||0,00|0,0000|0,00|07|0,00|0,0000|0,00|CTA_MERC|||||
|C100|1|1|PART021|55|00|1|20073|35260899000000210001553730000200731700200730|03082026|03082026|1933,50|0|0,00|0,00|1933,50|9|0,00|0,00|0,00|0,00|0,00|0,00|0,00|0,00||||
|C170|1|ITEM013|MERCADORIA SINTETICA C 0145|2,000|UN|1933,50|0,00|0|07|5102||0,00|0,0000|0,00|07|0,00|0,0000|0,00|CTA_MERC|||||
|C100|1|0|PART022|55|00|1|20074|35260899000000220001553740000200741700200748|06082026|06082026|4206,00|0|0,00|0,00|4206,00|9|0,00|0,00|0,00|0,00|0,00|0,00|0,00|0,00||||
|C170|1|ITEM014|MERCADORIA SINTETICA C 0146|3,000|UN|2024,50|0,00|0|49|5405||2024,50|1,6500|33,40|49|2024,50|7,6000|153,86|CTA_MERC|||||
|C170|2|ITEM015|MERCADORIA SINTETICA C 0147|4,000|UN|2181,50|0,00|0|50|6101||2181,50|1,6500|35,99|50|2181,50|7,6000|165,79|CTA_MERC|||||
|C100|0|1|PART023|55|00|1|20075|35260899000000230001553750000200751700200755|09082026|09082026|6817,50|0|0,00|0,00|6817,50|9|0,00|0,00|0,00|0,00|0,00|0,00|0,00|0,00||||
|C170|1|ITEM016|MERCADORIA SINTETICA C 0148|5,000|UN|2115,50|0,00|0|51|2102||2115,50|1,6500|34,91|51|2115,50|7,6000|160,78|CTA_MERC|||||
|C170|2|ITEM017|MERCADORIA SINTETICA C 0149|6,000|UN|2272,50|0,00|0|60|2403||0,00|0,0000|0,00|60|0,00|0,0000|0,00|CTA_MERC|||||
|C170|3|ITEM018|MERCADORIA SINTETICA C 0150|7,000|UN|2429,50|0,00|0|70|1101||2429,50|1,6500|40,09|70|2429,50|7,6000|184,64|CTA_MERC|||||
|C100|1|0|PART024|55|00|1|20076|35260899000000240001553760000200761700200762|12082026|12082026|2206,50|0|0,00|0,00|2206,50|9|0,00|0,00|0,00|0,00|0,00|0,00|0,00|0,00||||
|C170|1|ITEM019|MERCADORIA SINTETICA C 0151|8,000|UN|2206,50|0,00|0|70|5102||2206,50|1,6500|36,41|70|2206,50|7,6000|167,69|CTA_MERC|||||
|C100|1|1|PART025|55|00|1|20077|35260899000000250001553770000200771700200770|15082026|15082026|4752,00|0|0,00|0,00|4752,00|9|0,00|0,00|0,00|0,00|0,00|0,00|0,00|0,00||||
|C170|1|ITEM020|MERCADORIA SINTETICA C 0152|1,000|UN|2297,50|0,00|0|98|5405||2297,50|1,6500|37,91|98|2297,50|7,6000|174,61|CTA_MERC|||||
|C170|2|ITEM001|MERCADORIA SINTETICA C 0153|2,000|UN|2454,50|0,00|0|01|6101||2454,50|1,6500|40,50|01|2454,50|7,6000|186,54|CTA_MERC|||||
|C100|1|0|PART026|55|00|1|20078|35260899000000260001553780000200781700200787|18082026|18082026|7636,50|0|0,00|0,00|7636,50|9|0,00|0,00|0,00|0,00|0,00|0,00|0,00|0,00||||
|C170|1|ITEM002|MERCADORIA SINTETICA C 0154|3,000|UN|2388,50|0,00|0|02|6102||2388,50|1,6500|39,41|02|2388,50|7,6000|181,53|CTA_MERC|||||
|C170|2|ITEM003|MERCADORIA SINTETICA C 0155|4,000|UN|2545,50|0,00|0|04|6404||0,00|0,0000|0,00|04|0,00|0,0000|0,00|CTA_MERC|||||
|C170|3|ITEM004|MERCADORIA SINTETICA C 0156|5,000|UN|2702,50|0,00|0|06|5101||0,00|0,0000|0,00|06|0,00|0,0000|0,00|CTA_MERC|||||
|C100|1|1|PART027|55|00|1|20079|35260899000000270001553790000200791700200794|21082026|21082026|2479,50|0|0,00|0,00|2479,50|9|0,00|0,00|0,00|0,00|0,00|0,00|0,00|0,00||||
|C170|1|ITEM005|MERCADORIA SINTETICA C 0157|6,000|UN|2479,50|0,00|0|06|5102||0,00|0,0000|0,00|06|0,00|0,0000|0,00|CTA_MERC|||||
|C100|0|0|PART028|55|00|1|20080|35260899000000280001553800000200801700200802|24082026|24082026|5298,00|0|0,00|0,00|5298,00|9|0,00|0,00|0,00|0,00|0,00|0,00|0,00|0,00||||
|C170|1|ITEM006|MERCADORIA SINTETICA C 0158|7,000|UN|2570,50|0,00|0|08|1403||0,00|0,0000|0,00|08|0,00|0,0000|0,00|CTA_MERC|||||
|C170|2|ITEM007|MERCADORIA SINTETICA C 0159|8,000|UN|2727,50|0,00|0|49|2101||2727,50|1,6500|45,00|49|2727,50|7,6000|207,29|CTA_MERC|||||
|C100|1|1|PART029|55|00|1|20081|35260899000000290001553810000200811700200810|27082026|27082026|8455,50|0|0,00|0,00|8455,50|9|0,00|0,00|0,00|0,00|0,00|0,00|0,00|0,00||||
|C170|1|ITEM008|MERCADORIA SINTETICA C 0160|1,000|UN|2661,50|0,00|0|50|6102||2661,50|1,6500|43,91|50|2661,50|7,6000|202,27|CTA_MERC|||||
|C170|2|ITEM009|MERCADORIA SINTETICA C 0161|2,000|UN|2818,50|0,00|0|51|6404||2818,50|1,6500|46,51|51|2818,50|7,6000|214,21|CTA_MERC|||||
|C170|3|ITEM010|MERCADORIA SINTETICA C 0162|3,000|UN|2975,50|0,00|0|60|5101||0,00|0,0000|0,00|60|0,00|0,0000|0,00|CTA_MERC|||||
|C100|1|0|PART030|55|00|1|20082|35260899000000300001553820000200821700200827|30082026|30082026|2752,50|0|0,00|0,00|2752,50|9|0,00|0,00|0,00|0,00|0,00|0,00|0,00|0,00||||
|C170|1|ITEM011|MERCADORIA SINTETICA C 0163|4,000|UN|2752,50|0,00|0|60|5102||0,00|0,0000|0,00|60|0,00|0,0000|0,00|CTA_MERC|||||
|C100|1|1|PART001|55|00|1|20083|35260899000000010001553830000200831700200830|02082026|02082026|5844,00|0|0,00|0,00|5844,00|9|0,00|0,00|0,00|0,00|0,00|0,00|0,00|0,00||||
|C170|1|ITEM012|MERCADORIA SINTETICA C 0164|5,000|UN|2843,50|0,00|0|73|5405||2843,50|1,6500|46,92|73|2843,50|7,6000|216,11|CTA_MERC|||||
|C170|2|ITEM013|MERCADORIA SINTETICA C 0165|6,000|UN|3000,50|0,00|0|98|6101||3000,50|1,6500|49,51|98|3000,50|7,6000|228,04|CTA_MERC|||||
|C100|1|0|PART002|55|00|1|20084|35260899000000020001553840000200841700200848|05082026|05082026|9274,50|0|0,00|0,00|9274,50|9|0,00|0,00|0,00|0,00|0,00|0,00|0,00|0,00||||
|C170|1|ITEM014|MERCADORIA SINTETICA C 0166|7,000|UN|2934,50|0,00|0|01|6102||2934,50|1,6500|48,42|01|2934,50|7,6000|223,02|CTA_MERC|||||
|C170|2|ITEM015|MERCADORIA SINTETICA C 0167|8,000|UN|3091,50|0,00|0|02|6404||3091,50|1,6500|51,01|02|3091,50|7,6000|234,95|CTA_MERC|||||
|C170|3|ITEM016|MERCADORIA SINTETICA C 0168|1,000|UN|3248,50|0,00|0|04|5101||0,00|0,0000|0,00|04|0,00|0,0000|0,00|CTA_MERC|||||
|C100|0|1|PART003|55|00|1|20085|35260899000000030001553850000200851700200855|08082026|08082026|3025,50|0|0,00|0,00|3025,50|9|0,00|0,00|0,00|0,00|0,00|0,00|0,00|0,00||||
|C170|1|ITEM017|MERCADORIA SINTETICA C 0169|2,000|UN|3025,50|0,00|0|04|1102||0,00|0,0000|0,00|04|0,00|0,0000|0,00|CTA_MERC|||||
|C100|1|0|PART004|55|00|1|20086|35260899000000040001553860000200861700200862|11082026|11082026|6390,00|0|0,00|0,00|6390,00|9|0,00|0,00|0,00|0,00|0,00|0,00|0,00|0,00||||
|C170|1|ITEM018|MERCADORIA SINTETICA C 0170|3,000|UN|3116,50|0,00|0|07|5405||0,00|0,0000|0,00|07|0,00|0,0000|0,00|CTA_MERC|||||
|C170|2|ITEM019|MERCADORIA SINTETICA C 0171|4,000|UN|3273,50|0,00|0|08|6101||0,00|0,0000|0,00|08|0,00|0,0000|0,00|CTA_MERC|||||
|C100|1|1|PART005|55|00|1|20087|35260899000000050001553870000200871700200870|14082026|14082026|10093,50|0|0,00|0,00|10093,50|9|0,00|0,00|0,00|0,00|0,00|0,00|0,00|0,00||||
|C170|1|ITEM020|MERCADORIA SINTETICA C 0172|5,000|UN|3207,50|0,00|0|49|6102||3207,50|1,6500|52,92|49|3207,50|7,6000|243,77|CTA_MERC|||||
|C170|2|ITEM001|MERCADORIA SINTETICA C 0173|6,000|UN|3364,50|0,00|0|50|6404||3364,50|1,6500|55,51|50|3364,50|7,6000|255,70|CTA_MERC|||||
|C170|3|ITEM002|MERCADORIA SINTETICA C 0174|7,000|UN|3521,50|0,00|0|51|5101||3521,50|1,6500|58,10|51|3521,50|7,6000|267,63|CTA_MERC|||||
|C100|1|0|PART006|55|00|1|20088|35260899000000060001553880000200881700200887|17082026|17082026|3298,50|0|0,00|0,00|3298,50|9|0,00|0,00|0,00|0,00|0,00|0,00|0,00|0,00||||
|C170|1|ITEM003|MERCADORIA SINTETICA C 0175|8,000|UN|3298,50|0,00|0|51|5102||3298,50|1,6500|54,43|51|3298,50|7,6000|250,69|CTA_MERC|||||
|C100|1|1|PART007|55|00|1|20089|35260899000000070001553890000200891700200894|20082026|20082026|6936,00|0|0,00|0,00|6936,00|9|0,00|0,00|0,00|0,00|0,00|0,00|0,00|0,00||||
|C170|1|ITEM004|MERCADORIA SINTETICA C 0176|1,000|UN|3389,50|0,00|0|70|5405||3389,50|1,6500|55,93|70|3389,50|7,6000|257,60|CTA_MERC|||||
|C170|2|ITEM005|MERCADORIA SINTETICA C 0177|2,000|UN|3546,50|0,00|0|73|6101||3546,50|1,6500|58,52|73|3546,50|7,6000|269,53|CTA_MERC|||||
|C100|0|0|PART008|55|00|1|20090|35260899000000080001553900000200901700200902|23082026|23082026|10912,50|0|0,00|0,00|10912,50|9|0,00|0,00|0,00|0,00|0,00|0,00|0,00|0,00||||
|C170|1|ITEM006|MERCADORIA SINTETICA C 0178|3,000|UN|3480,50|0,00|0|98|2102||3480,50|1,6500|57,43|98|3480,50|7,6000|264,52|CTA_MERC|||||
|C170|2|ITEM007|MERCADORIA SINTETICA C 0179|4,000|UN|3637,50|0,00|0|01|2403||3637,50|1,6500|60,02|01|3637,50|7,6000|276,45|CTA_MERC|||||
|C170|3|ITEM008|MERCADORIA SINTETICA C 0180|5,000|UN|3794,50|0,00|0|02|1101||3794,50|1,6500|62,61|02|3794,50|7,6000|288,38|CTA_MERC|||||
|C100|1|1|PART009|55|00|1|20091|35260899000000090001553910000200911700200910|26082026|26082026|3571,50|0|0,00|0,00|3571,50|9|0,00|0,00|0,00|0,00|0,00|0,00|0,00|0,00||||
|C170|1|ITEM009|MERCADORIA SINTETICA C 0181|6,000|UN|3571,50|0,00|0|02|5102||3571,50|1,6500|58,93|02|3571,50|7,6000|271,43|CTA_MERC|||||
|C100|1|0|PART010|55|00|1|20092|35260899000000100001553920000200921700200927|29082026|29082026|7482,00|0|0,00|0,00|7482,00|9|0,00|0,00|0,00|0,00|0,00|0,00|0,00|0,00||||
|C170|1|ITEM010|MERCADORIA SINTETICA C 0182|7,000|UN|3662,50|0,00|0|06|5405||0,00|0,0000|0,00|06|0,00|0,0000|0,00|CTA_MERC|||||
|C170|2|ITEM011|MERCADORIA SINTETICA C 0183|8,000|UN|3819,50|0,00|0|07|6101||0,00|0,0000|0,00|07|0,00|0,0000|0,00|CTA_MERC|||||
|C100|1|1|PART011|55|00|1|20093|35260899000000110001553930000200931700200934|01082026|01082026|11731,50|0|0,00|0,00|11731,50|9|0,00|0,00|0,00|0,00|0,00|0,00|0,00|0,00||||
|C170|1|ITEM012|MERCADORIA SINTETICA C 0184|1,000|UN|3753,50|0,00|0|08|6102||0,00|0,0000|0,00|08|0,00|0,0000|0,00|CTA_MERC|||||
|C170|2|ITEM013|MERCADORIA SINTETICA C 0185|2,000|UN|3910,50|0,00|0|49|6404||3910,50|1,6500|64,52|49|3910,50|7,6000|297,20|CTA_MERC|||||
|C170|3|ITEM014|MERCADORIA SINTETICA C 0186|3,000|UN|4067,50|0,00|0|50|5101||4067,50|1,6500|67,11|50|4067,50|7,6000|309,13|CTA_MERC|||||
|C100|1|0|PART012|55|00|1|20094|35260899000000120001553940000200941700200941|04082026|04082026|3844,50|0|0,00|0,00|3844,50|9|0,00|0,00|0,00|0,00|0,00|0,00|0,00|0,00||||
|C170|1|ITEM015|MERCADORIA SINTETICA C 0187|4,000|UN|3844,50|0,00|0|50|5102||3844,50|1,6500|63,43|50|3844,50|7,6000|292,18|CTA_MERC|||||
|C100|0|1|PART013|55|00|1|20095|35260899000000130001553950000200951700200959|07082026|07082026|8028,00|0|0,00|0,00|8028,00|9|0,00|0,00|0,00|0,00|0,00|0,00|0,00|0,00||||
|C170|1|ITEM016|MERCADORIA SINTETICA C 0188|5,000|UN|3935,50|0,00|0|60|1403||0,00|0,0000|0,00|60|0,00|0,0000|0,00|CTA_MERC|||||
|C170|2|ITEM017|MERCADORIA SINTETICA C 0189|6,000|UN|4092,50|0,00|0|70|2101||4092,50|1,6500|67,53|70|4092,50|7,6000|311,03|CTA_MERC|||||
|C100|1|0|PART014|55|00|1|20096|35260899000000140001553960000200961700200966|10082026|10082026|12550,50|0|0,00|0,00|12550,50|9|0,00|0,00|0,00|0,00|0,00|0,00|0,00|0,00||||
|C170|1|ITEM018|MERCADORIA SINTETICA C 0190|7,000|UN|4026,50|0,00|0|73|6102||4026,50|1,6500|66,44|73|4026,50|7,6000|306,01|CTA_MERC|||||
|C170|2|ITEM019|MERCADORIA SINTETICA C 0191|8,000|UN|4183,50|0,00|0|98|6404||4183,50|1,6500|69,03|98|4183,50|7,6000|317,95|CTA_MERC|||||
|C170|3|ITEM020|MERCADORIA SINTETICA C 0192|1,000|UN|4340,50|0,00|0|01|5101||4340,50|1,6500|71,62|01|4340,50|7,6000|329,88|CTA_MERC|||||
|C100|1|1|PART015|55|00|1|20097|35260899000000150001553970000200971700200973|13082026|13082026|4117,50|0|0,00|0,00|4117,50|9|0,00|0,00|0,00|0,00|0,00|0,00|0,00|0,00||||
|C170|1|ITEM001|MERCADORIA SINTETICA C 0193|2,000|UN|4117,50|0,00|0|01|5102||4117,50|1,6500|67,94|01|4117,50|7,6000|312,93|CTA_MERC|||||
|C100|1|0|PART016|55|00|1|20098|35260899000000160001553980000200981700200980|16082026|16082026|8574,00|0|0,00|0,00|8574,00|9|0,00|0,00|0,00|0,00|0,00|0,00|0,00|0,00||||
|C170|1|ITEM002|MERCADORIA SINTETICA C 0194|3,000|UN|4208,50|0,00|0|04|5405||0,00|0,0000|0,00|04|0,00|0,0000|0,00|CTA_MERC|||||
|C170|2|ITEM003|MERCADORIA SINTETICA C 0195|4,000|UN|4365,50|0,00|0|06|6101||0,00|0,0000|0,00|06|0,00|0,0000|0,00|CTA_MERC|||||
|C100|1|1|PART017|55|00|1|20099|35260899000000170001553990000200991700200998|19082026|19082026|13369,50|0|0,00|0,00|13369,50|9|0,00|0,00|0,00|0,00|0,00|0,00|0,00|0,00||||
|C170|1|ITEM004|MERCADORIA SINTETICA C 0196|5,000|UN|4299,50|0,00|0|07|6102||0,00|0,0000|0,00|07|0,00|0,0000|0,00|CTA_MERC|||||
|C170|2|ITEM005|MERCADORIA SINTETICA C 0197|6,000|UN|4456,50|0,00|0|08|6404||0,00|0,0000|0,00|08|0,00|0,0000|0,00|CTA_MERC|||||
|C170|3|ITEM006|MERCADORIA SINTETICA C 0198|7,000|UN|4613,50|0,00|0|49|5101||4613,50|1,6500|76,12|49|4613,50|7,6000|350,63|CTA_MERC|||||
|C100|0|0|PART018|55|00|1|20100|35260899000000180001554000000201001700201001|22082026|22082026|4390,50|0|0,00|0,00|4390,50|9|0,00|0,00|0,00|0,00|0,00|0,00|0,00|0,00||||
|C170|1|ITEM007|MERCADORIA SINTETICA C 0199|8,000|UN|4390,50|0,00|0|49|1102||4390,50|1,6500|72,44|49|4390,50|7,6000|333,68|CTA_MERC|||||
|C100|1|1|PART019|55|00|1|20101|35260899000000190001554010000201011700201019|25082026|25082026|9120,00|0|0,00|0,00|9120,00|9|0,00|0,00|0,00|0,00|0,00|0,00|0,00|0,00||||
|C170|1|ITEM008|MERCADORIA SINTETICA C 0200|1,000|UN|4481,50|0,00|0|51|5405||4481,50|1,6500|73,94|51|4481,50|7,6000|340,59|CTA_MERC|||||
|C170|2|ITEM009|MERCADORIA SINTETICA C 0201|2,000|UN|4638,50|0,00|0|60|6101||0,00|0,0000|0,00|60|0,00|0,0000|0,00|CTA_MERC|||||
|C100|1|0|PART020|55|00|1|20102|35260899000000200001554020000201021700201026|28082026|28082026|14188,50|0|0,00|0,00|14188,50|9|0,00|0,00|0,00|0,00|0,00|0,00|0,00|0,00||||
|C170|1|ITEM010|MERCADORIA SINTETICA C 0202|3,000|UN|4572,50|0,00|0|70|6102||4572,50|1,6500|75,45|70|4572,50|7,6000|347,51|CTA_MERC|||||
|C170|2|ITEM011|MERCADORIA SINTETICA C 0203|4,000|UN|4729,50|0,00|0|73|6404||4729,50|1,6500|78,04|73|4729,50|7,6000|359,44|CTA_MERC|||||
|C170|3|ITEM012|MERCADORIA SINTETICA C 0204|5,000|UN|4886,50|0,00|0|98|5101||4886,50|1,6500|80,63|98|4886,50|7,6000|371,37|CTA_MERC|||||
|C100|1|1|PART021|55|00|1|20103|35260899000000210001554030000201031700201033|31082026|31082026|4663,50|0|0,00|0,00|4663,50|9|0,00|0,00|0,00|0,00|0,00|0,00|0,00|0,00||||
|C170|1|ITEM013|MERCADORIA SINTETICA C 0205|6,000|UN|4663,50|0,00|0|98|5102||4663,50|1,6500|76,95|98|4663,50|7,6000|354,43|CTA_MERC|||||
|C100|1|0|PART022|55|00|1|20104|35260899000000220001554040000201041700201040|03082026|03082026|4866,00|0|0,00|0,00|4866,00|9|0,00|0,00|0,00|0,00|0,00|0,00|0,00|0,00||||
|C170|1|ITEM014|MERCADORIA SINTETICA C 0206|7,000|UN|4754,50|0,00|0|02|5405||4754,50|1,6500|78,45|02|4754,50|7,6000|361,34|CTA_MERC|||||
|C170|2|ITEM015|MERCADORIA SINTETICA C 0207|8,000|UN|111,50|0,00|0|04|6101||0,00|0,0000|0,00|04|0,00|0,0000|0,00|CTA_MERC|||||
|C100|0|1|PART023|55|00|1|20105|35260899000000230001554050000201051700201058|06082026|06082026|5407,50|0|0,00|0,00|5407,50|9|0,00|0,00|0,00|0,00|0,00|0,00|0,00|0,00||||
|C170|1|ITEM016|MERCADORIA SINTETICA C 0208|1,000|UN|4845,50|0,00|0|06|2102||0,00|0,0000|0,00|06|0,00|0,0000|0,00|CTA_MERC|||||
|C170|2|ITEM017|MERCADORIA SINTETICA C 0209|2,000|UN|202,50|0,00|0|07|2403||0,00|0,0000|0,00|07|0,00|0,0000|0,00|CTA_MERC|||||
|C170|3|ITEM018|MERCADORIA SINTETICA C 0210|3,000|UN|359,50|0,00|0|08|1101||0,00|0,0000|0,00|08|0,00|0,0000|0,00|CTA_MERC|||||
|C100|1|0|PART024|55|00|1|20106|35260899000000240001554060000201061700201065|09082026|09082026|136,50|0|0,00|0,00|136,50|9|0,00|0,00|0,00|0,00|0,00|0,00|0,00|0,00||||
|C170|1|ITEM019|MERCADORIA SINTETICA C 0211|4,000|UN|136,50|0,00|0|08|5102||0,00|0,0000|0,00|08|0,00|0,0000|0,00|CTA_MERC|||||
|C100|1|1|PART025|55|00|1|20107|35260899000000250001554070000201071700201072|12082026|12082026|612,00|0|0,00|0,00|612,00|9|0,00|0,00|0,00|0,00|0,00|0,00|0,00|0,00||||
|C170|1|ITEM020|MERCADORIA SINTETICA C 0212|5,000|UN|227,50|0,00|0|50|5405||227,50|1,6500|3,75|50|227,50|7,6000|17,29|CTA_MERC|||||
|C170|2|ITEM001|MERCADORIA SINTETICA C 0213|6,000|UN|384,50|0,00|0|51|6101||384,50|1,6500|6,34|51|384,50|7,6000|29,22|CTA_MERC|||||
|C100|1|0|PART026|55|00|1|20108|35260899000000260001554080000201081700201080|15082026|15082026|1426,50|0|0,00|0,00|1426,50|9|0,00|0,00|0,00|0,00|0,00|0,00|0,00|0,00||||
|C170|1|ITEM002|MERCADORIA SINTETICA C 0214|7,000|UN|318,50|0,00|0|60|6102||0,00|0,0000|0,00|60|0,00|0,0000|0,00|CTA_MERC|||||
|C170|2|ITEM003|MERCADORIA SINTETICA C 0215|8,000|UN|475,50|0,00|0|70|6404||475,50|1,6500|7,85|70|475,50|7,6000|36,14|CTA_MERC|||||
|C170|3|ITEM004|MERCADORIA SINTETICA C 0216|1,000|UN|632,50|0,00|0|73|5101||632,50|1,6500|10,44|73|632,50|7,6000|48,07|CTA_MERC|||||
|C100|1|1|PART027|55|00|1|20109|35260899000000270001554090000201091700201097|18082026|18082026|409,50|0|0,00|0,00|409,50|9|0,00|0,00|0,00|0,00|0,00|0,00|0,00|0,00||||
|C170|1|ITEM005|MERCADORIA SINTETICA C 0217|2,000|UN|409,50|0,00|0|73|5102||409,50|1,6500|6,76|73|409,50|7,6000|31,12|CTA_MERC|||||
|C100|0|0|PART028|55|00|1|20110|35260899000000280001554100000201101700201105|21082026|21082026|1158,00|0|0,00|0,00|1158,00|9|0,00|0,00|0,00|0,00|0,00|0,00|0,00|0,00||||
|C170|1|ITEM006|MERCADORIA SINTETICA C 0218|3,000|UN|500,50|0,00|0|01|1403||500,50|1,6500|8,26|01|500,50|7,6000|38,04|CTA_MERC|||||
|C170|2|ITEM007|MERCADORIA SINTETICA C 0219|4,000|UN|657,50|0,00|0|02|2101||657,50|1,6500|10,85|02|657,50|7,6000|49,97|CTA_MERC|||||
|C100|1|1|PART029|55|00|1|20111|35260899000000290001554110000201111700201112|24082026|24082026|2245,50|0|0,00|0,00|2245,50|9|0,00|0,00|0,00|0,00|0,00|0,00|0,00|0,00||||
|C170|1|ITEM008|MERCADORIA SINTETICA C 0220|5,000|UN|591,50|0,00|0|04|6102||0,00|0,0000|0,00|04|0,00|0,0000|0,00|CTA_MERC|||||
|C170|2|ITEM009|MERCADORIA SINTETICA C 0221|6,000|UN|748,50|0,00|0|06|6404||0,00|0,0000|0,00|06|0,00|0,0000|0,00|CTA_MERC|||||
|C170|3|ITEM010|MERCADORIA SINTETICA C 0222|7,000|UN|905,50|0,00|0|07|5101||0,00|0,0000|0,00|07|0,00|0,0000|0,00|CTA_MERC|||||
|C100|1|0|PART030|55|00|1|20112|35260899000000300001554120000201121700201120|27082026|27082026|682,50|0|0,00|0,00|682,50|9|0,00|0,00|0,00|0,00|0,00|0,00|0,00|0,00||||
|C170|1|ITEM011|MERCADORIA SINTETICA C 0223|8,000|UN|682,50|0,00|0|07|5102||0,00|0,0000|0,00|07|0,00|0,0000|0,00|CTA_MERC|||||
|C100|1|1|PART001|55|00|1|20113|35260899000000010001554130000201131700201133|30082026|30082026|1704,00|0|0,00|0,00|1704,00|9|0,00|0,00|0,00|0,00|0,00|0,00|0,00|0,00||||
|C170|1|ITEM012|MERCADORIA SINTETICA C 0224|1,000|UN|773,50|0,00|0|49|5405||773,50|1,6500|12,76|49|773,50|7,6000|58,79|CTA_MERC|||||
|C170|2|ITEM013|MERCADORIA SINTETICA C 0225|2,000|UN|930,50|0,00|0|50|6101||930,50|1,6500|15,35|50|930,50|7,6000|70,72|CTA_MERC|||||
|C100|1|0|PART002|55|00|1|20114|35260899000000020001554140000201141700201140|02082026|02082026|3064,50|0|0,00|0,00|3064,50|9|0,00|0,00|0,00|0,00|0,00|0,00|0,00|0,00||||
|C170|1|ITEM014|MERCADORIA SINTETICA C 0226|3,000|UN|864,50|0,00|0|51|6102||864,50|1,6500|14,26|51|864,50|7,6000|65,70|CTA_MERC|||||
|C170|2|ITEM015|MERCADORIA SINTETICA C 0227|4,000|UN|1021,50|0,00|0|60|6404||0,00|0,0000|0,00|60|0,00|0,0000|0,00|CTA_MERC|||||
|C170|3|ITEM016|MERCADORIA SINTETICA C 0228|5,000|UN|1178,50|0,00|0|70|5101||1178,50|1,6500|19,45|70|1178,50|7,6000|89,57|CTA_MERC|||||
|C100|0|1|PART003|55|00|1|20115|35260899000000030001554150000201151700201158|05082026|05082026|955,50|0|0,00|0,00|955,50|9|0,00|0,00|0,00|0,00|0,00|0,00|0,00|0,00||||
|C170|1|ITEM017|MERCADORIA SINTETICA C 0229|6,000|UN|955,50|0,00|0|70|1102||955,50|1,6500|15,77|70|955,50|7,6000|72,62|CTA_MERC|||||
|C100|1|0|PART004|55|00|1|20116|35260899000000040001554160000201161700201165|08082026|08082026|2250,00|0|0,00|0,00|2250,00|9|0,00|0,00|0,00|0,00|0,00|0,00|0,00|0,00||||
|C170|1|ITEM018|MERCADORIA SINTETICA C 0230|7,000|UN|1046,50|0,00|0|98|5405||1046,50|1,6500|17,27|98|1046,50|7,6000|79,53|CTA_MERC|||||
|C170|2|ITEM019|MERCADORIA SINTETICA C 0231|8,000|UN|1203,50|0,00|0|01|6101||1203,50|1,6500|19,86|01|1203,50|7,6000|91,47|CTA_MERC|||||
|C100|1|1|PART005|55|00|1|20117|35260899000000050001554170000201171700201172|11082026|11082026|3883,50|0|0,00|0,00|3883,50|9|0,00|0,00|0,00|0,00|0,00|0,00|0,00|0,00||||
|C170|1|ITEM020|MERCADORIA SINTETICA C 0232|1,000|UN|1137,50|0,00|0|02|6102||1137,50|1,6500|18,77|02|1137,50|7,6000|86,45|CTA_MERC|||||
|C170|2|ITEM001|MERCADORIA SINTETICA C 0233|2,000|UN|1294,50|0,00|0|04|6404||0,00|0,0000|0,00|04|0,00|0,0000|0,00|CTA_MERC|||||
|C170|3|ITEM002|MERCADORIA SINTETICA C 0234|3,000|UN|1451,50|0,00|0|06|5101||0,00|0,0000|0,00|06|0,00|0,0000|0,00|CTA_MERC|||||
|C100|1|0|PART006|55|00|1|20118|35260899000000060001554180000201181700201180|14082026|14082026|1228,50|0|0,00|0,00|1228,50|9|0,00|0,00|0,00|0,00|0,00|0,00|0,00|0,00||||
|C170|1|ITEM003|MERCADORIA SINTETICA C 0235|4,000|UN|1228,50|0,00|0|06|5102||0,00|0,0000|0,00|06|0,00|0,0000|0,00|CTA_MERC|||||
|C100|1|1|PART007|55|00|1|20119|35260899000000070001554190000201191700201197|17082026|17082026|2796,00|0|0,00|0,00|2796,00|9|0,00|0,00|0,00|0,00|0,00|0,00|0,00|0,00||||
|C170|1|ITEM004|MERCADORIA SINTETICA C 0236|5,000|UN|1319,50|0,00|0|08|5405||0,00|0,0000|0,00|08|0,00|0,0000|0,00|CTA_MERC|||||
|C170|2|ITEM005|MERCADORIA SINTETICA C 0237|6,000|UN|1476,50|0,00|0|49|6101||1476,50|1,6500|24,36|49|1476,50|7,6000|112,21|CTA_MERC|||||
|C100|0|0|PART008|55|00|1|20120|35260899000000080001554200000201201700201205|20082026|20082026|4702,50|0|0,00|0,00|4702,50|9|0,00|0,00|0,00|0,00|0,00|0,00|0,00|0,00||||
|C170|1|ITEM006|MERCADORIA SINTETICA C 0238|7,000|UN|1410,50|0,00|0|50|2102||1410,50|1,6500|23,27|50|1410,50|7,6000|107,20|CTA_MERC|||||
|C170|2|ITEM007|MERCADORIA SINTETICA C 0239|8,000|UN|1567,50|0,00|0|51|2403||1567,50|1,6500|25,86|51|1567,50|7,6000|119,13|CTA_MERC|||||
|C170|3|ITEM008|MERCADORIA SINTETICA C 0240|1,000|UN|1724,50|0,00|0|60|1101||0,00|0,0000|0,00|60|0,00|0,0000|0,00|CTA_MERC|||||
|C990|362|
|F001|0|
|F100|0|PART006|OPERACAO SINTETICA F100 0001|08082026|31|0,00|256,25|02|256,25|1,6500|4,23|02|256,25|7,6000|19,48|02|CTA_OUTRAS|DOC-F100-000001||
|F100|0|PART011|OPERACAO SINTETICA F100 0002|15082026|31|0,00|387,25|04|0,00|0,0000|0,00|04|0,00|0,0000|0,00|03|CTA_OUTRAS|DOC-F100-000002||
|F100|1|PART016|OPERACAO SINTETICA F100 0003|22082026|31|518,25|0,00|06|0,00|0,0000|0,00|06|0,00|0,0000|0,00|04|CTA_OUTRAS|DOC-F100-000003||
|F100|0|PART021|OPERACAO SINTETICA F100 0004|29082026|31|0,00|649,25|07|0,00|0,0000|0,00|07|0,00|0,0000|0,00|09|CTA_OUTRAS|DOC-F100-000004||
|F100|0|PART026|OPERACAO SINTETICA F100 0005|05082026|31|0,00|780,25|08|0,00|0,0000|0,00|08|0,00|0,0000|0,00|13|CTA_OUTRAS|DOC-F100-000005||
|F100|1|PART001|OPERACAO SINTETICA F100 0006|12082026|31|911,25|0,00|49|911,25|1,6500|15,04|49|911,25|7,6000|69,26|14|CTA_OUTRAS|DOC-F100-000006||
|F100|0|PART006|OPERACAO SINTETICA F100 0007|19082026|31|0,00|1042,25|50|1042,25|1,6500|17,20|50|1042,25|7,6000|79,21|16|CTA_OUTRAS|DOC-F100-000007||
|F100|0|PART011|OPERACAO SINTETICA F100 0008|26082026|31|0,00|1173,25|51|1173,25|1,6500|19,36|51|1173,25|7,6000|89,17|17|CTA_OUTRAS|DOC-F100-000008||
|F100|1|PART016|OPERACAO SINTETICA F100 0009|02082026|31|1304,25|0,00|60|0,00|0,0000|0,00|60|0,00|0,0000|0,00|18|CTA_OUTRAS|DOC-F100-000009||
|F100|0|PART021|OPERACAO SINTETICA F100 0010|09082026|31|0,00|1435,25|70|1435,25|1,6500|23,68|70|1435,25|7,6000|109,08|01|CTA_OUTRAS|DOC-F100-000010||
|F100|0|PART026|OPERACAO SINTETICA F100 0011|16082026|31|0,00|1566,25|73|1566,25|1,6500|25,84|73|1566,25|7,6000|119,04|02|CTA_OUTRAS|DOC-F100-000011||
|F100|1|PART001|OPERACAO SINTETICA F100 0012|23082026|31|1697,25|0,00|98|1697,25|1,6500|28,00|98|1697,25|7,6000|128,99|03|CTA_OUTRAS|DOC-F100-000012||
|F100|0|PART006|OPERACAO SINTETICA F100 0013|30082026|31|0,00|1828,25|99|1828,25|1,6500|30,17|99|1828,25|7,6000|138,95|04|CTA_OUTRAS|DOC-F100-000013||
|F100|0|PART011|OPERACAO SINTETICA F100 0014|06082026|31|0,00|1959,25|01|1959,25|1,6500|32,33|01|1959,25|7,6000|148,90|09|CTA_OUTRAS|DOC-F100-000014||
|F100|1|PART016|OPERACAO SINTETICA F100 0015|13082026|31|2090,25|0,00|02|2090,25|1,6500|34,49|02|2090,25|7,6000|158,86|13|CTA_OUTRAS|DOC-F100-000015||
|F100|0|PART021|OPERACAO SINTETICA F100 0016|20082026|31|0,00|2221,25|04|0,00|0,0000|0,00|04|0,00|0,0000|0,00|14|CTA_OUTRAS|DOC-F100-000016||
|F100|0|PART026|OPERACAO SINTETICA F100 0017|27082026|31|0,00|2352,25|06|0,00|0,0000|0,00|06|0,00|0,0000|0,00|16|CTA_OUTRAS|DOC-F100-000017||
|F100|1|PART001|OPERACAO SINTETICA F100 0018|03082026|31|2483,25|0,00|07|0,00|0,0000|0,00|07|0,00|0,0000|0,00|17|CTA_OUTRAS|DOC-F100-000018||
|F100|0|PART006|OPERACAO SINTETICA F100 0019|10082026|31|0,00|2614,25|08|0,00|0,0000|0,00|08|0,00|0,0000|0,00|18|CTA_OUTRAS|DOC-F100-000019||
|F100|0|PART011|OPERACAO SINTETICA F100 0020|17082026|31|0,00|2745,25|49|2745,25|1,6500|45,30|49|2745,25|7,6000|208,64|01|CTA_OUTRAS|DOC-F100-000020||
|F100|1|PART016|OPERACAO SINTETICA F100 0021|24082026|31|2876,25|0,00|50|2876,25|1,6500|47,46|50|2876,25|7,6000|218,60|02|CTA_OUTRAS|DOC-F100-000021||
|F100|0|PART021|OPERACAO SINTETICA F100 0022|31082026|31|0,00|3007,25|51|3007,25|1,6500|49,62|51|3007,25|7,6000|228,55|03|CTA_OUTRAS|DOC-F100-000022||
|F100|0|PART026|OPERACAO SINTETICA F100 0023|07082026|31|0,00|3138,25|60|0,00|0,0000|0,00|60|0,00|0,0000|0,00|04|CTA_OUTRAS|DOC-F100-000023||
|F100|1|PART001|OPERACAO SINTETICA F100 0024|14082026|31|3269,25|0,00|70|3269,25|1,6500|53,94|70|3269,25|7,6000|248,46|09|CTA_OUTRAS|DOC-F100-000024||
|F100|0|PART006|OPERACAO SINTETICA F100 0025|21082026|31|0,00|3400,25|73|3400,25|1,6500|56,10|73|3400,25|7,6000|258,42|13|CTA_OUTRAS|DOC-F100-000025||
|F100|0|PART011|OPERACAO SINTETICA F100 0026|28082026|31|0,00|3531,25|98|3531,25|1,6500|58,27|98|3531,25|7,6000|268,38|14|CTA_OUTRAS|DOC-F100-000026||
|F100|1|PART016|OPERACAO SINTETICA F100 0027|04082026|31|3662,25|0,00|99|3662,25|1,6500|60,43|99|3662,25|7,6000|278,33|16|CTA_OUTRAS|DOC-F100-000027||
|F100|0|PART021|OPERACAO SINTETICA F100 0028|11082026|31|0,00|3793,25|01|3793,25|1,6500|62,59|01|3793,25|7,6000|288,29|17|CTA_OUTRAS|DOC-F100-000028||
|F100|0|PART026|OPERACAO SINTETICA F100 0029|18082026|31|0,00|3924,25|02|3924,25|1,6500|64,75|02|3924,25|7,6000|298,24|18|CTA_OUTRAS|DOC-F100-000029||
|F100|1|PART001|OPERACAO SINTETICA F100 0030|25082026|31|4055,25|0,00|04|0,00|0,0000|0,00|04|0,00|0,0000|0,00|01|CTA_OUTRAS|DOC-F100-000030||
|F100|0|PART006|OPERACAO SINTETICA F100 0031|01082026|31|0,00|4186,25|06|0,00|0,0000|0,00|06|0,00|0,0000|0,00|02|CTA_OUTRAS|DOC-F100-000031||
|F100|0|PART011|OPERACAO SINTETICA F100 0032|08082026|31|0,00|4317,25|07|0,00|0,0000|0,00|07|0,00|0,0000|0,00|03|CTA_OUTRAS|DOC-F100-000032||
|F100|1|PART016|OPERACAO SINTETICA F100 0033|15082026|31|4448,25|0,00|08|0,00|0,0000|0,00|08|0,00|0,0000|0,00|04|CTA_OUTRAS|DOC-F100-000033||
|F100|0|PART021|OPERACAO SINTETICA F100 0034|22082026|31|0,00|4579,25|49|4579,25|1,6500|75,56|49|4579,25|7,6000|348,02|09|CTA_OUTRAS|DOC-F100-000034||
|F100|0|PART026|OPERACAO SINTETICA F100 0035|29082026|31|0,00|4710,25|50|4710,25|1,6500|77,72|50|4710,25|7,6000|357,98|13|CTA_OUTRAS|DOC-F100-000035||
|F100|1|PART001|OPERACAO SINTETICA F100 0036|05082026|31|4841,25|0,00|51|4841,25|1,6500|79,88|51|4841,25|7,6000|367,94|14|CTA_OUTRAS|DOC-F100-000036||
|F100|0|PART006|OPERACAO SINTETICA F100 0037|12082026|31|0,00|4972,25|60|0,00|0,0000|0,00|60|0,00|0,0000|0,00|16|CTA_OUTRAS|DOC-F100-000037||
|F100|0|PART011|OPERACAO SINTETICA F100 0038|19082026|31|0,00|5103,25|70|5103,25|1,6500|84,20|70|5103,25|7,6000|387,85|17|CTA_OUTRAS|DOC-F100-000038||
|F100|1|PART016|OPERACAO SINTETICA F100 0039|26082026|31|5234,25|0,00|73|5234,25|1,6500|86,37|73|5234,25|7,6000|397,80|18|CTA_OUTRAS|DOC-F100-000039||
|F100|0|PART021|OPERACAO SINTETICA F100 0040|02082026|31|0,00|5365,25|98|5365,25|1,6500|88,53|98|5365,25|7,6000|407,76|01|CTA_OUTRAS|DOC-F100-000040||
|F100|0|PART026|OPERACAO SINTETICA F100 0041|09082026|31|0,00|5496,25|99|5496,25|1,6500|90,69|99|5496,25|7,6000|417,72|02|CTA_OUTRAS|DOC-F100-000041||
|F100|1|PART001|OPERACAO SINTETICA F100 0042|16082026|31|5627,25|0,00|01|5627,25|1,6500|92,85|01|5627,25|7,6000|427,67|03|CTA_OUTRAS|DOC-F100-000042||
|F100|0|PART006|OPERACAO SINTETICA F100 0043|23082026|31|0,00|5758,25|02|5758,25|1,6500|95,01|02|5758,25|7,6000|437,63|04|CTA_OUTRAS|DOC-F100-000043||
|F100|0|PART011|OPERACAO SINTETICA F100 0044|30082026|31|0,00|5889,25|04|0,00|0,0000|0,00|04|0,00|0,0000|0,00|09|CTA_OUTRAS|DOC-F100-000044||
|F100|1|PART016|OPERACAO SINTETICA F100 0045|06082026|31|6020,25|0,00|06|0,00|0,0000|0,00|06|0,00|0,0000|0,00|13|CTA_OUTRAS|DOC-F100-000045||
|F100|0|PART021|OPERACAO SINTETICA F100 0046|13082026|31|0,00|6151,25|07|0,00|0,0000|0,00|07|0,00|0,0000|0,00|14|CTA_OUTRAS|DOC-F100-000046||
|F100|0|PART026|OPERACAO SINTETICA F100 0047|20082026|31|0,00|6282,25|08|0,00|0,0000|0,00|08|0,00|0,0000|0,00|16|CTA_OUTRAS|DOC-F100-000047||
|F100|1|PART001|OPERACAO SINTETICA F100 0048|27082026|31|6413,25|0,00|49|6413,25|1,6500|105,82|49|6413,25|7,6000|487,41|17|CTA_OUTRAS|DOC-F100-000048||
|F100|0|PART006|OPERACAO SINTETICA F100 0049|03082026|31|0,00|6544,25|50|6544,25|1,6500|107,98|50|6544,25|7,6000|497,36|18|CTA_OUTRAS|DOC-F100-000049||
|F100|0|PART011|OPERACAO SINTETICA F100 0050|10082026|31|0,00|175,25|51|175,25|1,6500|2,89|51|175,25|7,6000|13,32|01|CTA_OUTRAS|DOC-F100-000050||
|F100|1|PART016|OPERACAO SINTETICA F100 0051|17082026|31|306,25|0,00|60|0,00|0,0000|0,00|60|0,00|0,0000|0,00|02|CTA_OUTRAS|DOC-F100-000051||
|F100|0|PART021|OPERACAO SINTETICA F100 0052|24082026|31|0,00|437,25|70|437,25|1,6500|7,21|70|437,25|7,6000|33,23|03|CTA_OUTRAS|DOC-F100-000052||
|F100|0|PART026|OPERACAO SINTETICA F100 0053|31082026|31|0,00|568,25|73|568,25|1,6500|9,38|73|568,25|7,6000|43,19|04|CTA_OUTRAS|DOC-F100-000053||
|F100|1|PART001|OPERACAO SINTETICA F100 0054|07082026|31|699,25|0,00|98|699,25|1,6500|11,54|98|699,25|7,6000|53,14|09|CTA_OUTRAS|DOC-F100-000054||
|F100|0|PART006|OPERACAO SINTETICA F100 0055|14082026|31|0,00|830,25|99|830,25|1,6500|13,70|99|830,25|7,6000|63,10|13|CTA_OUTRAS|DOC-F100-000055||
|F100|0|PART011|OPERACAO SINTETICA F100 0056|21082026|31|0,00|961,25|01|961,25|1,6500|15,86|01|961,25|7,6000|73,06|14|CTA_OUTRAS|DOC-F100-000056||
|F100|1|PART016|OPERACAO SINTETICA F100 0057|28082026|31|1092,25|0,00|02|1092,25|1,6500|18,02|02|1092,25|7,6000|83,01|16|CTA_OUTRAS|DOC-F100-000057||
|F100|0|PART021|OPERACAO SINTETICA F100 0058|04082026|31|0,00|1223,25|04|0,00|0,0000|0,00|04|0,00|0,0000|0,00|17|CTA_OUTRAS|DOC-F100-000058||
|F100|0|PART026|OPERACAO SINTETICA F100 0059|11082026|31|0,00|1354,25|06|0,00|0,0000|0,00|06|0,00|0,0000|0,00|18|CTA_OUTRAS|DOC-F100-000059||
|F100|1|PART001|OPERACAO SINTETICA F100 0060|18082026|31|1485,25|0,00|07|0,00|0,0000|0,00|07|0,00|0,0000|0,00|01|CTA_OUTRAS|DOC-F100-000060||
|F100|0|PART006|OPERACAO SINTETICA F100 0061|25082026|31|0,00|1616,25|08|0,00|0,0000|0,00|08|0,00|0,0000|0,00|02|CTA_OUTRAS|DOC-F100-000061||
|F100|0|PART011|OPERACAO SINTETICA F100 0062|01082026|31|0,00|1747,25|49|1747,25|1,6500|28,83|49|1747,25|7,6000|132,79|03|CTA_OUTRAS|DOC-F100-000062||
|F100|1|PART016|OPERACAO SINTETICA F100 0063|08082026|31|1878,25|0,00|50|1878,25|1,6500|30,99|50|1878,25|7,6000|142,75|04|CTA_OUTRAS|DOC-F100-000063||
|F100|0|PART021|OPERACAO SINTETICA F100 0064|15082026|31|0,00|2009,25|51|2009,25|1,6500|33,15|51|2009,25|7,6000|152,70|09|CTA_OUTRAS|DOC-F100-000064||
|F100|0|PART026|OPERACAO SINTETICA F100 0065|22082026|31|0,00|2140,25|60|0,00|0,0000|0,00|60|0,00|0,0000|0,00|13|CTA_OUTRAS|DOC-F100-000065||
|F100|1|PART001|OPERACAO SINTETICA F100 0066|29082026|31|2271,25|0,00|70|2271,25|1,6500|37,48|70|2271,25|7,6000|172,62|14|CTA_OUTRAS|DOC-F100-000066||
|F100|0|PART006|OPERACAO SINTETICA F100 0067|05082026|31|0,00|2402,25|73|2402,25|1,6500|39,64|73|2402,25|7,6000|182,57|16|CTA_OUTRAS|DOC-F100-000067||
|F100|0|PART011|OPERACAO SINTETICA F100 0068|12082026|31|0,00|2533,25|98|2533,25|1,6500|41,80|98|2533,25|7,6000|192,53|17|CTA_OUTRAS|DOC-F100-000068||
|F100|1|PART016|OPERACAO SINTETICA F100 0069|19082026|31|2664,25|0,00|99|2664,25|1,6500|43,96|99|2664,25|7,6000|202,48|18|CTA_OUTRAS|DOC-F100-000069||
|F100|0|PART021|OPERACAO SINTETICA F100 0070|26082026|31|0,00|2795,25|01|2795,25|1,6500|46,12|01|2795,25|7,6000|212,44|01|CTA_OUTRAS|DOC-F100-000070||
|F100|0|PART026|OPERACAO SINTETICA F100 0071|02082026|31|0,00|2926,25|02|2926,25|1,6500|48,28|02|2926,25|7,6000|222,40|02|CTA_OUTRAS|DOC-F100-000071||
|F100|1|PART001|OPERACAO SINTETICA F100 0072|09082026|31|3057,25|0,00|04|0,00|0,0000|0,00|04|0,00|0,0000|0,00|03|CTA_OUTRAS|DOC-F100-000072||
|F100|0|PART006|OPERACAO SINTETICA F100 0073|16082026|31|0,00|3188,25|06|0,00|0,0000|0,00|06|0,00|0,0000|0,00|04|CTA_OUTRAS|DOC-F100-000073||
|F100|0|PART011|OPERACAO SINTETICA F100 0074|23082026|31|0,00|3319,25|07|0,00|0,0000|0,00|07|0,00|0,0000|0,00|09|CTA_OUTRAS|DOC-F100-000074||
|F100|1|PART016|OPERACAO SINTETICA F100 0075|30082026|31|3450,25|0,00|08|0,00|0,0000|0,00|08|0,00|0,0000|0,00|13|CTA_OUTRAS|DOC-F100-000075||
|F100|0|PART021|OPERACAO SINTETICA F100 0076|06082026|31|0,00|3581,25|49|3581,25|1,6500|59,09|49|3581,25|7,6000|272,18|14|CTA_OUTRAS|DOC-F100-000076||
|F100|0|PART026|OPERACAO SINTETICA F100 0077|13082026|31|0,00|3712,25|50|3712,25|1,6500|61,25|50|3712,25|7,6000|282,13|16|CTA_OUTRAS|DOC-F100-000077||
|F100|1|PART001|OPERACAO SINTETICA F100 0078|20082026|31|3843,25|0,00|51|3843,25|1,6500|63,41|51|3843,25|7,6000|292,09|17|CTA_OUTRAS|DOC-F100-000078||
|F100|0|PART006|OPERACAO SINTETICA F100 0079|27082026|31|0,00|3974,25|60|0,00|0,0000|0,00|60|0,00|0,0000|0,00|18|CTA_OUTRAS|DOC-F100-000079||
|F100|0|PART011|OPERACAO SINTETICA F100 0080|03082026|31|0,00|4105,25|70|4105,25|1,6500|67,74|70|4105,25|7,6000|312,00|01|CTA_OUTRAS|DOC-F100-000080||
|F100|1|PART016|OPERACAO SINTETICA F100 0081|10082026|31|4236,25|0,00|73|4236,25|1,6500|69,90|73|4236,25|7,6000|321,96|02|CTA_OUTRAS|DOC-F100-000081||
|F100|0|PART021|OPERACAO SINTETICA F100 0082|17082026|31|0,00|4367,25|98|4367,25|1,6500|72,06|98|4367,25|7,6000|331,91|03|CTA_OUTRAS|DOC-F100-000082||
|F100|0|PART026|OPERACAO SINTETICA F100 0083|24082026|31|0,00|4498,25|99|4498,25|1,6500|74,22|99|4498,25|7,6000|341,87|04|CTA_OUTRAS|DOC-F100-000083||
|F100|1|PART001|OPERACAO SINTETICA F100 0084|31082026|31|4629,25|0,00|01|4629,25|1,6500|76,38|01|4629,25|7,6000|351,82|09|CTA_OUTRAS|DOC-F100-000084||
|F100|0|PART006|OPERACAO SINTETICA F100 0085|07082026|31|0,00|4760,25|02|4760,25|1,6500|78,54|02|4760,25|7,6000|361,78|13|CTA_OUTRAS|DOC-F100-000085||
|F100|0|PART011|OPERACAO SINTETICA F100 0086|14082026|31|0,00|4891,25|04|0,00|0,0000|0,00|04|0,00|0,0000|0,00|14|CTA_OUTRAS|DOC-F100-000086||
|F100|1|PART016|OPERACAO SINTETICA F100 0087|21082026|31|5022,25|0,00|06|0,00|0,0000|0,00|06|0,00|0,0000|0,00|16|CTA_OUTRAS|DOC-F100-000087||
|F100|0|PART021|OPERACAO SINTETICA F100 0088|28082026|31|0,00|5153,25|07|0,00|0,0000|0,00|07|0,00|0,0000|0,00|17|CTA_OUTRAS|DOC-F100-000088||
|F100|0|PART026|OPERACAO SINTETICA F100 0089|04082026|31|0,00|5284,25|08|0,00|0,0000|0,00|08|0,00|0,0000|0,00|18|CTA_OUTRAS|DOC-F100-000089||
|F100|1|PART001|OPERACAO SINTETICA F100 0090|11082026|31|5415,25|0,00|49|5415,25|1,6500|89,35|49|5415,25|7,6000|411,56|01|CTA_OUTRAS|DOC-F100-000090||
|F100|0|PART006|OPERACAO SINTETICA F100 0091|18082026|31|0,00|5546,25|50|5546,25|1,6500|91,51|50|5546,25|7,6000|421,52|02|CTA_OUTRAS|DOC-F100-000091||
|F100|0|PART011|OPERACAO SINTETICA F100 0092|25082026|31|0,00|5677,25|51|5677,25|1,6500|93,67|51|5677,25|7,6000|431,47|03|CTA_OUTRAS|DOC-F100-000092||
|F100|1|PART016|OPERACAO SINTETICA F100 0093|01082026|31|5808,25|0,00|60|0,00|0,0000|0,00|60|0,00|0,0000|0,00|04|CTA_OUTRAS|DOC-F100-000093||
|F100|0|PART021|OPERACAO SINTETICA F100 0094|08082026|31|0,00|5939,25|70|5939,25|1,6500|98,00|70|5939,25|7,6000|451,38|09|CTA_OUTRAS|DOC-F100-000094||
|F100|0|PART026|OPERACAO SINTETICA F100 0095|15082026|31|0,00|6070,25|73|6070,25|1,6500|100,16|73|6070,25|7,6000|461,34|13|CTA_OUTRAS|DOC-F100-000095||
|F100|1|PART001|OPERACAO SINTETICA F100 0096|22082026|31|6201,25|0,00|98|6201,25|1,6500|102,32|98|6201,25|7,6000|471,30|14|CTA_OUTRAS|DOC-F100-000096||
|F100|0|PART006|OPERACAO SINTETICA F100 0097|29082026|31|0,00|6332,25|99|6332,25|1,6500|104,48|99|6332,25|7,6000|481,25|16|CTA_OUTRAS|DOC-F100-000097||
|F100|0|PART011|OPERACAO SINTETICA F100 0098|05082026|31|0,00|6463,25|01|6463,25|1,6500|106,64|01|6463,25|7,6000|491,21|17|CTA_OUTRAS|DOC-F100-000098||
|F100|1|PART016|OPERACAO SINTETICA F100 0099|12082026|31|6594,25|0,00|02|6594,25|1,6500|108,81|02|6594,25|7,6000|501,16|18|CTA_OUTRAS|DOC-F100-000099||
|F100|0|PART021|OPERACAO SINTETICA F100 0100|19082026|31|0,00|225,25|04|0,00|0,0000|0,00|04|0,00|0,0000|0,00|01|CTA_OUTRAS|DOC-F100-000100||
|F100|0|PART026|OPERACAO SINTETICA F100 0101|26082026|31|0,00|356,25|06|0,00|0,0000|0,00|06|0,00|0,0000|0,00|02|CTA_OUTRAS|DOC-F100-000101||
|F100|1|PART001|OPERACAO SINTETICA F100 0102|02082026|31|487,25|0,00|07|0,00|0,0000|0,00|07|0,00|0,0000|0,00|03|CTA_OUTRAS|DOC-F100-000102||
|F100|0|PART006|OPERACAO SINTETICA F100 0103|09082026|31|0,00|618,25|08|0,00|0,0000|0,00|08|0,00|0,0000|0,00|04|CTA_OUTRAS|DOC-F100-000103||
|F100|0|PART011|OPERACAO SINTETICA F100 0104|16082026|31|0,00|749,25|49|749,25|1,6500|12,36|49|749,25|7,6000|56,94|09|CTA_OUTRAS|DOC-F100-000104||
|F100|1|PART016|OPERACAO SINTETICA F100 0105|23082026|31|880,25|0,00|50|880,25|1,6500|14,52|50|880,25|7,6000|66,90|13|CTA_OUTRAS|DOC-F100-000105||
|F100|0|PART021|OPERACAO SINTETICA F100 0106|30082026|31|0,00|1011,25|51|1011,25|1,6500|16,69|51|1011,25|7,6000|76,86|14|CTA_OUTRAS|DOC-F100-000106||
|F100|0|PART026|OPERACAO SINTETICA F100 0107|06082026|31|0,00|1142,25|60|0,00|0,0000|0,00|60|0,00|0,0000|0,00|16|CTA_OUTRAS|DOC-F100-000107||
|F100|1|PART001|OPERACAO SINTETICA F100 0108|13082026|31|1273,25|0,00|70|1273,25|1,6500|21,01|70|1273,25|7,6000|96,77|17|CTA_OUTRAS|DOC-F100-000108||
|F100|0|PART006|OPERACAO SINTETICA F100 0109|20082026|31|0,00|1404,25|73|1404,25|1,6500|23,17|73|1404,25|7,6000|106,72|18|CTA_OUTRAS|DOC-F100-000109||
|F100|0|PART011|OPERACAO SINTETICA F100 0110|27082026|31|0,00|1535,25|98|1535,25|1,6500|25,33|98|1535,25|7,6000|116,68|01|CTA_OUTRAS|DOC-F100-000110||
|F100|1|PART016|OPERACAO SINTETICA F100 0111|03082026|31|1666,25|0,00|99|1666,25|1,6500|27,49|99|1666,25|7,6000|126,64|02|CTA_OUTRAS|DOC-F100-000111||
|F100|0|PART021|OPERACAO SINTETICA F100 0112|10082026|31|0,00|1797,25|01|1797,25|1,6500|29,65|01|1797,25|7,6000|136,59|03|CTA_OUTRAS|DOC-F100-000112||
|F100|0|PART026|OPERACAO SINTETICA F100 0113|17082026|31|0,00|1928,25|02|1928,25|1,6500|31,82|02|1928,25|7,6000|146,55|04|CTA_OUTRAS|DOC-F100-000113||
|F100|1|PART001|OPERACAO SINTETICA F100 0114|24082026|31|2059,25|0,00|04|0,00|0,0000|0,00|04|0,00|0,0000|0,00|09|CTA_OUTRAS|DOC-F100-000114||
|F100|0|PART006|OPERACAO SINTETICA F100 0115|31082026|31|0,00|2190,25|06|0,00|0,0000|0,00|06|0,00|0,0000|0,00|13|CTA_OUTRAS|DOC-F100-000115||
|F100|0|PART011|OPERACAO SINTETICA F100 0116|07082026|31|0,00|2321,25|07|0,00|0,0000|0,00|07|0,00|0,0000|0,00|14|CTA_OUTRAS|DOC-F100-000116||
|F550|373,75|06|0,00|0,00|0,0000|0,00|06|0,00|0,00|0,0000|0,00|55|5102|CTA_RECEITA|CONSOLIDACAO SINTETICA 0001|
|F550|546,75|49|0,00|546,75|1,6500|9,02|49|0,00|546,75|7,6000|41,55|00|5933|CTA_RECEITA|CONSOLIDACAO SINTETICA 0002|
|F550|719,75|60|0,00|0,00|0,0000|0,00|60|0,00|0,00|0,0000|0,00|55|6101|CTA_RECEITA|CONSOLIDACAO SINTETICA 0003|
|F550|892,75|98|0,00|892,75|0,6500|5,80|98|0,00|892,75|3,0000|26,78|00|6102|CTA_RECEITA|CONSOLIDACAO SINTETICA 0004|
|F550|1065,75|02|0,00|1065,75|1,6500|17,58|02|0,00|1065,75|7,6000|81,00|55|6933|CTA_RECEITA|CONSOLIDACAO SINTETICA 0005|
|F550|1238,75|07|0,00|0,00|0,0000|0,00|07|0,00|0,00|0,0000|0,00|00|5101|CTA_RECEITA|CONSOLIDACAO SINTETICA 0006|
|F550|1411,75|50|0,00|1411,75|1,6500|23,29|50|0,00|1411,75|7,6000|107,29|55|5102|CTA_RECEITA|CONSOLIDACAO SINTETICA 0007|
|F550|1584,75|70|0,00|1584,75|0,6500|10,30|70|0,00|1584,75|3,0000|47,54|00|5933|CTA_RECEITA|CONSOLIDACAO SINTETICA 0008|
|F550|1757,75|99|0,00|1757,75|1,6500|29,00|99|0,00|1757,75|7,6000|133,59|55|6101|CTA_RECEITA|CONSOLIDACAO SINTETICA 0009|
|F550|1930,75|04|0,00|0,00|0,0000|0,00|04|0,00|0,00|0,0000|0,00|00|6102|CTA_RECEITA|CONSOLIDACAO SINTETICA 0010|
|F550|2103,75|08|0,00|0,00|0,0000|0,00|08|0,00|0,00|0,0000|0,00|55|6933|CTA_RECEITA|CONSOLIDACAO SINTETICA 0011|
|F550|2276,75|51|0,00|2276,75|0,6500|14,80|51|0,00|2276,75|3,0000|68,30|00|5101|CTA_RECEITA|CONSOLIDACAO SINTETICA 0012|
|F550|2449,75|73|0,00|2449,75|1,6500|40,42|73|0,00|2449,75|7,6000|186,18|55|5102|CTA_RECEITA|CONSOLIDACAO SINTETICA 0013|
|F550|2622,75|01|0,00|2622,75|1,6500|43,28|01|0,00|2622,75|7,6000|199,33|00|5933|CTA_RECEITA|CONSOLIDACAO SINTETICA 0014|
|F550|2795,75|06|0,00|0,00|0,0000|0,00|06|0,00|0,00|0,0000|0,00|55|6101|CTA_RECEITA|CONSOLIDACAO SINTETICA 0015|
|F550|2968,75|49|0,00|2968,75|0,6500|19,30|49|0,00|2968,75|3,0000|89,06|00|6102|CTA_RECEITA|CONSOLIDACAO SINTETICA 0016|
|F550|3141,75|60|0,00|0,00|0,0000|0,00|60|0,00|0,00|0,0000|0,00|55|6933|CTA_RECEITA|CONSOLIDACAO SINTETICA 0017|
|F550|3314,75|98|0,00|3314,75|1,6500|54,69|98|0,00|3314,75|7,6000|251,92|00|5101|CTA_RECEITA|CONSOLIDACAO SINTETICA 0018|
|F550|3487,75|02|0,00|3487,75|1,6500|57,55|02|0,00|3487,75|7,6000|265,07|55|5102|CTA_RECEITA|CONSOLIDACAO SINTETICA 0019|
|F550|3660,75|07|0,00|0,00|0,0000|0,00|07|0,00|0,00|0,0000|0,00|00|5933|CTA_RECEITA|CONSOLIDACAO SINTETICA 0020|
|F550|3833,75|50|0,00|3833,75|1,6500|63,26|50|0,00|3833,75|7,6000|291,37|55|6101|CTA_RECEITA|CONSOLIDACAO SINTETICA 0021|
|F550|4006,75|70|0,00|4006,75|1,6500|66,11|70|0,00|4006,75|7,6000|304,51|00|6102|CTA_RECEITA|CONSOLIDACAO SINTETICA 0022|
|F550|4179,75|99|0,00|4179,75|1,6500|68,97|99|0,00|4179,75|7,6000|317,66|55|6933|CTA_RECEITA|CONSOLIDACAO SINTETICA 0023|
|F550|4352,75|04|0,00|0,00|0,0000|0,00|04|0,00|0,00|0,0000|0,00|00|5101|CTA_RECEITA|CONSOLIDACAO SINTETICA 0024|
|F550|4525,75|08|0,00|0,00|0,0000|0,00|08|0,00|0,00|0,0000|0,00|55|5102|CTA_RECEITA|CONSOLIDACAO SINTETICA 0025|
|F550|4698,75|51|0,00|4698,75|1,6500|77,53|51|0,00|4698,75|7,6000|357,11|00|5933|CTA_RECEITA|CONSOLIDACAO SINTETICA 0026|
|F550|4871,75|73|0,00|4871,75|1,6500|80,38|73|0,00|4871,75|7,6000|370,25|55|6101|CTA_RECEITA|CONSOLIDACAO SINTETICA 0027|
|F550|5044,75|01|0,00|5044,75|0,6500|32,79|01|0,00|5044,75|3,0000|151,34|00|6102|CTA_RECEITA|CONSOLIDACAO SINTETICA 0028|
|F550|5217,75|06|0,00|0,00|0,0000|0,00|06|0,00|0,00|0,0000|0,00|55|6933|CTA_RECEITA|CONSOLIDACAO SINTETICA 0029|
|F550|5390,75|49|0,00|5390,75|1,6500|88,95|49|0,00|5390,75|7,6000|409,70|00|5101|CTA_RECEITA|CONSOLIDACAO SINTETICA 0030|
|F550|5563,75|60|0,00|0,00|0,0000|0,00|60|0,00|0,00|0,0000|0,00|55|5102|CTA_RECEITA|CONSOLIDACAO SINTETICA 0031|
|F550|5736,75|98|0,00|5736,75|0,6500|37,29|98|0,00|5736,75|3,0000|172,10|00|5933|CTA_RECEITA|CONSOLIDACAO SINTETICA 0032|
|F550|5909,75|02|0,00|5909,75|1,6500|97,51|02|0,00|5909,75|7,6000|449,14|55|6101|CTA_RECEITA|CONSOLIDACAO SINTETICA 0033|
|F550|6082,75|07|0,00|0,00|0,0000|0,00|07|0,00|0,00|0,0000|0,00|00|6102|CTA_RECEITA|CONSOLIDACAO SINTETICA 0034|
|F550|6255,75|50|0,00|6255,75|1,6500|103,22|50|0,00|6255,75|7,6000|475,44|55|6933|CTA_RECEITA|CONSOLIDACAO SINTETICA 0035|
|F550|6428,75|70|0,00|6428,75|0,6500|41,79|70|0,00|6428,75|3,0000|192,86|00|5101|CTA_RECEITA|CONSOLIDACAO SINTETICA 0036|
|F550|6601,75|99|0,00|6601,75|1,6500|108,93|99|0,00|6601,75|7,6000|501,73|55|5102|CTA_RECEITA|CONSOLIDACAO SINTETICA 0037|
|F550|6774,75|04|0,00|0,00|0,0000|0,00|04|0,00|0,00|0,0000|0,00|00|5933|CTA_RECEITA|CONSOLIDACAO SINTETICA 0038|
|F550|6947,75|08|0,00|0,00|0,0000|0,00|08|0,00|0,00|0,0000|0,00|55|6101|CTA_RECEITA|CONSOLIDACAO SINTETICA 0039|
|F550|7120,75|51|0,00|7120,75|0,6500|46,28|51|0,00|7120,75|3,0000|213,62|00|6102|CTA_RECEITA|CONSOLIDACAO SINTETICA 0040|
|F550|7293,75|73|0,00|7293,75|1,6500|120,35|73|0,00|7293,75|7,6000|554,33|55|6933|CTA_RECEITA|CONSOLIDACAO SINTETICA 0041|
|F550|7466,75|01|0,00|7466,75|1,6500|123,20|01|0,00|7466,75|7,6000|567,47|00|5101|CTA_RECEITA|CONSOLIDACAO SINTETICA 0042|
|F550|7639,75|06|0,00|0,00|0,0000|0,00|06|0,00|0,00|0,0000|0,00|55|5102|CTA_RECEITA|CONSOLIDACAO SINTETICA 0043|
|F550|7812,75|49|0,00|7812,75|0,6500|50,78|49|0,00|7812,75|3,0000|234,38|00|5933|CTA_RECEITA|CONSOLIDACAO SINTETICA 0044|
|F550|7985,75|60|0,00|0,00|0,0000|0,00|60|0,00|0,00|0,0000|0,00|55|6101|CTA_RECEITA|CONSOLIDACAO SINTETICA 0045|
|F550|8158,75|98|0,00|8158,75|1,6500|134,62|98|0,00|8158,75|7,6000|620,07|00|6102|CTA_RECEITA|CONSOLIDACAO SINTETICA 0046|
|F550|8331,75|02|0,00|8331,75|1,6500|137,47|02|0,00|8331,75|7,6000|633,21|55|6933|CTA_RECEITA|CONSOLIDACAO SINTETICA 0047|
|F550|8504,75|07|0,00|0,00|0,0000|0,00|07|0,00|0,00|0,0000|0,00|00|5101|CTA_RECEITA|CONSOLIDACAO SINTETICA 0048|
|F550|8677,75|50|0,00|8677,75|1,6500|143,18|50|0,00|8677,75|7,6000|659,51|55|5102|CTA_RECEITA|CONSOLIDACAO SINTETICA 0049|
|F550|8850,75|70|0,00|8850,75|1,6500|146,04|70|0,00|8850,75|7,6000|672,66|00|5933|CTA_RECEITA|CONSOLIDACAO SINTETICA 0050|
|F550|9023,75|99|0,00|9023,75|1,6500|148,89|99|0,00|9023,75|7,6000|685,81|55|6101|CTA_RECEITA|CONSOLIDACAO SINTETICA 0051|
|F550|9196,75|04|0,00|0,00|0,0000|0,00|04|0,00|0,00|0,0000|0,00|00|6102|CTA_RECEITA|CONSOLIDACAO SINTETICA 0052|
|F550|269,75|08|0,00|0,00|0,0000|0,00|08|0,00|0,00|0,0000|0,00|55|6933|CTA_RECEITA|CONSOLIDACAO SINTETICA 0053|
|F550|442,75|51|0,00|442,75|1,6500|7,31|51|0,00|442,75|7,6000|33,65|00|5101|CTA_RECEITA|CONSOLIDACAO SINTETICA 0054|
|F550|615,75|73|0,00|615,75|1,6500|10,16|73|0,00|615,75|7,6000|46,80|55|5102|CTA_RECEITA|CONSOLIDACAO SINTETICA 0055|
|F550|788,75|01|0,00|788,75|0,6500|5,13|01|0,00|788,75|3,0000|23,66|00|5933|CTA_RECEITA|CONSOLIDACAO SINTETICA 0056|
|F550|961,75|06|0,00|0,00|0,0000|0,00|06|0,00|0,00|0,0000|0,00|55|6101|CTA_RECEITA|CONSOLIDACAO SINTETICA 0057|
|F550|1134,75|49|0,00|1134,75|1,6500|18,72|49|0,00|1134,75|7,6000|86,24|00|6102|CTA_RECEITA|CONSOLIDACAO SINTETICA 0058|
|F550|1307,75|60|0,00|0,00|0,0000|0,00|60|0,00|0,00|0,0000|0,00|55|6933|CTA_RECEITA|CONSOLIDACAO SINTETICA 0059|
|F550|1480,75|98|0,00|1480,75|0,6500|9,62|98|0,00|1480,75|3,0000|44,42|00|5101|CTA_RECEITA|CONSOLIDACAO SINTETICA 0060|
|F550|1653,75|02|0,00|1653,75|1,6500|27,29|02|0,00|1653,75|7,6000|125,69|55|5102|CTA_RECEITA|CONSOLIDACAO SINTETICA 0061|
|F550|1826,75|07|0,00|0,00|0,0000|0,00|07|0,00|0,00|0,0000|0,00|00|5933|CTA_RECEITA|CONSOLIDACAO SINTETICA 0062|
|F550|1999,75|50|0,00|1999,75|1,6500|33,00|50|0,00|1999,75|7,6000|151,98|55|6101|CTA_RECEITA|CONSOLIDACAO SINTETICA 0063|
|F550|2172,75|70|0,00|2172,75|0,6500|14,12|70|0,00|2172,75|3,0000|65,18|00|6102|CTA_RECEITA|CONSOLIDACAO SINTETICA 0064|
|F550|2345,75|99|0,00|2345,75|1,6500|38,70|99|0,00|2345,75|7,6000|178,28|55|6933|CTA_RECEITA|CONSOLIDACAO SINTETICA 0065|
|F550|2518,75|04|0,00|0,00|0,0000|0,00|04|0,00|0,00|0,0000|0,00|00|5101|CTA_RECEITA|CONSOLIDACAO SINTETICA 0066|
|F550|2691,75|08|0,00|0,00|0,0000|0,00|08|0,00|0,00|0,0000|0,00|55|5102|CTA_RECEITA|CONSOLIDACAO SINTETICA 0067|
|F550|2864,75|51|0,00|2864,75|0,6500|18,62|51|0,00|2864,75|3,0000|85,94|00|5933|CTA_RECEITA|CONSOLIDACAO SINTETICA 0068|
|F550|3037,75|73|0,00|3037,75|1,6500|50,12|73|0,00|3037,75|7,6000|230,87|55|6101|CTA_RECEITA|CONSOLIDACAO SINTETICA 0069|
|F550|3210,75|01|0,00|3210,75|1,6500|52,98|01|0,00|3210,75|7,6000|244,02|00|6102|CTA_RECEITA|CONSOLIDACAO SINTETICA 0070|
|F550|3383,75|06|0,00|0,00|0,0000|0,00|06|0,00|0,00|0,0000|0,00|55|6933|CTA_RECEITA|CONSOLIDACAO SINTETICA 0071|
|F550|3556,75|49|0,00|3556,75|0,6500|23,12|49|0,00|3556,75|3,0000|106,70|00|5101|CTA_RECEITA|CONSOLIDACAO SINTETICA 0072|
|F550|3729,75|60|0,00|0,00|0,0000|0,00|60|0,00|0,00|0,0000|0,00|55|5102|CTA_RECEITA|CONSOLIDACAO SINTETICA 0073|
|F550|3902,75|98|0,00|3902,75|1,6500|64,40|98|0,00|3902,75|7,6000|296,61|00|5933|CTA_RECEITA|CONSOLIDACAO SINTETICA 0074|
|F550|4075,75|02|0,00|4075,75|1,6500|67,25|02|0,00|4075,75|7,6000|309,76|55|6101|CTA_RECEITA|CONSOLIDACAO SINTETICA 0075|
|F550|4248,75|07|0,00|0,00|0,0000|0,00|07|0,00|0,00|0,0000|0,00|00|6102|CTA_RECEITA|CONSOLIDACAO SINTETICA 0076|
|F550|4421,75|50|0,00|4421,75|1,6500|72,96|50|0,00|4421,75|7,6000|336,05|55|6933|CTA_RECEITA|CONSOLIDACAO SINTETICA 0077|
|F550|4594,75|70|0,00|4594,75|1,6500|75,81|70|0,00|4594,75|7,6000|349,20|00|5101|CTA_RECEITA|CONSOLIDACAO SINTETICA 0078|
|F550|4767,75|99|0,00|4767,75|1,6500|78,67|99|0,00|4767,75|7,6000|362,35|55|5102|CTA_RECEITA|CONSOLIDACAO SINTETICA 0079|
|F550|4940,75|04|0,00|0,00|0,0000|0,00|04|0,00|0,00|0,0000|0,00|00|5933|CTA_RECEITA|CONSOLIDACAO SINTETICA 0080|
|F550|5113,75|08|0,00|0,00|0,0000|0,00|08|0,00|0,00|0,0000|0,00|55|6101|CTA_RECEITA|CONSOLIDACAO SINTETICA 0081|
|F550|5286,75|51|0,00|5286,75|1,6500|87,23|51|0,00|5286,75|7,6000|401,79|00|6102|CTA_RECEITA|CONSOLIDACAO SINTETICA 0082|
|F550|5459,75|73|0,00|5459,75|1,6500|90,09|73|0,00|5459,75|7,6000|414,94|55|6933|CTA_RECEITA|CONSOLIDACAO SINTETICA 0083|
|F550|5632,75|01|0,00|5632,75|0,6500|36,61|01|0,00|5632,75|3,0000|168,98|00|5101|CTA_RECEITA|CONSOLIDACAO SINTETICA 0084|
|F550|5805,75|06|0,00|0,00|0,0000|0,00|06|0,00|0,00|0,0000|0,00|55|5102|CTA_RECEITA|CONSOLIDACAO SINTETICA 0085|
|F550|5978,75|49|0,00|5978,75|1,6500|98,65|49|0,00|5978,75|7,6000|454,39|00|5933|CTA_RECEITA|CONSOLIDACAO SINTETICA 0086|
|F550|6151,75|60|0,00|0,00|0,0000|0,00|60|0,00|0,00|0,0000|0,00|55|6101|CTA_RECEITA|CONSOLIDACAO SINTETICA 0087|
|F550|6324,75|98|0,00|6324,75|0,6500|41,11|98|0,00|6324,75|3,0000|189,74|00|6102|CTA_RECEITA|CONSOLIDACAO SINTETICA 0088|
|F550|6497,75|02|0,00|6497,75|1,6500|107,21|02|0,00|6497,75|7,6000|493,83|55|6933|CTA_RECEITA|CONSOLIDACAO SINTETICA 0089|
|F550|6670,75|07|0,00|0,00|0,0000|0,00|07|0,00|0,00|0,0000|0,00|00|5101|CTA_RECEITA|CONSOLIDACAO SINTETICA 0090|
|F550|6843,75|50|0,00|6843,75|1,6500|112,92|50|0,00|6843,75|7,6000|520,13|55|5102|CTA_RECEITA|CONSOLIDACAO SINTETICA 0091|
|F550|7016,75|70|0,00|7016,75|0,6500|45,61|70|0,00|7016,75|3,0000|210,50|00|5933|CTA_RECEITA|CONSOLIDACAO SINTETICA 0092|
|F550|7189,75|99|0,00|7189,75|1,6500|118,63|99|0,00|7189,75|7,6000|546,42|55|6101|CTA_RECEITA|CONSOLIDACAO SINTETICA 0093|
|F550|7362,75|04|0,00|0,00|0,0000|0,00|04|0,00|0,00|0,0000|0,00|00|6102|CTA_RECEITA|CONSOLIDACAO SINTETICA 0094|
|F550|7535,75|08|0,00|0,00|0,0000|0,00|08|0,00|0,00|0,0000|0,00|55|6933|CTA_RECEITA|CONSOLIDACAO SINTETICA 0095|
|F550|7708,75|51|0,00|7708,75|0,6500|50,11|51|0,00|7708,75|3,0000|231,26|00|5101|CTA_RECEITA|CONSOLIDACAO SINTETICA 0096|
|F550|7881,75|73|0,00|7881,75|1,6500|130,05|73|0,00|7881,75|7,6000|599,01|55|5102|CTA_RECEITA|CONSOLIDACAO SINTETICA 0097|
|F550|8054,75|01|0,00|8054,75|1,6500|132,90|01|0,00|8054,75|7,6000|612,16|00|5933|CTA_RECEITA|CONSOLIDACAO SINTETICA 0098|
|F550|8227,75|06|0,00|0,00|0,0000|0,00|06|0,00|0,00|0,0000|0,00|55|6101|CTA_RECEITA|CONSOLIDACAO SINTETICA 0099|
|F550|8400,75|49|0,00|8400,75|0,6500|54,60|49|0,00|8400,75|3,0000|252,02|00|6102|CTA_RECEITA|CONSOLIDACAO SINTETICA 0100|
|F550|8573,75|60|0,00|0,00|0,0000|0,00|60|0,00|0,00|0,0000|0,00|55|6933|CTA_RECEITA|CONSOLIDACAO SINTETICA 0101|
|F550|8746,75|98|0,00|8746,75|1,6500|144,32|98|0,00|8746,75|7,6000|664,75|00|5101|CTA_RECEITA|CONSOLIDACAO SINTETICA 0102|
|F550|8919,75|02|0,00|8919,75|1,6500|147,18|02|0,00|8919,75|7,6000|677,90|55|5102|CTA_RECEITA|CONSOLIDACAO SINTETICA 0103|
|F550|9092,75|07|0,00|0,00|0,0000|0,00|07|0,00|0,00|0,0000|0,00|00|5933|CTA_RECEITA|CONSOLIDACAO SINTETICA 0104|
|F550|9265,75|50|0,00|9265,75|1,6500|152,88|50|0,00|9265,75|7,6000|704,20|55|6101|CTA_RECEITA|CONSOLIDACAO SINTETICA 0105|
|F550|338,75|70|0,00|338,75|1,6500|5,59|70|0,00|338,75|7,6000|25,75|00|6102|CTA_RECEITA|CONSOLIDACAO SINTETICA 0106|
|F550|511,75|99|0,00|511,75|1,6500|8,44|99|0,00|511,75|7,6000|38,89|55|6933|CTA_RECEITA|CONSOLIDACAO SINTETICA 0107|
|F550|684,75|04|0,00|0,00|0,0000|0,00|04|0,00|0,00|0,0000|0,00|00|5101|CTA_RECEITA|CONSOLIDACAO SINTETICA 0108|
|F550|857,75|08|0,00|0,00|0,0000|0,00|08|0,00|0,00|0,0000|0,00|55|5102|CTA_RECEITA|CONSOLIDACAO SINTETICA 0109|
|F550|1030,75|51|0,00|1030,75|1,6500|17,01|51|0,00|1030,75|7,6000|78,34|00|5933|CTA_RECEITA|CONSOLIDACAO SINTETICA 0110|
|F550|1203,75|73|0,00|1203,75|1,6500|19,86|73|0,00|1203,75|7,6000|91,49|55|6101|CTA_RECEITA|CONSOLIDACAO SINTETICA 0111|
|F550|1376,75|01|0,00|1376,75|0,6500|8,95|01|0,00|1376,75|3,0000|41,30|00|6102|CTA_RECEITA|CONSOLIDACAO SINTETICA 0112|
|F550|1549,75|06|0,00|0,00|0,0000|0,00|06|0,00|0,00|0,0000|0,00|55|6933|CTA_RECEITA|CONSOLIDACAO SINTETICA 0113|
|F550|1722,75|49|0,00|1722,75|1,6500|28,43|49|0,00|1722,75|7,6000|130,93|00|5101|CTA_RECEITA|CONSOLIDACAO SINTETICA 0114|
|F550|1895,75|60|0,00|0,00|0,0000|0,00|60|0,00|0,00|0,0000|0,00|55|5102|CTA_RECEITA|CONSOLIDACAO SINTETICA 0115|
|F550|2068,75|98|0,00|2068,75|0,6500|13,45|98|0,00|2068,75|3,0000|62,06|00|5933|CTA_RECEITA|CONSOLIDACAO SINTETICA 0116|
|F550|2241,75|02|0,00|2241,75|1,6500|36,99|02|0,00|2241,75|7,6000|170,37|55|6101|CTA_RECEITA|CONSOLIDACAO SINTETICA 0117|
|F550|2414,75|07|0,00|0,00|0,0000|0,00|07|0,00|0,00|0,0000|0,00|00|6102|CTA_RECEITA|CONSOLIDACAO SINTETICA 0118|
|F550|2587,75|50|0,00|2587,75|1,6500|42,70|50|0,00|2587,75|7,6000|196,67|55|6933|CTA_RECEITA|CONSOLIDACAO SINTETICA 0119|
|F550|2760,75|70|0,00|2760,75|0,6500|17,94|70|0,00|2760,75|3,0000|82,82|00|5101|CTA_RECEITA|CONSOLIDACAO SINTETICA 0120|
|F550|2933,75|99|0,00|2933,75|1,6500|48,41|99|0,00|2933,75|7,6000|222,97|55|5102|CTA_RECEITA|CONSOLIDACAO SINTETICA 0121|
|F550|3106,75|04|0,00|0,00|0,0000|0,00|04|0,00|0,00|0,0000|0,00|00|5933|CTA_RECEITA|CONSOLIDACAO SINTETICA 0122|
|F550|3279,75|08|0,00|0,00|0,0000|0,00|08|0,00|0,00|0,0000|0,00|55|6101|CTA_RECEITA|CONSOLIDACAO SINTETICA 0123|
|F550|3452,75|51|0,00|3452,75|0,6500|22,44|51|0,00|3452,75|3,0000|103,58|00|6102|CTA_RECEITA|CONSOLIDACAO SINTETICA 0124|
|F550|3625,75|73|0,00|3625,75|1,6500|59,82|73|0,00|3625,75|7,6000|275,56|55|6933|CTA_RECEITA|CONSOLIDACAO SINTETICA 0125|
|F550|3798,75|01|0,00|3798,75|1,6500|62,68|01|0,00|3798,75|7,6000|288,71|00|5101|CTA_RECEITA|CONSOLIDACAO SINTETICA 0126|
|F550|3971,75|06|0,00|0,00|0,0000|0,00|06|0,00|0,00|0,0000|0,00|55|5102|CTA_RECEITA|CONSOLIDACAO SINTETICA 0127|
|F550|4144,75|49|0,00|4144,75|0,6500|26,94|49|0,00|4144,75|3,0000|124,34|00|5933|CTA_RECEITA|CONSOLIDACAO SINTETICA 0128|
|F550|4317,75|60|0,00|0,00|0,0000|0,00|60|0,00|0,00|0,0000|0,00|55|6101|CTA_RECEITA|CONSOLIDACAO SINTETICA 0129|
|F550|4490,75|98|0,00|4490,75|1,6500|74,10|98|0,00|4490,75|7,6000|341,30|00|6102|CTA_RECEITA|CONSOLIDACAO SINTETICA 0130|
|F550|4663,75|02|0,00|4663,75|1,6500|76,95|02|0,00|4663,75|7,6000|354,45|55|6933|CTA_RECEITA|CONSOLIDACAO SINTETICA 0131|
|F550|4836,75|07|0,00|0,00|0,0000|0,00|07|0,00|0,00|0,0000|0,00|00|5101|CTA_RECEITA|CONSOLIDACAO SINTETICA 0132|
|F550|5009,75|50|0,00|5009,75|1,6500|82,66|50|0,00|5009,75|7,6000|380,74|55|5102|CTA_RECEITA|CONSOLIDACAO SINTETICA 0133|
|F990|251|
|1001|1|
|1990|2|
|9001|0|
|9900|0000|1|
|9900|0001|1|
|9900|0110|1|
|9900|0140|1|
|9900|0150|30|
|9900|0200|20|
|9900|0990|1|
|9900|1001|1|
|9900|1990|1|
|9900|9001|1|
|9900|9900|25|
|9900|9990|1|
|9900|9999|1|
|9900|A001|1|
|9900|A100|100|
|9900|A170|200|
|9900|A990|1|
|9900|C001|1|
|9900|C100|120|
|9900|C170|240|
|9900|C990|1|
|9900|F001|1|
|9900|F100|116|
|9900|F550|133|
|9900|F990|1|
|9990|27|
|9999|1000|
