CNPJ;Período;Registros;Tipo Operação;Situação;Código Participante;CNPJ Participante;CPF Participante;Nome Participante;UF Origem/Destino;Número Documento;Série;Chave NF-e;Data Documento;Data Entrada/Saída;Vlr Documento;Vlr Desconto NF;Vlr Mercadoria/Operação;Vlr Frete;Vlr Seguro;Vlr Outras DA;Número Item;Código Item;Descrição Complementar;Descrição Item;NCM;Código Serviço;Código Barra;Tipo Item;Vlr Item;Qtde;Unidade Medida;Vlr Desconto Item;Natureza Crédito;CFOP;Descrição CFOP;CFOP Faturamento;CST ICMS;Vlr Base Cálculo ICMS;Alíquota ICMS;Vlr ICMS;Vlr Base Cálculo ICMS ST;Alíquota ICMS ST;Vlr ICMS ST;CST IPI;Vlr Base Cálculo IPI;Alíquota IPI;Vlr IPI;CST PIS;Vlr Base Cálculo PIS;Qtde Base Cálculo PIS;Alíquota PIS;Qtde Alíquota PIS;Vlr PIS;CST Cofins;Vlr Base Cálculo Cofins;Qtde Base Cálculo Cofins;Alíquota Cofins;Qtde Alíquota Cofins;Vlr Cofins;Conta Contábil;Débito/Crédito
99999999000199;01/08/2026 a 31/08/2026;A100/A170;0;00;PART001;99000000010001;;FORNECEDOR SINTETICO 001;RJ;AS00010001;1;10001;01/08/2026;01/08/2026;217,00;0,00;217,00;;;;1;ITEM001;SERVICO SINTETICO A 0001;ITEM OU SERVICO SINTETICO 001;;1202;;09;217,00;;;0,00;01;;;5933;;;;;;;;;;;;04;0,00;;0,0000;;0,00;04;0,00;;0,0000;;0,00;CTA_SERV;Crédito
99999999000199;01/08/2026 a 31/08/2026;A100/A170;0;00;PART002;99000000020001;;FORNECEDOR SINTETICO 002;MG;AS00010002;1;10002;02/08/2026;02/08/2026;621,00;0,00;621,00;;;;1;ITEM002;SERVICO SINTETICO A 0002;ITEM OU SERVICO SINTETICO 002;;1203;;09;254,00;;;0,00;01;;;6102;;;;;;;;;;;;06;0,00;;0,0000;;0,00;06;0,00;;0,0000;;0,00;CTA_SERV;Crédito
99999999000199;01/08/2026 a 31/08/2026;A100/A170;0;00;PART002;99000000020001;;FORNECEDOR SINTETICO 002;MG;AS00010002;1;10002;02/08/2026;02/08/2026;621,00;0,00;621,00;;;;2;ITEM003;SERVICO SINTETICO A 0003;ITEM OU SERVICO SINTETICO 003;;1401;;09;367,00;;;0,00;01;;;6933;;;;;;;;;;;;07;0,00;;0,0000;;0,00;07;0,00;;0,0000;;0,00;CTA_SERV;Crédito
99999999000199;01/08/2026 a 31/08/2026;A100/A170;0;00;PART003;99000000030001;;FORNECEDOR SINTETICO 003;PR;AS00010003;1;10003;03/08/2026;03/08/2026;1212,00;0,00;1212,00;;;;1;ITEM004;SERVICO SINTETICO A 0004;ITEM OU SERVICO SINTETICO 004;;1701;;09;291,00;;;0,00;01;;;1102;;;;;;;;;;;;07;0,00;;0,0000;;0,00;07;0,00;;0,0000;;0,00;CTA_SERV;Crédito
99999999000199;01/08/2026 a 31/08/2026;A100/A170;0;00;PART003;99000000030001;;FORNECEDOR SINTETICO 003;PR;AS00010003;1;10003;03/08/2026;03/08/2026;1212,00;0,00;1212,00;;;;2;ITEM005;SERVICO SINTETICO A 0005;ITEM OU SERVICO SINTETICO 005;;1702;;09;404,00;;;0,00;01;;;2102;;;;;;;;;;;;08;0,00;;0,0000;;0,00;08;0,00;;0,0000;;0,00;CTA_SERV;Crédito
99999999000199;01/08/2026 a 31/08/2026;A100/A170;0;00;PART003;99000000030001;;FORNECEDOR SINTETICO 003;PR;AS00010003;1;10003;03/08/2026;03/08/2026;1212,00;0,00;1212,00;;;;3;ITEM006;SERVICO SINTETICO A 0006;ITEM OU SERVICO SINTETICO 006;;1801;;09;517,00;;;0,00;01;;;5102;;;;;;;;;;;;49;517,00;;1,6500;;8,53;49;517,00;;7,6000;;39,29;CTA_SERV;Crédito
99999999000199;01/08/2026 a 31/08/2026;A100/A170;1;00;PART004;99000000040001;;FORNECEDOR SINTETICO 004;SC;AS00010004;1;10004;04/08/2026;04/08/2026;328,00;0,00;328,00;;;;1;ITEM007;SERVICO SINTETICO A 0007;ITEM OU SERVICO SINTETICO 007;;1201;;09;328,00;;;0,00;01;;;5933;;;;;;;;;;;;08;0,00;;0,0000;;0,00;08;0,00;;0,0000;;0,00;CTA_SERV;Débito
99999999000199;01/08/2026 a 31/08/2026;A100/A170;0;00;PART005;99000000050001;;FORNECEDOR SINTETICO 005;RS;AS00010005;1;10005;05/08/2026;05/08/2026;843,00;0,00;843,00;;;;1;ITEM008;SERVICO SINTETICO A 0008;ITEM OU SERVICO SINTETICO 008;;1202;;09;365,00;;;0,00;01;;;6102;;;;;;;;;;;;49;365,00;;1,6500;;6,02;49;365,00;;7,6000;;27,74;CTA_SERV;Crédito
99999999000199;01/08/2026 a 31/08/2026;A100/A170;0;00;PART005;99000000050001;;FORNECEDOR SINTETICO 005;RS;AS00010005;1;10005;05/08/2026;05/08/2026;843,00;0,00;843,00;;;;2;ITEM001;SERVICO SINTETICO A 0009;ITEM OU SERVICO SINTETICO 001;;1203;;09;478,00;;;0,00;01;;;6933;;;;;;;;;;;;50;478,00;;1,6500;;7,89;50;478,00;;7,6000;;36,33;CTA_SERV;Crédito
99999999000199;01/08/2026 a 31/08/2026;A100/A170;0;00;PART006;99000000060001;;FORNECEDOR SINTETICO 006;SP;AS00010006;1;10006;06/08/2026;06/08/2026;1545,00;0,00;1545,00;;;;1;ITEM002;SERVICO SINTETICO A 0010;ITEM OU SERVICO SINTETICO 002;;1401;;09;402,00;;;0,00;01;;;1102;;;;;;;;;;;;50;402,00;;1,6500;;6,63;50;402,00;;7,6000;;30,55;CTA_SERV;Crédito
99999999000199;01/08/2026 a 31/08/2026;A100/A170;0;00;PART006;99000000060001;;FORNECEDOR SINTETICO 006;SP;AS00010006;1;10006;06/08/2026;06/08/2026;1545,00;0,00;1545,00;;;;2;ITEM003;SERVICO SINTETICO A 0011;ITEM OU SERVICO SINTETICO 003;;1701;;09;515,00;;;0,00;01;;;2102;;;;;;;;;;;;51;515,00;;1,6500;;8,50;51;515,00;;7,6000;;39,14;CTA_SERV;Crédito
99999999000199;01/08/2026 a 31/08/2026;A100/A170;0;00;PART006;99000000060001;;FORNECEDOR SINTETICO 006;SP;AS00010006;1;10006;06/08/2026;06/08/2026;1545,00;0,00;1545,00;;;;3;ITEM004;SERVICO SINTETICO A 0012;ITEM OU SERVICO SINTETICO 004;;1702;;09;628,00;;;0,00;01;;;5102;;;;;;;;;;;;70;628,00;;1,6500;;10,36;70;628,00;;7,6000;;47,73;CTA_SERV;Crédito
99999999000199;01/08/2026 a 31/08/2026;A100/A170;0;00;PART007;99000000070001;;FORNECEDOR SINTETICO 007;RJ;AS00010007;1;10007;07/08/2026;07/08/2026;439,00;0,00;439,00;;;;1;ITEM005;SERVICO SINTETICO A 0013;ITEM OU SERVICO SINTETICO 005;;1801;;09;439,00;;;0,00;01;;;5933;;;;;;;;;;;;51;439,00;;1,6500;;7,24;51;439,00;;7,6000;;33,36;CTA_SERV;Crédito
99999999000199;01/08/2026 a 31/08/2026;A100/A170;1;00;PART008;99000000080001;;FORNECEDOR SINTETICO 008;MG;AS00010008;1;10008;08/08/2026;08/08/2026;1065,00;0,00;1065,00;;;;1;ITEM006;SERVICO SINTETICO A 0014;ITEM OU SERVICO SINTETICO 006;;1201;;09;476,00;;;0,00;01;;;6102;;;;;;;;;;;;70;476,00;;1,6500;;7,85;70;476,00;;7,6000;;36,18;CTA_SERV;Débito
99999999000199;01/08/2026 a 31/08/2026;A100/A170;1;00;PART008;99000000080001;;FORNECEDOR SINTETICO 008;MG;AS00010008;1;10008;08/08/2026;08/08/2026;1065,00;0,00;1065,00;;;;2;ITEM007;SERVICO SINTETICO A 0015;ITEM OU SERVICO SINTETICO 007;;1202;;09;589,00;;;0,00;01;;;6933;;;;;;;;;;;;73;589,00;;1,6500;;9,72;73;589,00;;7,6000;;44,76;CTA_SERV;Débito
99999999000199;01/08/2026 a 31/08/2026;A100/A170;0;00;PART009;99000000090001;;FORNECEDOR SINTETICO 009;PR;AS00010009;1;10009;09/08/2026;09/08/2026;1878,00;0,00;1878,00;;;;1;ITEM008;SERVICO SINTETICO A 0016;ITEM OU SERVICO SINTETICO 008;;1203;;09;513,00;;;0,00;01;;;1102;;;;;;;;;;;;73;513,00;;1,6500;;8,46;73;513,00;;7,6000;;38,99;CTA_SERV;Crédito
99999999000199;01/08/2026 a 31/08/2026;A100/A170;0;00;PART009;99000000090001;;FORNECEDOR SINTETICO 009;PR;AS00010009;1;10009;09/08/2026;09/08/2026;1878,00;0,00;1878,00;;;;2;ITEM001;SERVICO SINTETICO A 0017;ITEM OU SERVICO SINTETICO 001;;1401;;09;626,00;;;0,00;01;;;2102;;;;;;;;;;;;01;626,00;;1,6500;;10,33;01;626,00;;7,6000;;47,58;CTA_SERV;Crédito
99999999000199;01/08/2026 a 31/08/2026;A100/A170;0;00;PART009;99000000090001;;FORNECEDOR SINTETICO 009;PR;AS00010009;1;10009;09/08/2026;09/08/2026;1878,00;0,00;1878,00;;;;3;ITEM002;SERVICO SINTETICO A 0018;ITEM OU SERVICO SINTETICO 002;;1701;;09;739,00;;;0,00;01;;;5102;;;;;;;;;;;;02;739,00;;1,6500;;12,19;02;739,00;;7,6000;;56,16;CTA_SERV;Crédito
99999999000199;01/08/2026 a 31/08/2026;A100/A170;0;00;PART010;99000000100001;;FORNECEDOR SINTETICO 010;SC;AS00010010;1;10010;10/08/2026;10/08/2026;550,00;0,00;550,00;;;;1;ITEM003;SERVICO SINTETICO A 0019;ITEM OU SERVICO SINTETICO 003;;1702;;09;550,00;;;0,00;01;;;5933;;;;;;;;;;;;01;550,00;;1,6500;;9,08;01;550,00;;7,6000;;41,80;CTA_SERV;Crédito
99999999000199;01/08/2026 a 31/08/2026;A100/A170;0;00;PART011;99000000110001;;FORNECEDOR SINTETICO 011;RS;AS00010011;1;10011;11/08/2026;11/08/2026;1287,00;0,00;1287,00;;;;1;ITEM004;SERVICO SINTETICO A 0020;ITEM OU SERVICO SINTETICO 004;;1801;;09;587,00;;;0,00;01;;;6102;;;;;;;;;;;;02;587,00;;1,6500;;9,69;02;587,00;;7,6000;;44,61;CTA_SERV;Crédito
99999999000199;01/08/2026 a 31/08/2026;A100/A170;0;00;PART011;99000000110001;;FORNECEDOR SINTETICO 011;RS;AS00010011;1;10011;11/08/2026;11/08/2026;1287,00;0,00;1287,00;;;;2;ITEM005;SERVICO SINTETICO A 0021;ITEM OU SERVICO SINTETICO 005;;1201;;09;700,00;;;0,00;01;;;6933;;;;;;;;;;;;04;0,00;;0,0000;;0,00;04;0,00;;0,0000;;0,00;CTA_SERV;Crédito
99999999000199;01/08/2026 a 31/08/2026;A100/A170;1;00;PART012;99000000120001;;FORNECEDOR SINTETICO 012;SP;AS00010012;1;10012;12/08/2026;12/08/2026;2211,00;0,00;2211,00;;;;1;ITEM006;SERVICO SINTETICO A 0022;ITEM OU SERVICO SINTETICO 006;;1202;;09;624,00;;;0,00;01;;;1102;;;;;;;;;;;;04;0,00;;0,0000;;0,00;04;0,00;;0,0000;;0,00;CTA_SERV;Débito
99999999000199;01/08/2026 a 31/08/2026;A100/A170;1;00;PART012;99000000120001;;FORNECEDOR SINTETICO 012;SP;AS00010012;1;10012;12/08/2026;12/08/2026;2211,00;0,00;2211,00;;;;2;ITEM007;SERVICO SINTETICO A 0023;ITEM OU SERVICO SINTETICO 007;;1203;;09;737,00;;;0,00;01;;;2102;;;;;;;;;;;;06;0,00;;0,0000;;0,00;06;0,00;;0,0000;;0,00;CTA_SERV;Débito
99999999000199;01/08/2026 a 31/08/2026;A100/A170;1;00;PART012;99000000120001;;FORNECEDOR SINTETICO 012;SP;AS00010012;1;10012;12/08/2026;12/08/2026;2211,00;0,00;2211,00;;;;3;ITEM008;SERVICO SINTETICO A 0024;ITEM OU SERVICO SINTETICO 008;;1401;;09;850,00;;;0,00;01;;;5102;;;;;;;;;;;;07;0,00;;0,0000;;0,00;07;0,00;;0,0000;;0,00;CTA_SERV;Débito
99999999000199;01/08/2026 a 31/08/2026;A100/A170;0;00;PART013;99000000130001;;FORNECEDOR SINTETICO 013;RJ;AS00010013;1;10013;13/08/2026;13/08/2026;661,00;0,00;661,00;;;;1;ITEM001;SERVICO SINTETICO A 0025;ITEM OU SERVICO SINTETICO 001;;1701;;09;661,00;;;0,00;01;;;5933;;;;;;;;;;;;06;0,00;;0,0000;;0,00;06;0,00;;0,0000;;0,00;CTA_SERV;Crédito
99999999000199;01/08/2026 a 31/08/2026;A100/A170;0;00;PART014;99000000140001;;FORNECEDOR SINTETICO 014;MG;AS00010014;1;10014;14/08/2026;14/08/2026;1509,00;0,00;1509,00;;;;1;ITEM002;SERVICO SINTETICO A 0026;ITEM OU SERVICO SINTETICO 002;;1702;;09;698,00;;;0,00;01;;;6102;;;;;;;;;;;;07;0,00;;0,0000;;0,00;07;0,00;;0,0000;;0,00;CTA_SERV;Crédito
99999999000199;01/08/2026 a 31/08/2026;A100/A170;0;00;PART014;99000000140001;;FORNECEDOR SINTETICO 014;MG;AS00010014;1;10014;14/08/2026;14/08/2026;1509,00;0,00;1509,00;;;;2;ITEM003;SERVICO SINTETICO A 0027;ITEM OU SERVICO SINTETICO 003;;1801;;09;811,00;;;0,00;01;;;6933;;;;;;;;;;;;08;0,00;;0,0000;;0,00;08;0,00;;0,0000;;0,00;CTA_SERV;Crédito
99999999000199;01/08/2026 a 31/08/2026;A100/A170;0;00;PART015;99000000150001;;FORNECEDOR SINTETICO 015;PR;AS00010015;1;10015;15/08/2026;15/08/2026;2544,00;0,00;2544,00;;;;1;ITEM004;SERVICO SINTETICO A 0028;ITEM OU SERVICO SINTETICO 004;;1201;;09;735,00;;;0,00;01;;;1102;;;;;;;;;;;;08;0,00;;0,0000;;0,00;08;0,00;;0,0000;;0,00;CTA_SERV;Crédito
99999999000199;01/08/2026 a 31/08/2026;A100/A170;0;00;PART015;99000000150001;;FORNECEDOR SINTETICO 015;PR;AS00010015;1;10015;15/08/2026;15/08/2026;2544,00;0,00;2544,00;;;;2;ITEM005;SERVICO SINTETICO A 0029;ITEM OU SERVICO SINTETICO 005;;1202;;09;848,00;;;0,00;01;;;2102;;;;;;;;;;;;49;848,00;;1,6500;;13,99;49;848,00;;7,6000;;64,45;CTA_SERV;Crédito
99999999000199;01/08/2026 a 31/08/2026;A100/A170;0;00;PART015;99000000150001;;FORNECEDOR SINTETICO 015;PR;AS00010015;1;10015;15/08/2026;15/08/2026;2544,00;0,00;2544,00;;;;3;ITEM006;SERVICO SINTETICO A 0030;ITEM OU SERVICO SINTETICO 006;;1203;;09;961,00;;;0,00;01;;;5102;;;;;;;;;;;;50;961,00;;1,6500;;15,86;50;961,00;;7,6000;;73,04;CTA_SERV;Crédito
99999999000199;01/08/2026 a 31/08/2026;A100/A170;1;00;PART016;99000000160001;;CLIENTE SINTETICO 016;SC;AS00010016;1;10016;16/08/2026;16/08/2026;772,00;0,00;772,00;;;;1;ITEM007;SERVICO SINTETICO A 0031;ITEM OU SERVICO SINTETICO 007;;1401;;09;772,00;;;0,00;01;;;5933;;;;;;;;;;;;49;772,00;;1,6500;;12,74;49;772,00;;7,6000;;58,67;CTA_SERV;Débito
99999999000199;01/08/2026 a 31/08/2026;A100/A170;0;00;PART017;99000000170001;;CLIENTE SINTETICO 017;RS;AS00010017;1;10017;17/08/2026;17/08/2026;1731,00;0,00;1731,00;;;;1;ITEM008;SERVICO SINTETICO A 0032;ITEM OU SERVICO SINTETICO 008;;1701;;09;809,00;;;0,00;01;;;6102;;;;;;;;;;;;50;809,00;;1,6500;;13,35;50;809,00;;7,6000;;61,48;CTA_SERV;Crédito
99999999000199;01/08/2026 a 31/08/2026;A100/A170;0;00;PART017;99000000170001;;CLIENTE SINTETICO 017;RS;AS00010017;1;10017;17/08/2026;17/08/2026;1731,00;0,00;1731,00;;;;2;ITEM001;SERVICO SINTETICO A 0033;ITEM OU SERVICO SINTETICO 001;;1702;;09;922,00;;;0,00;01;;;6933;;;;;;;;;;;;51;922,00;;1,6500;;15,21;51;922,00;;7,6000;;70,07;CTA_SERV;Crédito
99999999000199;01/08/2026 a 31/08/2026;A100/A170;0;00;PART018;99000000180001;;CLIENTE SINTETICO 018;SP;AS00010018;1;10018;18/08/2026;18/08/2026;2877,00;0,00;2877,00;;;;1;ITEM002;SERVICO SINTETICO A 0034;ITEM OU SERVICO SINTETICO 002;;1801;;09;846,00;;;0,00;01;;;1102;;;;;;;;;;;;51;846,00;;1,6500;;13,96;51;846,00;;7,6000;;64,30;CTA_SERV;Crédito
99999999000199;01/08/2026 a 31/08/2026;A100/A170;0;00;PART018;99000000180001;;CLIENTE SINTETICO 018;SP;AS00010018;1;10018;18/08/2026;18/08/2026;2877,00;0,00;2877,00;;;;2;ITEM003;SERVICO SINTETICO A 0035;ITEM OU SERVICO SINTETICO 003;;1201;;09;959,00;;;0,00;01;;;2102;;;;;;;;;;;;70;959,00;;1,6500;;15,82;70;959,00;;7,6000;;72,88;CTA_SERV;Crédito
99999999000199;01/08/2026 a 31/08/2026;A100/A170;0;00;PART018;99000000180001;;CLIENTE SINTETICO 018;SP;AS00010018;1;10018;18/08/2026;18/08/2026;2877,00;0,00;2877,00;;;;3;ITEM004;SERVICO SINTETICO A 0036;ITEM OU SERVICO SINTETICO 004;;1202;;09;1072,00;;;0,00;01;;;5102;;;;;;;;;;;;73;1072,00;;1,6500;;17,69;73;1072,00;;7,6000;;81,47;CTA_SERV;Crédito
99999999000199;01/08/2026 a 31/08/2026;A100/A170;0;00;PART019;99000000190001;;CLIENTE SINTETICO 019;RJ;AS00010019;1;10019;19/08/2026;19/08/2026;883,00;0,00;883,00;;;;1;ITEM005;SERVICO SINTETICO A 0037;ITEM OU SERVICO SINTETICO 005;;1203;;09;883,00;;;0,00;01;;;5933;;;;;;;;;;;;70;883,00;;1,6500;;14,57;70;883,00;;7,6000;;67,11;CTA_SERV;Crédito
99999999000199;01/08/2026 a 31/08/2026;A100/A170;1;00;PART020;99000000200001;;CLIENTE SINTETICO 020;MG;AS00010020;1;10020;20/08/2026;20/08/2026;1953,00;0,00;1953,00;;;;1;ITEM006;SERVICO SINTETICO A 0038;ITEM OU SERVICO SINTETICO 006;;1401;;09;920,00;;;0,00;01;;;6102;;;;;;;;;;;;73;920,00;;1,6500;;15,18;73;920,00;;7,6000;;69,92;CTA_SERV;Débito
99999999000199;01/08/2026 a 31/08/2026;A100/A170;1;00;PART020;99000000200001;;CLIENTE SINTETICO 020;MG;AS00010020;1;10020;20/08/2026;20/08/2026;1953,00;0,00;1953,00;;;;2;ITEM007;SERVICO SINTETICO A 0039;ITEM OU SERVICO SINTETICO 007;;1701;;09;1033,00;;;0,00;01;;;6933;;;;;;;;;;;;01;1033,00;;1,6500;;17,04;01;1033,00;;7,6000;;78,51;CTA_SERV;Débito
99999999000199;01/08/2026 a 31/08/2026;A100/A170;0;00;PART021;99000000210001;;CLIENTE SINTETICO 021;PR;AS00010021;1;10021;21/08/2026;21/08/2026;3210,00;0,00;3210,00;;;;1;ITEM008;SERVICO SINTETICO A 0040;ITEM OU SERVICO SINTETICO 008;;1702;;09;957,00;;;0,00;01;;;1102;;;;;;;;;;;;01;957,00;;1,6500;;15,79;01;957,00;;7,6000;;72,73;CTA_SERV;Crédito
99999999000199;01/08/2026 a 31/08/2026;A100/A170;0;00;PART021;99000000210001;;CLIENTE SINTETICO 021;PR;AS00010021;1;10021;21/08/2026;21/08/2026;3210,00;0,00;3210,00;;;;2;ITEM001;SERVICO SINTETICO A 0041;ITEM OU SERVICO SINTETICO 001;;1801;;09;1070,00;;;0,00;01;;;2102;;;;;;;;;;;;02;1070,00;;1,6500;;17,66;02;1070,00;;7,6000;;81,32;CTA_SERV;Crédito
99999999000199;01/08/2026 a 31/08/2026;A100/A170;0;00;PART021;99000000210001;;CLIENTE SINTETICO 021;PR;AS00010021;1;10021;21/08/2026;21/08/2026;3210,00;0,00;3210,00;;;;3;ITEM002;SERVICO SINTETICO A 0042;ITEM OU SERVICO SINTETICO 002;;1201;;09;1183,00;;;0,00;01;;;5102;;;;;;;;;;;;04;0,00;;0,0000;;0,00;04;0,00;;0,0000;;0,00;CTA_SERV;Crédito
99999999000199;01/08/2026 a 31/08/2026;A100/A170;0;00;PART022;99000000220001;;CLIENTE SINTETICO 022;SC;AS00010022;1;10022;22/08/2026;22/08/2026;994,00;0,00;994,00;;;;1;ITEM003;SERVICO SINTETICO A 0043;ITEM OU SERVICO SINTETICO 003;;1202;;09;994,00;;;0,00;01;;;5933;;;;;;;;;;;;02;994,00;;1,6500;;16,40;02;994,00;;7,6000;;75,54;CTA_SERV;Crédito
99999999000199;01/08/2026 a 31/08/2026;A100/A170;0;00;PART023;99000000230001;;CLIENTE SINTETICO 023;RS;AS00010023;1;10023;23/08/2026;23/08/2026;2175,00;0,00;2175,00;;;;1;ITEM004;SERVICO SINTETICO A 0044;ITEM OU SERVICO SINTETICO 004;;1203;;09;1031,00;;;0,00;01;;;6102;;;;;;;;;;;;04;0,00;;0,0000;;0,00;04;0,00;;0,0000;;0,00;CTA_SERV;Crédito
99999999000199;01/08/2026 a 31/08/2026;A100/A170;0;00;PART023;99000000230001;;CLIENTE SINTETICO 023;RS;AS00010023;1;10023;23/08/2026;23/08/2026;2175,00;0,00;2175,00;;;;2;ITEM005;SERVICO SINTETICO A 0045;ITEM OU SERVICO SINTETICO 005;;1401;;09;1144,00;;;0,00;01;;;6933;;;;;;;;;;;;06;0,00;;0,0000;;0,00;06;0,00;;0,0000;;0,00;CTA_SERV;Crédito
99999999000199;01/08/2026 a 31/08/2026;A100/A170;1;00;PART024;99000000240001;;CLIENTE SINTETICO 024;SP;AS00010024;1;10024;24/08/2026;24/08/2026;3543,00;0,00;3543,00;;;;1;ITEM006;SERVICO SINTETICO A 0046;ITEM OU SERVICO SINTETICO 006;;1701;;09;1068,00;;;0,00;01;;;1102;;;;;;;;;;;;06;0,00;;0,0000;;0,00;06;0,00;;0,0000;;0,00;CTA_SERV;Débito
99999999000199;01/08/2026 a 31/08/2026;A100/A170;1;00;PART024;99000000240001;;CLIENTE SINTETICO 024;SP;AS00010024;1;10024;24/08/2026;24/08/2026;3543,00;0,00;3543,00;;;;2;ITEM007;SERVICO SINTETICO A 0047;ITEM OU SERVICO SINTETICO 007;;1702;;09;1181,00;;;0,00;01;;;2102;;;;;;;;;;;;07;0,00;;0,0000;;0,00;07;0,00;;0,0000;;0,00;CTA_SERV;Débito
99999999000199;01/08/2026 a 31/08/2026;A100/A170;1;00;PART024;99000000240001;;CLIENTE SINTETICO 024;SP;AS00010024;1;10024;24/08/2026;24/08/2026;3543,00;0,00;3543,00;;;;3;ITEM008;SERVICO SINTETICO A 0048;ITEM OU SERVICO SINTETICO 008;;1801;;09;1294,00;;;0,00;01;;;5102;;;;;;;;;;;;08;0,00;;0,0000;;0,00;08;0,00;;0,0000;;0,00;CTA_SERV;Débito
99999999000199;01/08/2026 a 31/08/2026;A100/A170;0;00;PART025;99000000250001;;CLIENTE SINTETICO 025;RJ;AS00010025;1;10025;25/08/2026;25/08/2026;1105,00;0,00;1105,00;;;;1;ITEM001;SERVICO SINTETICO A 0049;ITEM OU SERVICO SINTETICO 001;;1201;;09;1105,00;;;0,00;01;;;5933;;;;;;;;;;;;07;0,00;;0,0000;;0,00;07;0,00;;0,0000;;0,00;CTA_SERV;Crédito
99999999000199;01/08/2026 a 31/08/2026;A100/A170;0;00;PART026;99000000260001;;CLIENTE SINTETICO 026;MG;AS00010026;1;10026;26/08/2026;26/08/2026;2397,00;0,00;2397,00;;;;1;ITEM002;SERVICO SINTETICO A 0050;ITEM OU SERVICO SINTETICO 002;;1202;;09;1142,00;;;0,00;01;;;6102;;;;;;;;;;;;08;0,00;;0,0000;;0,00;08;0,00;;0,0000;;0,00;CTA_SERV;Crédito
99999999000199;01/08/2026 a 31/08/2026;A100/A170;0;00;PART026;99000000260001;;CLIENTE SINTETICO 026;MG;AS00010026;1;10026;26/08/2026;26/08/2026;2397,00;0,00;2397,00;;;;2;ITEM003;SERVICO SINTETICO A 0051;ITEM OU SERVICO SINTETICO 003;;1203;;09;1255,00;;;0,00;01;;;6933;;;;;;;;;;;;49;1255,00;;1,6500;;20,71;49;1255,00;;7,6000;;95,38;CTA_SERV;Crédito
99999999000199;01/08/2026 a 31/08/2026;A100/A170;0;00;PART027;99000000270001;;CLIENTE SINTETICO 027;PR;AS00010027;1;10027;27/08/2026;27/08/2026;3876,00;0,00;3876,00;;;;1;ITEM004;SERVICO SINTETICO A 0052;ITEM OU SERVICO SINTETICO 004;;1401;;09;1179,00;;;0,00;01;;;1102;;;;;;;;;;;;49;1179,00;;1,6500;;19,45;49;1179,00;;7,6000;;89,60;CTA_SERV;Crédito
99999999000199;01/08/2026 a 31/08/2026;A100/A170;0;00;PART027;99000000270001;;CLIENTE SINTETICO 027;PR;AS00010027;1;10027;27/08/2026;27/08/2026;3876,00;0,00;3876,00;;;;2;ITEM005;SERVICO SINTETICO A 0053;ITEM OU SERVICO SINTETICO 005;;1701;;09;1292,00;;;0,00;01;;;2102;;;;;;;;;;;;50;1292,00;;1,6500;;21,32;50;1292,00;;7,6000;;98,19;CTA_SERV;Crédito
99999999000199;01/08/2026 a 31/08/2026;A100/A170;0;00;PART027;99000000270001;;CLIENTE SINTETICO 027;PR;AS00010027;1;10027;27/08/2026;27/08/2026;3876,00;0,00;3876,00;;;;3;ITEM006;SERVICO SINTETICO A 0054;ITEM OU SERVICO SINTETICO 006;;1702;;09;1405,00;;;0,00;01;;;5102;;;;;;;;;;;;51;1405,00;;1,6500;;23,18;51;1405,00;;7,6000;;106,78;CTA_SERV;Crédito
99999999000199;01/08/2026 a 31/08/2026;A100/A170;1;00;PART028;99000000280001;;CLIENTE SINTETICO 028;SC;AS00010028;1;10028;28/08/2026;28/08/2026;1216,00;0,00;1216,00;;;;1;ITEM007;SERVICO SINTETICO A 0055;ITEM OU SERVICO SINTETICO 007;;1801;;09;1216,00;;;0,00;01;;;5933;;;;;;;;;;;;50;1216,00;;1,6500;;20,06;50;1216,00;;7,6000;;92,42;CTA_SERV;Débito
99999999000199;01/08/2026 a 31/08/2026;A100/A170;0;00;PART029;99000000290001;;CLIENTE SINTETICO 029;RS;AS00010029;1;10029;29/08/2026;29/08/2026;2619,00;0,00;2619,00;;;;1;ITEM008;SERVICO SINTETICO A 0056;ITEM OU SERVICO SINTETICO 008;;1201;;09;1253,00;;;0,00;01;;;6102;;;;;;;;;;;;51;1253,00;;1,6500;;20,67;51;1253,00;;7,6000;;95,23;CTA_SERV;Crédito
99999999000199;01/08/2026 a 31/08/2026;A100/A170;0;00;PART029;99000000290001;;CLIENTE SINTETICO 029;RS;AS00010029;1;10029;29/08/2026;29/08/2026;2619,00;0,00;2619,00;;;;2;ITEM001;SERVICO SINTETICO A 0057;ITEM OU SERVICO SINTETICO 001;;1202;;09;1366,00;;;0,00;01;;;6933;;;;;;;;;;;;70;1366,00;;1,6500;;22,54;70;1366,00;;7,6000;;103,82;CTA_SERV;Crédito
99999999000199;01/08/2026 a 31/08/2026;A100/A170;0;00;PART030;99000000300001;;CLIENTE SINTETICO 030;SP;AS00010030;1;10030;30/08/2026;30/08/2026;4209,00;0,00;4209,00;;;;1;ITEM002;SERVICO SINTETICO A 0058;ITEM OU SERVICO SINTETICO 002;;1203;;09;1290,00;;;0,00;01;;;1102;;;;;;;;;;;;70;1290,00;;1,6500;;21,29;70;1290,00;;7,6000;;98,04;CTA_SERV;Crédito
99999999000199;01/08/2026 a 31/08/2026;A100/A170;0;00;PART030;99000000300001;;CLIENTE SINTETICO 030;SP;AS00010030;1;10030;30/08/2026;30/08/2026;4209,00;0,00;4209,00;;;;2;ITEM003;SERVICO SINTETICO A 0059;ITEM OU SERVICO SINTETICO 003;;1401;;09;1403,00;;;0,00;01;;;2102;;;;;;;;;;;;73;1403,00;;1,6500;;23,15;73;1403,00;;7,6000;;106,63;CTA_SERV;Crédito
99999999000199;01/08/2026 a 31/08/2026;A100/A170;0;00;PART030;99000000300001;;CLIENTE SINTETICO 030;SP;AS00010030;1;10030;30/08/2026;30/08/2026;4209,00;0,00;4209,00;;;;3;ITEM004;SERVICO SINTETICO A 0060;ITEM OU SERVICO SINTETICO 004;;1701;;09;1516,00;;;0,00;01;;;5102;;;;;;;;;;;;01;1516,00;;1,6500;;25,01;01;1516,00;;7,6000;;115,22;CTA_SERV;Crédito
99999999000199;01/08/2026 a 31/08/2026;A100/A170;0;00;PART001;99000000010001;;FORNECEDOR SINTETICO 001;RJ;AS00010031;1;10031;31/08/2026;31/08/2026;1327,00;0,00;1327,00;;;;1;ITEM005;SERVICO SINTETICO A 0061;ITEM OU SERVICO SINTETICO 005;;1702;;09;1327,00;;;0,00;01;;;5933;;;;;;;;;;;;73;1327,00;;1,6500;;21,90;73;1327,00;;7,6000;;100,85;CTA_SERV;Crédito
99999999000199;01/08/2026 a 31/08/2026;A100/A170;1;00;PART002;99000000020001;;FORNECEDOR SINTETICO 002;MG;AS00010032;1;10032;01/08/2026;01/08/2026;2841,00;0,00;2841,00;;;;1;ITEM006;SERVICO SINTETICO A 0062;ITEM OU SERVICO SINTETICO 006;;1801;;09;1364,00;;;0,00;01;;;6102;;;;;;;;;;;;01;1364,00;;1,6500;;22,51;01;1364,00;;7,6000;;103,66;CTA_SERV;Débito
99999999000199;01/08/2026 a 31/08/2026;A100/A170;1;00;PART002;99000000020001;;FORNECEDOR SINTETICO 002;MG;AS00010032;1;10032;01/08/2026;01/08/2026;2841,00;0,00;2841,00;;;;2;ITEM007;SERVICO SINTETICO A 0063;ITEM OU SERVICO SINTETICO 007;;1201;;09;1477,00;;;0,00;01;;;6933;;;;;;;;;;;;02;1477,00;;1,6500;;24,37;02;1477,00;;7,6000;;112,25;CTA_SERV;Débito
99999999000199;01/08/2026 a 31/08/2026;A100/A170;0;00;PART003;99000000030001;;FORNECEDOR SINTETICO 003;PR;AS00010033;1;10033;02/08/2026;02/08/2026;4542,00;0,00;4542,00;;;;1;ITEM008;SERVICO SINTETICO A 0064;ITEM OU SERVICO SINTETICO 008;;1202;;09;1401,00;;;0,00;01;;;1102;;;;;;;;;;;;02;1401,00;;1,6500;;23,12;02;1401,00;;7,6000;;106,48;CTA_SERV;Crédito
99999999000199;01/08/2026 a 31/08/2026;A100/A170;0;00;PART003;99000000030001;;FORNECEDOR SINTETICO 003;PR;AS00010033;1;10033;02/08/2026;02/08/2026;4542,00;0,00;4542,00;;;;2;ITEM001;SERVICO SINTETICO A 0065;ITEM OU SERVICO SINTETICO 001;;1203;;09;1514,00;;;0,00;01;;;2102;;;;;;;;;;;;04;0,00;;0,0000;;0,00;04;0,00;;0,0000;;0,00;CTA_SERV;Crédito
99999999000199;01/08/2026 a 31/08/2026;A100/A170;0;00;PART003;99000000030001;;FORNECEDOR SINTETICO 003;PR;AS00010033;1;10033;02/08/2026;02/08/2026;4542,00;0,00;4542,00;;;;3;ITEM002;SERVICO SINTETICO A 0066;ITEM OU SERVICO SINTETICO 002;;1401;;09;1627,00;;;0,00;01;;;5102;;;;;;;;;;;;06;0,00;;0,0000;;0,00;06;0,00;;0,0000;;0,00;CTA_SERV;Crédito
99999999000199;01/08/2026 a 31/08/2026;A100/A170;0;00;PART004;99000000040001;;FORNECEDOR SINTETICO 004;SC;AS00010034;1;10034;03/08/2026;03/08/2026;1438,00;0,00;1438,00;;;;1;ITEM003;SERVICO SINTETICO A 0067;ITEM OU SERVICO SINTETICO 003;;1701;;09;1438,00;;;0,00;01;;;5933;;;;;;;;;;;;04;0,00;;0,0000;;0,00;04;0,00;;0,0000;;0,00;CTA_SERV;Crédito
99999999000199;01/08/2026 a 31/08/2026;A100/A170;0;00;PART005;99000000050001;;FORNECEDOR SINTETICO 005;RS;AS00010035;1;10035;04/08/2026;04/08/2026;3063,00;0,00;3063,00;;;;1;ITEM004;SERVICO SINTETICO A 0068;ITEM OU SERVICO SINTETICO 004;;1702;;09;1475,00;;;0,00;01;;;6102;;;;;;;;;;;;06;0,00;;0,0000;;0,00;06;0,00;;0,0000;;0,00;CTA_SERV;Crédito
99999999000199;01/08/2026 a 31/08/2026;A100/A170;0;00;PART005;99000000050001;;FORNECEDOR SINTETICO 005;RS;AS00010035;1;10035;04/08/2026;04/08/2026;3063,00;0,00;3063,00;;;;2;ITEM005;SERVICO SINTETICO A 0069;ITEM OU SERVICO SINTETICO 005;;1801;;09;1588,00;;;0,00;01;;;6933;;;;;;;;;;;;07;0,00;;0,0000;;0,00;07;0,00;;0,0000;;0,00;CTA_SERV;Crédito
99999999000199;01/08/2026 a 31/08/2026;A100/A170;1;00;PART006;99000000060001;;FORNECEDOR SINTETICO 006;SP;AS00010036;1;10036;05/08/2026;05/08/2026;4875,00;0,00;4875,00;;;;1;ITEM006;SERVICO SINTETICO A 0070;ITEM OU SERVICO SINTETICO 006;;1201;;09;1512,00;;;0,00;01;;;1102;;;;;;;;;;;;07;0,00;;0,0000;;0,00;07;0,00;;0,0000;;0,00;CTA_SERV;Débito
99999999000199;01/08/2026 a 31/08/2026;A100/A170;1;00;PART006;99000000060001;;FORNECEDOR SINTETICO 006;SP;AS00010036;1;10036;05/08/2026;05/08/2026;4875,00;0,00;4875,00;;;;2;ITEM007;SERVICO SINTETICO A 0071;ITEM OU SERVICO SINTETICO 007;;1202;;09;1625,00;;;0,00;01;;;2102;;;;;;;;;;;;08;0,00;;0,0000;;0,00;08;0,00;;0,0000;;0,00;CTA_SERV;Débito
99999999000199;01/08/2026 a 31/08/2026;A100/A170;1;00;PART006;99000000060001;;FORNECEDOR SINTETICO 006;SP;AS00010036;1;10036;05/08/2026;05/08/2026;4875,00;0,00;4875,00;;;;3;ITEM008;SERVICO SINTETICO A 0072;ITEM OU SERVICO SINTETICO 008;;1203;;09;1738,00;;;0,00;01;;;5102;;;;;;;;;;;;49;1738,00;;1,6500;;28,68;49;1738,00;;7,6000;;132,09;CTA_SERV;Débito
99999999000199;01/08/2026 a 31/08/2026;A100/A170;0;00;PART007;99000000070001;;FORNECEDOR SINTETICO 007;RJ;AS00010037;1;10037;06/08/2026;06/08/2026;1549,00;0,00;1549,00;;;;1;ITEM001;SERVICO SINTETICO A 0073;ITEM OU SERVICO SINTETICO 001;;1401;;09;1549,00;;;0,00;01;;;5933;;;;;;;;;;;;08;0,00;;0,0000;;0,00;08;0,00;;0,0000;;0,00;CTA_SERV;Crédito
99999999000199;01/08/2026 a 31/08/2026;A100/A170;0;00;PART008;99000000080001;;FORNECEDOR SINTETICO 008;MG;AS00010038;1;10038;07/08/2026;07/08/2026;3285,00;0,00;3285,00;;;;1;ITEM002;SERVICO SINTETICO A 0074;ITEM OU SERVICO SINTETICO 002;;1701;;09;1586,00;;;0,00;01;;;6102;;;;;;;;;;;;49;1586,00;;1,6500;;26,17;49;1586,00;;7,6000;;120,54;CTA_SERV;Crédito
99999999000199;01/08/2026 a 31/08/2026;A100/A170;0;00;PART008;99000000080001;;FORNECEDOR SINTETICO 008;MG;AS00010038;1;10038;07/08/2026;07/08/2026;3285,00;0,00;3285,00;;;;2;ITEM003;SERVICO SINTETICO A 0075;ITEM OU SERVICO SINTETICO 003;;1702;;09;1699,00;;;0,00;01;;;6933;;;;;;;;;;;;50;1699,00;;1,6500;;28,03;50;1699,00;;7,6000;;129,12;CTA_SERV;Crédito
99999999000199;01/08/2026 a 31/08/2026;A100/A170;0;00;PART009;99000000090001;;FORNECEDOR SINTETICO 009;PR;AS00010039;1;10039;08/08/2026;08/08/2026;5208,00;0,00;5208,00;;;;1;ITEM004;SERVICO SINTETICO A 0076;ITEM OU SERVICO SINTETICO 004;;1801;;09;1623,00;;;0,00;01;;;1102;;;;;;;;;;;;50;1623,00;;1,6500;;26,78;50;1623,00;;7,6000;;123,35;CTA_SERV;Crédito
99999999000199;01/08/2026 a 31/08/2026;A100/A170;0;00;PART009;99000000090001;;FORNECEDOR SINTETICO 009;PR;AS00010039;1;10039;08/08/2026;08/08/2026;5208,00;0,00;5208,00;;;;2;ITEM005;SERVICO SINTETICO A 0077;ITEM OU SERVICO SINTETICO 005;;1201;;09;1736,00;;;0,00;01;;;2102;;;;;;;;;;;;51;1736,00;;1,6500;;28,64;51;1736,00;;7,6000;;131,94;CTA_SERV;Crédito
99999999000199;01/08/2026 a 31/08/2026;A100/A170;0;00;PART009;99000000090001;;FORNECEDOR SINTETICO 009;PR;AS00010039;1;10039;08/08/2026;08/08/2026;5208,00;0,00;5208,00;;;;3;ITEM006;SERVICO SINTETICO A 0078;ITEM OU SERVICO SINTETICO 006;;1202;;09;1849,00;;;0,00;01;;;5102;;;;;;;;;;;;70;1849,00;;1,6500;;30,51;70;1849,00;;7,6000;;140,52;CTA_SERV;Crédito
99999999000199;01/08/2026 a 31/08/2026;A100/A170;1;00;PART010;99000000100001;;FORNECEDOR SINTETICO 010;SC;AS00010040;1;10040;09/08/2026;09/08/2026;1660,00;0,00;1660,00;;;;1;ITEM007;SERVICO SINTETICO A 0079;ITEM OU SERVICO SINTETICO 007;;1203;;09;1660,00;;;0,00;01;;;5933;;;;;;;;;;;;51;1660,00;;1,6500;;27,39;51;1660,00;;7,6000;;126,16;CTA_SERV;Débito
99999999000199;01/08/2026 a 31/08/2026;A100/A170;0;00;PART011;99000000110001;;FORNECEDOR SINTETICO 011;RS;AS00010041;1;10041;10/08/2026;10/08/2026;3507,00;0,00;3507,00;;;;1;ITEM008;SERVICO SINTETICO A 0080;ITEM OU SERVICO SINTETICO 008;;1401;;09;1697,00;;;0,00;01;;;6102;;;;;;;;;;;;70;1697,00;;1,6500;;28,00;70;1697,00;;7,6000;;128,97;CTA_SERV;Crédito
99999999000199;01/08/2026 a 31/08/2026;A100/A170;0;00;PART011;99000000110001;;FORNECEDOR SINTETICO 011;RS;AS00010041;1;10041;10/08/2026;10/08/2026;3507,00;0,00;3507,00;;;;2;ITEM001;SERVICO SINTETICO A 0081;ITEM OU SERVICO SINTETICO 001;;1701;;09;1810,00;;;0,00;01;;;6933;;;;;;;;;;;;73;1810,00;;1,6500;;29,87;73;1810,00;;7,6000;;137,56;CTA_SERV;Crédito
99999999000199;01/08/2026 a 31/08/2026;A100/A170;0;00;PART012;99000000120001;;FORNECEDOR SINTETICO 012;SP;AS00010042;1;10042;11/08/2026;11/08/2026;5541,00;0,00;5541,00;;;;1;ITEM002;SERVICO SINTETICO A 0082;ITEM OU SERVICO SINTETICO 002;;1702;;09;1734,00;;;0,00;01;;;1102;;;;;;;;;;;;73;1734,00;;1,6500;;28,61;73;1734,00;;7,6000;;131,78;CTA_SERV;Crédito
99999999000199;01/08/2026 a 31/08/2026;A100/A170;0;00;PART012;99000000120001;;FORNECEDOR SINTETICO 012;SP;AS00010042;1;10042;11/08/2026;11/08/2026;5541,00;0,00;5541,00;;;;2;ITEM003;SERVICO SINTETICO A 0083;ITEM OU SERVICO SINTETICO 003;;1801;;09;1847,00;;;0,00;01;;;2102;;;;;;;;;;;;01;1847,00;;1,6500;;30,48;01;1847,00;;7,6000;;140,37;CTA_SERV;Crédito
99999999000199;01/08/2026 a 31/08/2026;A100/A170;0;00;PART012;99000000120001;;FORNECEDOR SINTETICO 012;SP;AS00010042;1;10042;11/08/2026;11/08/2026;5541,00;0,00;5541,00;;;;3;ITEM004;SERVICO SINTETICO A 0084;ITEM OU SERVICO SINTETICO 004;;1201;;09;1960,00;;;0,00;01;;;5102;;;;;;;;;;;;02;1960,00;;1,6500;;32,34;02;1960,00;;7,6000;;148,96;CTA_SERV;Crédito
99999999000199;01/08/2026 a 31/08/2026;A100/A170;0;00;PART013;99000000130001;;FORNECEDOR SINTETICO 013;RJ;AS00010043;1;10043;12/08/2026;12/08/2026;1771,00;0,00;1771,00;;;;1;ITEM005;SERVICO SINTETICO A 0085;ITEM OU SERVICO SINTETICO 005;;1202;;09;1771,00;;;0,00;01;;;5933;;;;;;;;;;;;01;1771,00;;1,6500;;29,22;01;1771,00;;7,6000;;134,60;CTA_SERV;Crédito
99999999000199;01/08/2026 a 31/08/2026;A100/A170;1;00;PART014;99000000140001;;FORNECEDOR SINTETICO 014;MG;AS00010044;1;10044;13/08/2026;13/08/2026;3729,00;0,00;3729,00;;;;1;ITEM006;SERVICO SINTETICO A 0086;ITEM OU SERVICO SINTETICO 006;;1203;;09;1808,00;;;0,00;01;;;6102;;;;;;;;;;;;02;1808,00;;1,6500;;29,83;02;1808,00;;7,6000;;137,41;CTA_SERV;Débito
99999999000199;01/08/2026 a 31/08/2026;A100/A170;1;00;PART014;99000000140001;;FORNECEDOR SINTETICO 014;MG;AS00010044;1;10044;13/08/2026;13/08/2026;3729,00;0,00;3729,00;;;;2;ITEM007;SERVICO SINTETICO A 0087;ITEM OU SERVICO SINTETICO 007;;1401;;09;1921,00;;;0,00;01;;;6933;;;;;;;;;;;;04;0,00;;0,0000;;0,00;04;0,00;;0,0000;;0,00;CTA_SERV;Débito
99999999000199;01/08/2026 a 31/08/2026;A100/A170;0;00;PART015;99000000150001;;FORNECEDOR SINTETICO 015;PR;AS00010045;1;10045;14/08/2026;14/08/2026;5874,00;0,00;5874,00;;;;1;ITEM008;SERVICO SINTETICO A 0088;ITEM OU SERVICO SINTETICO 008;;1701;;09;1845,00;;;0,00;01;;;1102;;;;;;;;;;;;04;0,00;;0,0000;;0,00;04;0,00;;0,0000;;0,00;CTA_SERV;Crédito
99999999000199;01/08/2026 a 31/08/2026;A100/A170;0;00;PART015;99000000150001;;FORNECEDOR SINTETICO 015;PR;AS00010045;1;10045;14/08/2026;14/08/2026;5874,00;0,00;5874,00;;;;2;ITEM001;SERVICO SINTETICO A 0089;ITEM OU SERVICO SINTETICO 001;;1702;;09;1958,00;;;0,00;01;;;2102;;;;;;;;;;;;06;0,00;;0,0000;;0,00;06;0,00;;0,0000;;0,00;CTA_SERV;Crédito
99999999000199;01/08/2026 a 31/08/2026;A100/A170;0;00;PART015;99000000150001;;FORNECEDOR SINTETICO 015;PR;AS00010045;1;10045;14/08/2026;14/08/2026;5874,00;0,00;5874,00;;;;3;ITEM002;SERVICO SINTETICO A 0090;ITEM OU SERVICO SINTETICO 002;;1801;;09;2071,00;;;0,00;01;;;5102;;;;;;;;;;;;07;0,00;;0,0000;;0,00;07;0,00;;0,0000;;0,00;CTA_SERV;Crédito
99999999000199;01/08/2026 a 31/08/2026;A100/A170;0;00;PART016;99000000160001;;CLIENTE SINTETICO 016;SC;AS00010046;1;10046;15/08/2026;15/08/2026;1882,00;0,00;1882,00;;;;1;ITEM003;SERVICO SINTETICO A 0091;ITEM OU SERVICO SINTETICO 003;;1201;;09;1882,00;;;0,00;01;;;5933;;;;;;;;;;;;06;0,00;;0,0000;;0,00;06;0,00;;0,0000;;0,00;CTA_SERV;Crédito
99999999000199;01/08/2026 a 31/08/2026;A100/A170;0;00;PART017;99000000170001;;CLIENTE SINTETICO 017;RS;AS00010047;1;10047;16/08/2026;16/08/2026;3951,00;0,00;3951,00;;;;1;ITEM004;SERVICO SINTETICO A 0092;ITEM OU SERVICO SINTETICO 004;;1202;;09;1919,00;;;0,00;01;;;6102;;;;;;;;;;;;07;0,00;;0,0000;;0,00;07;0,00;;0,0000;;0,00;CTA_SERV;Crédito
99999999000199;01/08/2026 a 31/08/2026;A100/A170;0;00;PART017;99000000170001;;CLIENTE SINTETICO 017;RS;AS00010047;1;10047;16/08/2026;16/08/2026;3951,00;0,00;3951,00;;;;2;ITEM005;SERVICO SINTETICO A 0093;ITEM OU SERVICO SINTETICO 005;;1203;;09;2032,00;;;0,00;01;;;6933;;;;;;;;;;;;08;0,00;;0,0000;;0,00;08;0,00;;0,0000;;0,00;CTA_SERV;Crédito
99999999000199;01/08/2026 a 31/08/2026;A100/A170;1;00;PART018;99000000180001;;CLIENTE SINTETICO 018;SP;AS00010048;1;10048;17/08/2026;17/08/2026;6207,00;0,00;6207,00;;;;1;ITEM006;SERVICO SINTETICO A 0094;ITEM OU SERVICO SINTETICO 006;;1401;;09;1956,00;;;0,00;01;;;1102;;;;;;;;;;;;08;0,00;;0,0000;;0,00;08;0,00;;0,0000;;0,00;CTA_SERV;Débito
99999999000199;01/08/2026 a 31/08/2026;A100/A170;1;00;PART018;99000000180001;;CLIENTE SINTETICO 018;SP;AS00010048;1;10048;17/08/2026;17/08/2026;6207,00;0,00;6207,00;;;;2;ITEM007;SERVICO SINTETICO A 0095;ITEM OU SERVICO SINTETICO 007;;1701;;09;2069,00;;;0,00;01;;;2102;;;;;;;;;;;;49;2069,00;;1,6500;;34,14;49;2069,00;;7,6000;;157,24;CTA_SERV;Débito
99999999000199;01/08/2026 a 31/08/2026;A100/A170;1;00;PART018;99000000180001;;CLIENTE SINTETICO 018;SP;AS00010048;1;10048;17/08/2026;17/08/2026;6207,00;0,00;6207,00;;;;3;ITEM008;SERVICO SINTETICO A 0096;ITEM OU SERVICO SINTETICO 008;;1702;;09;2182,00;;;0,00;01;;;5102;;;;;;;;;;;;50;2182,00;;1,6500;;36,00;50;2182,00;;7,6000;;165,83;CTA_SERV;Débito
99999999000199;01/08/2026 a 31/08/2026;A100/A170;0;00;PART019;99000000190001;;CLIENTE SINTETICO 019;RJ;AS00010049;1;10049;18/08/2026;18/08/2026;1993,00;0,00;1993,00;;;;1;ITEM001;SERVICO SINTETICO A 0097;ITEM OU SERVICO SINTETICO 001;;1801;;09;1993,00;;;0,00;01;;;5933;;;;;;;;;;;;49;1993,00;;1,6500;;32,88;49;1993,00;;7,6000;;151,47;CTA_SERV;Crédito
99999999000199;01/08/2026 a 31/08/2026;A100/A170;0;00;PART020;99000000200001;;CLIENTE SINTETICO 020;MG;AS00010050;1;10050;19/08/2026;19/08/2026;4173,00;0,00;4173,00;;;;1;ITEM002;SERVICO SINTETICO A 0098;ITEM OU SERVICO SINTETICO 002;;1201;;09;2030,00;;;0,00;01;;;6102;;;;;;;;;;;;50;2030,00;;1,6500;;33,50;50;2030,00;;7,6000;;154,28;CTA_SERV;Crédito
99999999000199;01/08/2026 a 31/08/2026;A100/A170;0;00;PART020;99000000200001;;CLIENTE SINTETICO 020;MG;AS00010050;1;10050;19/08/2026;19/08/2026;4173,00;0,00;4173,00;;;;2;ITEM003;SERVICO SINTETICO A 0099;ITEM OU SERVICO SINTETICO 003;;1202;;09;2143,00;;;0,00;01;;;6933;;;;;;;;;;;;51;2143,00;;1,6500;;35,36;51;2143,00;;7,6000;;162,87;CTA_SERV;Crédito
99999999000199;01/08/2026 a 31/08/2026;A100/A170;0;00;PART021;99000000210001;;CLIENTE SINTETICO 021;PR;AS00010051;1;10051;20/08/2026;20/08/2026;6540,00;0,00;6540,00;;;;1;ITEM004;SERVICO SINTETICO A 0100;ITEM OU SERVICO SINTETICO 004;;1203;;09;2067,00;;;0,00;01;;;1102;;;;;;;;;;;;51;2067,00;;1,6500;;34,11;51;2067,00;;7,6000;;157,09;CTA_SERV;Crédito
99999999000199;01/08/2026 a 31/08/2026;A100/A170;0;00;PART021;99000000210001;;CLIENTE SINTETICO 021;PR;AS00010051;1;10051;20/08/2026;20/08/2026;6540,00;0,00;6540,00;;;;2;ITEM005;SERVICO SINTETICO A 0101;ITEM OU SERVICO SINTETICO 005;;1401;;09;2180,00;;;0,00;01;;;2102;;;;;;;;;;;;70;2180,00;;1,6500;;35,97;70;2180,00;;7,6000;;165,68;CTA_SERV;Crédito
99999999000199;01/08/2026 a 31/08/2026;A100/A170;0;00;PART021;99000000210001;;CLIENTE SINTETICO 021;PR;AS00010051;1;10051;20/08/2026;20/08/2026;6540,00;0,00;6540,00;;;;3;ITEM006;SERVICO SINTETICO A 0102;ITEM OU SERVICO SINTETICO 006;;1701;;09;2293,00;;;0,00;01;;;5102;;;;;;;;;;;;73;2293,00;;1,6500;;37,83;73;2293,00;;7,6000;;174,27;CTA_SERV;Crédito
99999999000199;01/08/2026 a 31/08/2026;A100/A170;1;00;PART022;99000000220001;;CLIENTE SINTETICO 022;SC;AS00010052;1;10052;21/08/2026;21/08/2026;2104,00;0,00;2104,00;;;;1;ITEM007;SERVICO SINTETICO A 0103;ITEM OU SERVICO SINTETICO 007;;1702;;09;2104,00;;;0,00;01;;;5933;;;;;;;;;;;;70;2104,00;;1,6500;;34,72;70;2104,00;;7,6000;;159,90;CTA_SERV;Débito
99999999000199;01/08/2026 a 31/08/2026;A100/A170;0;00;PART023;99000000230001;;CLIENTE SINTETICO 023;RS;AS00010053;1;10053;22/08/2026;22/08/2026;4395,00;0,00;4395,00;;;;1;ITEM008;SERVICO SINTETICO A 0104;ITEM OU SERVICO SINTETICO 008;;1801;;09;2141,00;;;0,00;01;;;6102;;;;;;;;;;;;73;2141,00;;1,6500;;35,33;73;2141,00;;7,6000;;162,72;CTA_SERV;Crédito
99999999000199;01/08/2026 a 31/08/2026;A100/A170;0;00;PART023;99000000230001;;CLIENTE SINTETICO 023;RS;AS00010053;1;10053;22/08/2026;22/08/2026;4395,00;0,00;4395,00;;;;2;ITEM001;SERVICO SINTETICO A 0105;ITEM OU SERVICO SINTETICO 001;;1201;;09;2254,00;;;0,00;01;;;6933;;;;;;;;;;;;01;2254,00;;1,6500;;37,19;01;2254,00;;7,6000;;171,30;CTA_SERV;Crédito
99999999000199;01/08/2026 a 31/08/2026;A100/A170;0;00;PART024;99000000240001;;CLIENTE SINTETICO 024;SP;AS00010054;1;10054;23/08/2026;23/08/2026;6873,00;0,00;6873,00;;;;1;ITEM002;SERVICO SINTETICO A 0106;ITEM OU SERVICO SINTETICO 002;;1202;;09;2178,00;;;0,00;01;;;1102;;;;;;;;;;;;01;2178,00;;1,6500;;35,94;01;2178,00;;7,6000;;165,53;CTA_SERV;Crédito
99999999000199;01/08/2026 a 31/08/2026;A100/A170;0;00;PART024;99000000240001;;CLIENTE SINTETICO 024;SP;AS00010054;1;10054;23/08/2026;23/08/2026;6873,00;0,00;6873,00;;;;2;ITEM003;SERVICO SINTETICO A 0107;ITEM OU SERVICO SINTETICO 003;;1203;;09;2291,00;;;0,00;01;;;2102;;;;;;;;;;;;02;2291,00;;1,6500;;37,80;02;2291,00;;7,6000;;174,12;CTA_SERV;Crédito
99999999000199;01/08/2026 a 31/08/2026;A100/A170;0;00;PART024;99000000240001;;CLIENTE SINTETICO 024;SP;AS00010054;1;10054;23/08/2026;23/08/2026;6873,00;0,00;6873,00;;;;3;ITEM004;SERVICO SINTETICO A 0108;ITEM OU SERVICO SINTETICO 004;;1401;;09;2404,00;;;0,00;01;;;5102;;;;;;;;;;;;04;0,00;;0,0000;;0,00;04;0,00;;0,0000;;0,00;CTA_SERV;Crédito
99999999000199;01/08/2026 a 31/08/2026;A100/A170;0;00;PART025;99000000250001;;CLIENTE SINTETICO 025;RJ;AS00010055;1;10055;24/08/2026;24/08/2026;2215,00;0,00;2215,00;;;;1;ITEM005;SERVICO SINTETICO A 0109;ITEM OU SERVICO SINTETICO 005;;1701;;09;2215,00;;;0,00;01;;;5933;;;;;;;;;;;;02;2215,00;;1,6500;;36,55;02;2215,00;;7,6000;;168,34;CTA_SERV;Crédito
99999999000199;01/08/2026 a 31/08/2026;A100/A170;1;00;PART026;99000000260001;;CLIENTE SINTETICO 026;MG;AS00010056;1;10056;25/08/2026;25/08/2026;4617,00;0,00;4617,00;;;;1;ITEM006;SERVICO SINTETICO A 0110;ITEM OU SERVICO SINTETICO 006;;1702;;09;2252,00;;;0,00;01;;;6102;;;;;;;;;;;;04;0,00;;0,0000;;0,00;04;0,00;;0,0000;;0,00;CTA_SERV;Débito
99999999000199;01/08/2026 a 31/08/2026;A100/A170;1;00;PART026;99000000260001;;CLIENTE SINTETICO 026;MG;AS00010056;1;10056;25/08/2026;25/08/2026;4617,00;0,00;4617,00;;;;2;ITEM007;SERVICO SINTETICO A 0111;ITEM OU SERVICO SINTETICO 007;;1801;;09;2365,00;;;0,00;01;;;6933;;;;;;;;;;;;06;0,00;;0,0000;;0,00;06;0,00;;0,0000;;0,00;CTA_SERV;Débito
99999999000199;01/08/2026 a 31/08/2026;A100/A170;0;00;PART027;99000000270001;;CLIENTE SINTETICO 027;PR;AS00010057;1;10057;26/08/2026;26/08/2026;7206,00;0,00;7206,00;;;;1;ITEM008;SERVICO SINTETICO A 0112;ITEM OU SERVICO SINTETICO 008;;1201;;09;2289,00;;;0,00;01;;;1102;;;;;;;;;;;;06;0,00;;0,0000;;0,00;06;0,00;;0,0000;;0,00;CTA_SERV;Crédito
99999999000199;01/08/2026 a 31/08/2026;A100/A170;0;00;PART027;99000000270001;;CLIENTE SINTETICO 027;PR;AS00010057;1;10057;26/08/2026;26/08/2026;7206,00;0,00;7206,00;;;;2;ITEM001;SERVICO SINTETICO A 0113;ITEM OU SERVICO SINTETICO 001;;1202;;09;2402,00;;;0,00;01;;;2102;;;;;;;;;;;;07;0,00;;0,0000;;0,00;07;0,00;;0,0000;;0,00;CTA_SERV;Crédito
99999999000199;01/08/2026 a 31/08/2026;A100/A170;0;00;PART027;99000000270001;;CLIENTE SINTETICO 027;PR;AS00010057;1;10057;26/08/2026;26/08/2026;7206,00;0,00;7206,00;;;;3;ITEM002;SERVICO SINTETICO A 0114;ITEM OU SERVICO SINTETICO 002;;1203;;09;2515,00;;;0,00;01;;;5102;;;;;;;;;;;;08;0,00;;0,0000;;0,00;08;0,00;;0,0000;;0,00;CTA_SERV;Crédito
99999999000199;01/08/2026 a 31/08/2026;A100/A170;0;00;PART028;99000000280001;;CLIENTE SINTETICO 028;SC;AS00010058;1;10058;27/08/2026;27/08/2026;2326,00;0,00;2326,00;;;;1;ITEM003;SERVICO SINTETICO A 0115;ITEM OU SERVICO SINTETICO 003;;1401;;09;2326,00;;;0,00;01;;;5933;;;;;;;;;;;;07;0,00;;0,0000;;0,00;07;0,00;;0,0000;;0,00;CTA_SERV;Crédito
99999999000199;01/08/2026 a 31/08/2026;A100/A170;0;00;PART029;99000000290001;;CLIENTE SINTETICO 029;RS;AS00010059;1;10059;28/08/2026;28/08/2026;4839,00;0,00;4839,00;;;;1;ITEM004;SERVICO SINTETICO A 0116;ITEM OU SERVICO SINTETICO 004;;1701;;09;2363,00;;;0,00;01;;;6102;;;;;;;;;;;;08;0,00;;0,0000;;0,00;08;0,00;;0,0000;;0,00;CTA_SERV;Crédito
99999999000199;01/08/2026 a 31/08/2026;A100/A170;0;00;PART029;99000000290001;;CLIENTE SINTETICO 029;RS;AS00010059;1;10059;28/08/2026;28/08/2026;4839,00;0,00;4839,00;;;;2;ITEM005;SERVICO SINTETICO A 0117;ITEM OU SERVICO SINTETICO 005;;1702;;09;2476,00;;;0,00;01;;;6933;;;;;;;;;;;;49;2476,00;;1,6500;;40,85;49;2476,00;;7,6000;;188,18;CTA_SERV;Crédito
99999999000199;01/08/2026 a 31/08/2026;A100/A170;1;00;PART030;99000000300001;;CLIENTE SINTETICO 030;SP;AS00010060;1;10060;29/08/2026;29/08/2026;5139,00;0,00;5139,00;;;;1;ITEM006;SERVICO SINTETICO A 0118;ITEM OU SERVICO SINTETICO 006;;1801;;09;2400,00;;;0,00;01;;;1102;;;;;;;;;;;;49;2400,00;;1,6500;;39,60;49;2400,00;;7,6000;;182,40;CTA_SERV;Débito
99999999000199;01/08/2026 a 31/08/2026;A100/A170;1;00;PART030;99000000300001;;CLIENTE SINTETICO 030;SP;AS00010060;1;10060;29/08/2026;29/08/2026;5139,00;0,00;5139,00;;;;2;ITEM007;SERVICO SINTETICO A 0119;ITEM OU SERVICO SINTETICO 007;;1201;;09;2513,00;;;0,00;01;;;2102;;;;;;;;;;;;50;2513,00;;1,6500;;41,46;50;2513,00;;7,6000;;190,99;CTA_SERV;Débito
99999999000199;01/08/2026 a 31/08/2026;A100/A170;1;00;PART030;99000000300001;;CLIENTE SINTETICO 030;SP;AS00010060;1;10060;29/08/2026;29/08/2026;5139,00;0,00;5139,00;;;;3;ITEM008;SERVICO SINTETICO A 0120;ITEM OU SERVICO SINTETICO 008;;1202;;09;226,00;;;0,00;01;;;5102;;;;;;;;;;;;51;226,00;;1,6500;;3,73;51;226,00;;7,6000;;17,18;CTA_SERV;Débito
99999999000199;01/08/2026 a 31/08/2026;A100/A170;0;00;PART001;99000000010001;;FORNECEDOR SINTETICO 001;RJ;AS00010061;1;10061;30/08/2026;30/08/2026;2437,00;0,00;2437,00;;;;1;ITEM001;SERVICO SINTETICO A 0121;ITEM OU SERVICO SINTETICO 001;;1203;;09;2437,00;;;0,00;01;;;5933;;;;;;;;;;;;50;2437,00;;1,6500;;40,21;50;2437,00;;7,6000;;185,21;CTA_SERV;Crédito
99999999000199;01/08/2026 a 31/08/2026;A100/A170;0;00;PART002;99000000020001;;FORNECEDOR SINTETICO 002;MG;AS00010062;1;10062;31/08/2026;31/08/2026;2661,00;0,00;2661,00;;;;1;ITEM002;SERVICO SINTETICO A 0122;ITEM OU SERVICO SINTETICO 002;;1401;;09;2474,00;;;0,00;01;;;6102;;;;;;;;;;;;51;2474,00;;1,6500;;40,82;51;2474,00;;7,6000;;188,02;CTA_SERV;Crédito
99999999000199;01/08/2026 a 31/08/2026;A100/A170;0;00;PART002;99000000020001;;FORNECEDOR SINTETICO 002;MG;AS00010062;1;10062;31/08/2026;31/08/2026;2661,00;0,00;2661,00;;;;2;ITEM003;SERVICO SINTETICO A 0123;ITEM OU SERVICO SINTETICO 003;;1701;;09;187,00;;;0,00;01;;;6933;;;;;;;;;;;;70;187,00;;1,6500;;3,09;70;187,00;;7,6000;;14,21;CTA_SERV;Crédito
99999999000199;01/08/2026 a 31/08/2026;A100/A170;0;00;PART003;99000000030001;;FORNECEDOR SINTETICO 003;PR;AS00010063;1;10063;01/08/2026;01/08/2026;3072,00;0,00;3072,00;;;;1;ITEM004;SERVICO SINTETICO A 0124;ITEM OU SERVICO SINTETICO 004;;1702;;09;2511,00;;;0,00;01;;;1102;;;;;;;;;;;;70;2511,00;;1,6500;;41,43;70;2511,00;;7,6000;;190,84;CTA_SERV;Crédito
99999999000199;01/08/2026 a 31/08/2026;A100/A170;0;00;PART003;99000000030001;;FORNECEDOR SINTETICO 003;PR;AS00010063;1;10063;01/08/2026;01/08/2026;3072,00;0,00;3072,00;;;;2;ITEM005;SERVICO SINTETICO A 0125;ITEM OU SERVICO SINTETICO 005;;1801;;09;224,00;;;0,00;01;;;2102;;;;;;;;;;;;73;224,00;;1,6500;;3,70;73;224,00;;7,6000;;17,02;CTA_SERV;Crédito
99999999000199;01/08/2026 a 31/08/2026;A100/A170;0;00;PART003;99000000030001;;FORNECEDOR SINTETICO 003;PR;AS00010063;1;10063;01/08/2026;01/08/2026;3072,00;0,00;3072,00;;;;3;ITEM006;SERVICO SINTETICO A 0126;ITEM OU SERVICO SINTETICO 006;;1201;;09;337,00;;;0,00;01;;;5102;;;;;;;;;;;;01;337,00;;1,6500;;5,56;01;337,00;;7,6000;;25,61;CTA_SERV;Crédito
99999999000199;01/08/2026 a 31/08/2026;A100/A170;1;00;PART004;99000000040001;;FORNECEDOR SINTETICO 004;SC;AS00010064;1;10064;02/08/2026;02/08/2026;2548,00;0,00;2548,00;;;;1;ITEM007;SERVICO SINTETICO A 0127;ITEM OU SERVICO SINTETICO 007;;1202;;09;2548,00;;;0,00;01;;;5933;;;;;;;;;;;;73;2548,00;;1,6500;;42,04;73;2548,00;;7,6000;;193,65;CTA_SERV;Débito
99999999000199;01/08/2026 a 31/08/2026;A100/A170;0;00;PART005;99000000050001;;FORNECEDOR SINTETICO 005;RS;AS00010065;1;10065;03/08/2026;03/08/2026;483,00;0,00;483,00;;;;1;ITEM008;SERVICO SINTETICO A 0128;ITEM OU SERVICO SINTETICO 008;;1203;;09;185,00;;;0,00;01;;;6102;;;;;;;;;;;;01;185,00;;1,6500;;3,05;01;185,00;;7,6000;;14,06;CTA_SERV;Crédito
99999999000199;01/08/2026 a 31/08/2026;A100/A170;0;00;PART005;99000000050001;;FORNECEDOR SINTETICO 005;RS;AS00010065;1;10065;03/08/2026;03/08/2026;483,00;0,00;483,00;;;;2;ITEM001;SERVICO SINTETICO A 0129;ITEM OU SERVICO SINTETICO 001;;1401;;09;298,00;;;0,00;01;;;6933;;;;;;;;;;;;02;298,00;;1,6500;;4,92;02;298,00;;7,6000;;22,65;CTA_SERV;Crédito
99999999000199;01/08/2026 a 31/08/2026;A100/A170;0;00;PART006;99000000060001;;FORNECEDOR SINTETICO 006;SP;AS00010066;1;10066;04/08/2026;04/08/2026;1005,00;0,00;1005,00;;;;1;ITEM002;SERVICO SINTETICO A 0130;ITEM OU SERVICO SINTETICO 002;;1701;;09;222,00;;;0,00;01;;;1102;;;;;;;;;;;;02;222,00;;1,6500;;3,66;02;222,00;;7,6000;;16,87;CTA_SERV;Crédito
99999999000199;01/08/2026 a 31/08/2026;A100/A170;0;00;PART006;99000000060001;;FORNECEDOR SINTETICO 006;SP;AS00010066;1;10066;04/08/2026;04/08/2026;1005,00;0,00;1005,00;;;;2;ITEM003;SERVICO SINTETICO A 0131;ITEM OU SERVICO SINTETICO 003;;1702;;09;335,00;;;0,00;01;;;2102;;;;;;;;;;;;04;0,00;;0,0000;;0,00;04;0,00;;0,0000;;0,00;CTA_SERV;Crédito
99999999000199;01/08/2026 a 31/08/2026;A100/A170;0;00;PART006;99000000060001;;FORNECEDOR SINTETICO 006;SP;AS00010066;1;10066;04/08/2026;04/08/2026;1005,00;0,00;1005,00;;;;3;ITEM004;SERVICO SINTETICO A 0132;ITEM OU SERVICO SINTETICO 004;;1801;;09;448,00;;;0,00;01;;;5102;;;;;;;;;;;;06;0,00;;0,0000;;0,00;06;0,00;;0,0000;;0,00;CTA_SERV;Crédito
99999999000199;01/08/2026 a 31/08/2026;A100/A170;0;00;PART007;99000000070001;;FORNECEDOR SINTETICO 007;RJ;AS00010067;1;10067;05/08/2026;05/08/2026;259,00;0,00;259,00;;;;1;ITEM005;SERVICO SINTETICO A 0133;ITEM OU SERVICO SINTETICO 005;;1201;;09;259,00;;;0,00;01;;;5933;;;;;;;;;;;;04;0,00;;0,0000;;0,00;04;0,00;;0,0000;;0,00;CTA_SERV;Crédito
99999999000199;01/08/2026 a 31/08/2026;A100/A170;1;00;PART008;99000000080001;;FORNECEDOR SINTETICO 008;MG;AS00010068;1;10068;06/08/2026;06/08/2026;705,00;0,00;705,00;;;;1;ITEM006;SERVICO SINTETICO A 0134;ITEM OU SERVICO SINTETICO 006;;1202;;09;296,00;;;0,00;01;;;6102;;;;;;;;;;;;06;0,00;;0,0000;;0,00;06;0,00;;0,0000;;0,00;CTA_SERV;Débito
99999999000199;01/08/2026 a 31/08/2026;A100/A170;1;00;PART008;99000000080001;;FORNECEDOR SINTETICO 008;MG;AS00010068;1;10068;06/08/2026;06/08/2026;705,00;0,00;705,00;;;;2;ITEM007;SERVICO SINTETICO A 0135;ITEM OU SERVICO SINTETICO 007;;1203;;09;409,00;;;0,00;01;;;6933;;;;;;;;;;;;07;0,00;;0,0000;;0,00;07;0,00;;0,0000;;0,00;CTA_SERV;Débito
99999999000199;01/08/2026 a 31/08/2026;A100/A170;0;00;PART009;99000000090001;;FORNECEDOR SINTETICO 009;PR;AS00010069;1;10069;07/08/2026;07/08/2026;1338,00;0,00;1338,00;;;;1;ITEM008;SERVICO SINTETICO A 0136;ITEM OU SERVICO SINTETICO 008;;1401;;09;333,00;;;0,00;01;;;1102;;;;;;;;;;;;07;0,00;;0,0000;;0,00;07;0,00;;0,0000;;0,00;CTA_SERV;Crédito
99999999000199;01/08/2026 a 31/08/2026;A100/A170;0;00;PART009;99000000090001;;FORNECEDOR SINTETICO 009;PR;AS00010069;1;10069;07/08/2026;07/08/2026;1338,00;0,00;1338,00;;;;2;ITEM001;SERVICO SINTETICO A 0137;ITEM OU SERVICO SINTETICO 001;;1701;;09;446,00;;;0,00;01;;;2102;;;;;;;;;;;;08;0,00;;0,0000;;0,00;08;0,00;;0,0000;;0,00;CTA_SERV;Crédito
99999999000199;01/08/2026 a 31/08/2026;A100/A170;0;00;PART009;99000000090001;;FORNECEDOR SINTETICO 009;PR;AS00010069;1;10069;07/08/2026;07/08/2026;1338,00;0,00;1338,00;;;;3;ITEM002;SERVICO SINTETICO A 0138;ITEM OU SERVICO SINTETICO 002;;1702;;09;559,00;;;0,00;01;;;5102;;;;;;;;;;;;49;559,00;;1,6500;;9,22;49;559,00;;7,6000;;42,48;CTA_SERV;Crédito
99999999000199;01/08/2026 a 31/08/2026;A100/A170;0;00;PART010;99000000100001;;FORNECEDOR SINTETICO 010;SC;AS00010070;1;10070;08/08/2026;08/08/2026;370,00;0,00;370,00;;;;1;ITEM003;SERVICO SINTETICO A 0139;ITEM OU SERVICO SINTETICO 003;;1801;;09;370,00;;;0,00;01;;;5933;;;;;;;;;;;;08;0,00;;0,0000;;0,00;08;0,00;;0,0000;;0,00;CTA_SERV;Crédito
99999999000199;01/08/2026 a 31/08/2026;A100/A170;0;00;PART011;99000000110001;;FORNECEDOR SINTETICO 011;RS;AS00010071;1;10071;09/08/2026;09/08/2026;927,00;0,00;927,00;;;;1;ITEM004;SERVICO SINTETICO A 0140;ITEM OU SERVICO SINTETICO 004;;1201;;09;407,00;;;0,00;01;;;6102;;;;;;;;;;;;49;407,00;;1,6500;;6,72;49;407,00;;7,6000;;30,93;CTA_SERV;Crédito
99999999000199;01/08/2026 a 31/08/2026;A100/A170;0;00;PART011;99000000110001;;FORNECEDOR SINTETICO 011;RS;AS00010071;1;10071;09/08/2026;09/08/2026;927,00;0,00;927,00;;;;2;ITEM005;SERVICO SINTETICO A 0141;ITEM OU SERVICO SINTETICO 005;;1202;;09;520,00;;;0,00;01;;;6933;;;;;;;;;;;;50;520,00;;1,6500;;8,58;50;520,00;;7,6000;;39,52;CTA_SERV;Crédito
99999999000199;01/08/2026 a 31/08/2026;A100/A170;1;00;PART012;99000000120001;;FORNECEDOR SINTETICO 012;SP;AS00010072;1;10072;10/08/2026;10/08/2026;1671,00;0,00;1671,00;;;;1;ITEM006;SERVICO SINTETICO A 0142;ITEM OU SERVICO SINTETICO 006;;1203;;09;444,00;;;0,00;01;;;1102;;;;;;;;;;;;50;444,00;;1,6500;;7,33;50;444,00;;7,6000;;33,74;CTA_SERV;Débito
99999999000199;01/08/2026 a 31/08/2026;A100/A170;1;00;PART012;99000000120001;;FORNECEDOR SINTETICO 012;SP;AS00010072;1;10072;10/08/2026;10/08/2026;1671,00;0,00;1671,00;;;;2;ITEM007;SERVICO SINTETICO A 0143;ITEM OU SERVICO SINTETICO 007;;1401;;09;557,00;;;0,00;01;;;2102;;;;;;;;;;;;51;557,00;;1,6500;;9,19;51;557,00;;7,6000;;42,33;CTA_SERV;Débito
99999999000199;01/08/2026 a 31/08/2026;A100/A170;1;00;PART012;99000000120001;;FORNECEDOR SINTETICO 012;SP;AS00010072;1;10072;10/08/2026;10/08/2026;1671,00;0,00;1671,00;;;;3;ITEM008;SERVICO SINTETICO A 0144;ITEM OU SERVICO SINTETICO 008;;1701;;09;670,00;;;0,00;01;;;5102;;;;;;;;;;;;70;670,00;;1,6500;;11,06;70;670,00;;7,6000;;50,92;CTA_SERV;Débito
99999999000199;01/08/2026 a 31/08/2026;A100/A170;0;00;PART013;99000000130001;;FORNECEDOR SINTETICO 013;RJ;AS00010073;1;10073;11/08/2026;11/08/2026;481,00;0,00;481,00;;;;1;ITEM001;SERVICO SINTETICO A 0145;ITEM OU SERVICO SINTETICO 001;;1702;;09;481,00;;;0,00;01;;;5933;;;;;;;;;;;;51;481,00;;1,6500;;7,94;51;481,00;;7,6000;;36,56;CTA_SERV;Crédito
99999999000199;01/08/2026 a 31/08/2026;A100/A170;0;00;PART014;99000000140001;;FORNECEDOR SINTETICO 014;MG;AS00010074;1;10074;12/08/2026;12/08/2026;1149,00;0,00;1149,00;;;;1;ITEM002;SERVICO SINTETICO A 0146;ITEM OU SERVICO SINTETICO 002;;1801;;09;518,00;;;0,00;01;;;6102;;;;;;;;;;;;70;518,00;;1,6500;;8,55;70;518,00;;7,6000;;39,37;CTA_SERV;Crédito
99999999000199;01/08/2026 a 31/08/2026;A100/A170;0;00;PART014;99000000140001;;FORNECEDOR SINTETICO 014;MG;AS00010074;1;10074;12/08/2026;12/08/2026;1149,00;0,00;1149,00;;;;2;ITEM003;SERVICO SINTETICO A 0147;ITEM OU SERVICO SINTETICO 003;;1201;;09;631,00;;;0,00;01;;;6933;;;;;;;;;;;;73;631,00;;1,6500;;10,41;73;631,00;;7,6000;;47,96;CTA_SERV;Crédito
99999999000199;01/08/2026 a 31/08/2026;A100/A170;0;00;PART015;99000000150001;;FORNECEDOR SINTETICO 015;PR;AS00010075;1;10075;13/08/2026;13/08/2026;2004,00;0,00;2004,00;;;;1;ITEM004;SERVICO SINTETICO A 0148;ITEM OU SERVICO SINTETICO 004;;1202;;09;555,00;;;0,00;01;;;1102;;;;;;;;;;;;73;555,00;;1,6500;;9,16;73;555,00;;7,6000;;42,18;CTA_SERV;Crédito
99999999000199;01/08/2026 a 31/08/2026;A100/A170;0;00;PART015;99000000150001;;FORNECEDOR SINTETICO 015;PR;AS00010075;1;10075;13/08/2026;13/08/2026;2004,00;0,00;2004,00;;;;2;ITEM005;SERVICO SINTETICO A 0149;ITEM OU SERVICO SINTETICO 005;;1203;;09;668,00;;;0,00;01;;;2102;;;;;;;;;;;;01;668,00;;1,6500;;11,02;01;668,00;;7,6000;;50,77;CTA_SERV;Crédito
99999999000199;01/08/2026 a 31/08/2026;A100/A170;0;00;PART015;99000000150001;;FORNECEDOR SINTETICO 015;PR;AS00010075;1;10075;13/08/2026;13/08/2026;2004,00;0,00;2004,00;;;;3;ITEM006;SERVICO SINTETICO A 0150;ITEM OU SERVICO SINTETICO 006;;1401;;09;781,00;;;0,00;01;;;5102;;;;;;;;;;;;02;781,00;;1,6500;;12,89;02;781,00;;7,6000;;59,36;CTA_SERV;Crédito
99999999000199;01/08/2026 a 31/08/2026;A100/A170;1;00;PART016;99000000160001;;CLIENTE SINTETICO 016;SC;AS00010076;1;10076;14/08/2026;14/08/2026;592,00;0,00;592,00;;;;1;ITEM007;SERVICO SINTETICO A 0151;ITEM OU SERVICO SINTETICO 007;;1701;;09;592,00;;;0,00;01;;;5933;;;;;;;;;;;;01;592,00;;1,6500;;9,77;01;592,00;;7,6000;;44,99;CTA_SERV;Débito
99999999000199;01/08/2026 a 31/08/2026;A100/A170;0;00;PART017;99000000170001;;CLIENTE SINTETICO 017;RS;AS00010077;1;10077;15/08/2026;15/08/2026;1371,00;0,00;1371,00;;;;1;ITEM008;SERVICO SINTETICO A 0152;ITEM OU SERVICO SINTETICO 008;;1702;;09;629,00;;;0,00;01;;;6102;;;;;;;;;;;;02;629,00;;1,6500;;10,38;02;629,00;;7,6000;;47,80;CTA_SERV;Crédito
99999999000199;01/08/2026 a 31/08/2026;A100/A170;0;00;PART017;99000000170001;;CLIENTE SINTETICO 017;RS;AS00010077;1;10077;15/08/2026;15/08/2026;1371,00;0,00;1371,00;;;;2;ITEM001;SERVICO SINTETICO A 0153;ITEM OU SERVICO SINTETICO 001;;1801;;09;742,00;;;0,00;01;;;6933;;;;;;;;;;;;04;0,00;;0,0000;;0,00;04;0,00;;0,0000;;0,00;CTA_SERV;Crédito
99999999000199;01/08/2026 a 31/08/2026;A100/A170;0;00;PART018;99000000180001;;CLIENTE SINTETICO 018;SP;AS00010078;1;10078;16/08/2026;16/08/2026;2337,00;0,00;2337,00;;;;1;ITEM002;SERVICO SINTETICO A 0154;ITEM OU SERVICO SINTETICO 002;;1201;;09;666,00;;;0,00;01;;;1102;;;;;;;;;;;;04;0,00;;0,0000;;0,00;04;0,00;;0,0000;;0,00;CTA_SERV;Crédito
99999999000199;01/08/2026 a 31/08/2026;A100/A170;0;00;PART018;99000000180001;;CLIENTE SINTETICO 018;SP;AS00010078;1;10078;16/08/2026;16/08/2026;2337,00;0,00;2337,00;;;;2;ITEM003;SERVICO SINTETICO A 0155;ITEM OU SERVICO SINTETICO 003;;1202;;09;779,00;;;0,00;01;;;2102;;;;;;;;;;;;06;0,00;;0,0000;;0,00;06;0,00;;0,0000;;0,00;CTA_SERV;Crédito
99999999000199;01/08/2026 a 31/08/2026;A100/A170;0;00;PART018;99000000180001;;CLIENTE SINTETICO 018;SP;AS00010078;1;10078;16/08/2026;16/08/2026;2337,00;0,00;2337,00;;;;3;ITEM004;SERVICO SINTETICO A 0156;ITEM OU SERVICO SINTETICO 004;;1203;;09;892,00;;;0,00;01;;;5102;;;;;;;;;;;;07;0,00;;0,0000;;0,00;07;0,00;;0,0000;;0,00;CTA_SERV;Crédito
99999999000199;01/08/2026 a 31/08/2026;A100/A170;0;00;PART019;99000000190001;;CLIENTE SINTETICO 019;RJ;AS00010079;1;10079;17/08/2026;17/08/2026;703,00;0,00;703,00;;;;1;ITEM005;SERVICO SINTETICO A 0157;ITEM OU SERVICO SINTETICO 005;;1401;;09;703,00;;;0,00;01;;;5933;;;;;;;;;;;;06;0,00;;0,0000;;0,00;06;0,00;;0,0000;;0,00;CTA_SERV;Crédito
99999999000199;01/08/2026 a 31/08/2026;A100/A170;1;00;PART020;99000000200001;;CLIENTE SINTETICO 020;MG;AS00010080;1;10080;18/08/2026;18/08/2026;1593,00;0,00;1593,00;;;;1;ITEM006;SERVICO SINTETICO A 0158;ITEM OU SERVICO SINTETICO 006;;1701;;09;740,00;;;0,00;01;;;6102;;;;;;;;;;;;07;0,00;;0,0000;;0,00;07;0,00;;0,0000;;0,00;CTA_SERV;Débito
99999999000199;01/08/2026 a 31/08/2026;A100/A170;1;00;PART020;99000000200001;;CLIENTE SINTETICO 020;MG;AS00010080;1;10080;18/08/2026;18/08/2026;1593,00;0,00;1593,00;;;;2;ITEM007;SERVICO SINTETICO A 0159;ITEM OU SERVICO SINTETICO 007;;1702;;09;853,00;;;0,00;01;;;6933;;;;;;;;;;;;08;0,00;;0,0000;;0,00;08;0,00;;0,0000;;0,00;CTA_SERV;Débito
99999999000199;01/08/2026 a 31/08/2026;A100/A170;0;00;PART021;99000000210001;;CLIENTE SINTETICO 021;PR;AS00010081;1;10081;19/08/2026;19/08/2026;2670,00;0,00;2670,00;;;;1;ITEM008;SERVICO SINTETICO A 0160;ITEM OU SERVICO SINTETICO 008;;1801;;09;777,00;;;0,00;01;;;1102;;;;;;;;;;;;08;0,00;;0,0000;;0,00;08;0,00;;0,0000;;0,00;CTA_SERV;Crédito
99999999000199;01/08/2026 a 31/08/2026;A100/A170;0;00;PART021;99000000210001;;CLIENTE SINTETICO 021;PR;AS00010081;1;10081;19/08/2026;19/08/2026;2670,00;0,00;2670,00;;;;2;ITEM001;SERVICO SINTETICO A 0161;ITEM OU SERVICO SINTETICO 001;;1201;;09;890,00;;;0,00;01;;;2102;;;;;;;;;;;;49;890,00;;1,6500;;14,69;49;890,00;;7,6000;;67,64;CTA_SERV;Crédito
99999999000199;01/08/2026 a 31/08/2026;A100/A170;0;00;PART021;99000000210001;;CLIENTE SINTETICO 021;PR;AS00010081;1;10081;19/08/2026;19/08/2026;2670,00;0,00;2670,00;;;;3;ITEM002;SERVICO SINTETICO A 0162;ITEM OU SERVICO SINTETICO 002;;1202;;09;1003,00;;;0,00;01;;;5102;;;;;;;;;;;;50;1003,00;;1,6500;;16,55;50;1003,00;;7,6000;;76,23;CTA_SERV;Crédito
99999999000199;01/08/2026 a 31/08/2026;A100/A170;0;00;PART022;99000000220001;;CLIENTE SINTETICO 022;SC;AS00010082;1;10082;20/08/2026;20/08/2026;814,00;0,00;814,00;;;;1;ITEM003;SERVICO SINTETICO A 0163;ITEM OU SERVICO SINTETICO 003;;1203;;09;814,00;;;0,00;01;;;5933;;;;;;;;;;;;49;814,00;;1,6500;;13,43;49;814,00;;7,6000;;61,86;CTA_SERV;Crédito
99999999000199;01/08/2026 a 31/08/2026;A100/A170;0;00;PART023;99000000230001;;CLIENTE SINTETICO 023;RS;AS00010083;1;10083;21/08/2026;21/08/2026;1815,00;0,00;1815,00;;;;1;ITEM004;SERVICO SINTETICO A 0164;ITEM OU SERVICO SINTETICO 004;;1401;;09;851,00;;;0,00;01;;;6102;;;;;;;;;;;;50;851,00;;1,6500;;14,04;50;851,00;;7,6000;;64,68;CTA_SERV;Crédito
99999999000199;01/08/2026 a 31/08/2026;A100/A170;0;00;PART023;99000000230001;;CLIENTE SINTETICO 023;RS;AS00010083;1;10083;21/08/2026;21/08/2026;1815,00;0,00;1815,00;;;;2;ITEM005;SERVICO SINTETICO A 0165;ITEM OU SERVICO SINTETICO 005;;1701;;09;964,00;;;0,00;01;;;6933;;;;;;;;;;;;51;964,00;;1,6500;;15,91;51;964,00;;7,6000;;73,26;CTA_SERV;Crédito
99999999000199;01/08/2026 a 31/08/2026;A100/A170;1;00;PART024;99000000240001;;CLIENTE SINTETICO 024;SP;AS00010084;1;10084;22/08/2026;22/08/2026;3003,00;0,00;3003,00;;;;1;ITEM006;SERVICO SINTETICO A 0166;ITEM OU SERVICO SINTETICO 006;;1702;;09;888,00;;;0,00;01;;;1102;;;;;;;;;;;;51;888,00;;1,6500;;14,65;51;888,00;;7,6000;;67,49;CTA_SERV;Débito
99999999000199;01/08/2026 a 31/08/2026;A100/A170;1;00;PART024;99000000240001;;CLIENTE SINTETICO 024;SP;AS00010084;1;10084;22/08/2026;22/08/2026;3003,00;0,00;3003,00;;;;2;ITEM007;SERVICO SINTETICO A 0167;ITEM OU SERVICO SINTETICO 007;;1801;;09;1001,00;;;0,00;01;;;2102;;;;;;;;;;;;70;1001,00;;1,6500;;16,52;70;1001,00;;7,6000;;76,08;CTA_SERV;Débito
99999999000199;01/08/2026 a 31/08/2026;A100/A170;1;00;PART024;99000000240001;;CLIENTE SINTETICO 024;SP;AS00010084;1;10084;22/08/2026;22/08/2026;3003,00;0,00;3003,00;;;;3;ITEM008;SERVICO SINTETICO A 0168;ITEM OU SERVICO SINTETICO 008;;1201;;09;1114,00;;;0,00;01;;;5102;;;;;;;;;;;;73;1114,00;;1,6500;;18,38;73;1114,00;;7,6000;;84,66;CTA_SERV;Débito
99999999000199;01/08/2026 a 31/08/2026;A100/A170;0;00;PART025;99000000250001;;CLIENTE SINTETICO 025;RJ;AS00010085;1;10085;23/08/2026;23/08/2026;925,00;0,00;925,00;;;;1;ITEM001;SERVICO SINTETICO A 0169;ITEM OU SERVICO SINTETICO 001;;1202;;09;925,00;;;0,00;01;;;5933;;;;;;;;;;;;70;925,00;;1,6500;;15,26;70;925,00;;7,6000;;70,30;CTA_SERV;Crédito
99999999000199;01/08/2026 a 31/08/2026;A100/A170;0;00;PART026;99000000260001;;CLIENTE SINTETICO 026;MG;AS00010086;1;10086;24/08/2026;24/08/2026;2037,00;0,00;2037,00;;;;1;ITEM002;SERVICO SINTETICO A 0170;ITEM OU SERVICO SINTETICO 002;;1203;;09;962,00;;;0,00;01;;;6102;;;;;;;;;;;;73;962,00;;1,6500;;15,87;73;962,00;;7,6000;;73,11;CTA_SERV;Crédito
99999999000199;01/08/2026 a 31/08/2026;A100/A170;0;00;PART026;99000000260001;;CLIENTE SINTETICO 026;MG;AS00010086;1;10086;24/08/2026;24/08/2026;2037,00;0,00;2037,00;;;;2;ITEM003;SERVICO SINTETICO A 0171;ITEM OU SERVICO SINTETICO 003;;1401;;09;1075,00;;;0,00;01;;;6933;;;;;;;;;;;;01;1075,00;;1,6500;;17,74;01;1075,00;;7,6000;;81,70;CTA_SERV;Crédito
99999999000199;01/08/2026 a 31/08/2026;A100/A170;0;00;PART027;99000000270001;;CLIENTE SINTETICO 027;PR;AS00010087;1;10087;25/08/2026;25/08/2026;3336,00;0,00;3336,00;;;;1;ITEM004;SERVICO SINTETICO A 0172;ITEM OU SERVICO SINTETICO 004;;1701;;09;999,00;;;0,00;01;;;1102;;;;;;;;;;;;01;999,00;;1,6500;;16,48;01;999,00;;7,6000;;75,92;CTA_SERV;Crédito
99999999000199;01/08/2026 a 31/08/2026;A100/A170;0;00;PART027;99000000270001;;CLIENTE SINTETICO 027;PR;AS00010087;1;10087;25/08/2026;25/08/2026;3336,00;0,00;3336,00;;;;2;ITEM005;SERVICO SINTETICO A 0173;ITEM OU SERVICO SINTETICO 005;;1702;;09;1112,00;;;0,00;01;;;2102;;;;;;;;;;;;02;1112,00;;1,6500;;18,35;02;1112,00;;7,6000;;84,51;CTA_SERV;Crédito
99999999000199;01/08/2026 a 31/08/2026;A100/A170;0;00;PART027;99000000270001;;CLIENTE SINTETICO 027;PR;AS00010087;1;10087;25/08/2026;25/08/2026;3336,00;0,00;3336,00;;;;3;ITEM006;SERVICO SINTETICO A 0174;ITEM OU SERVICO SINTETICO 006;;1801;;09;1225,00;;;0,00;01;;;5102;;;;;;;;;;;;04;0,00;;0,0000;;0,00;04;0,00;;0,0000;;0,00;CTA_SERV;Crédito
99999999000199;01/08/2026 a 31/08/2026;A100/A170;1;00;PART028;99000000280001;;CLIENTE SINTETICO 028;SC;AS00010088;1;10088;26/08/2026;26/08/2026;1036,00;0,00;1036,00;;;;1;ITEM007;SERVICO SINTETICO A 0175;ITEM OU SERVICO SINTETICO 007;;1201;;09;1036,00;;;0,00;01;;;5933;;;;;;;;;;;;02;1036,00;;1,6500;;17,09;02;1036,00;;7,6000;;78,74;CTA_SERV;Débito
99999999000199;01/08/2026 a 31/08/2026;A100/A170;0;00;PART029;99000000290001;;CLIENTE SINTETICO 029;RS;AS00010089;1;10089;27/08/2026;27/08/2026;2259,00;0,00;2259,00;;;;1;ITEM008;SERVICO SINTETICO A 0176;ITEM OU SERVICO SINTETICO 008;;1202;;09;1073,00;;;0,00;01;;;6102;;;;;;;;;;;;04;0,00;;0,0000;;0,00;04;0,00;;0,0000;;0,00;CTA_SERV;Crédito
99999999000199;01/08/2026 a 31/08/2026;A100/A170;0;00;PART029;99000000290001;;CLIENTE SINTETICO 029;RS;AS00010089;1;10089;27/08/2026;27/08/2026;2259,00;0,00;2259,00;;;;2;ITEM001;SERVICO SINTETICO A 0177;ITEM OU SERVICO SINTETICO 001;;1203;;09;1186,00;;;0,00;01;;;6933;;;;;;;;;;;;06;0,00;;0,0000;;0,00;06;0,00;;0,0000;;0,00;CTA_SERV;Crédito
99999999000199;01/08/2026 a 31/08/2026;A100/A170;0;00;PART030;99000000300001;;CLIENTE SINTETICO 030;SP;AS00010090;1;10090;28/08/2026;28/08/2026;3669,00;0,00;3669,00;;;;1;ITEM002;SERVICO SINTETICO A 0178;ITEM OU SERVICO SINTETICO 002;;1401;;09;1110,00;;;0,00;01;;;1102;;;;;;;;;;;;06;0,00;;0,0000;;0,00;06;0,00;;0,0000;;0,00;CTA_SERV;Crédito
99999999000199;01/08/2026 a 31/08/2026;A100/A170;0;00;PART030;99000000300001;;CLIENTE SINTETICO 030;SP;AS00010090;1;10090;28/08/2026;28/08/2026;3669,00;0,00;3669,00;;;;2;ITEM003;SERVICO SINTETICO A 0179;ITEM OU SERVICO SINTETICO 003;;1701;;09;1223,00;;;0,00;01;;;2102;;;;;;;;;;;;07;0,00;;0,0000;;0,00;07;0,00;;0,0000;;0,00;CTA_SERV;Crédito
99999999000199;01/08/2026 a 31/08/2026;A100/A170;0;00;PART030;99000000300001;;CLIENTE SINTETICO 030;SP;AS00010090;1;10090;28/08/2026;28/08/2026;3669,00;0,00;3669,00;;;;3;ITEM004;SERVICO SINTETICO A 0180;ITEM OU SERVICO SINTETICO 004;;1702;;09;1336,00;;;0,00;01;;;5102;;;;;;;;;;;;08;0,00;;0,0000;;0,00;08;0,00;;0,0000;;0,00;CTA_SERV;Crédito
99999999000199;01/08/2026 a 31/08/2026;A100/A170;0;00;PART001;99000000010001;;FORNECEDOR SINTETICO 001;RJ;AS00010091;1;10091;29/08/2026;29/08/2026;1147,00;0,00;1147,00;;;;1;ITEM005;SERVICO SINTETICO A 0181;ITEM OU SERVICO SINTETICO 005;;1801;;09;1147,00;;;0,00;01;;;5933;;;;;;;;;;;;07;0,00;;0,0000;;0,00;07;0,00;;0,0000;;0,00;CTA_SERV;Crédito
99999999000199;01/08/2026 a 31/08/2026;A100/A170;1;00;PART002;99000000020001;;FORNECEDOR SINTETICO 002;MG;AS00010092;1;10092;30/08/2026;30/08/2026;2481,00;0,00;2481,00;;;;1;ITEM006;SERVICO SINTETICO A 0182;ITEM OU SERVICO SINTETICO 006;;1201;;09;1184,00;;;0,00;01;;;6102;;;;;;;;;;;;08;0,00;;0,0000;;0,00;08;0,00;;0,0000;;0,00;CTA_SERV;Débito
99999999000199;01/08/2026 a 31/08/2026;A100/A170;1;00;PART002;99000000020001;;FORNECEDOR SINTETICO 002;MG;AS00010092;1;10092;30/08/2026;30/08/2026;2481,00;0,00;2481,00;;;;2;ITEM007;SERVICO SINTETICO A 0183;ITEM OU SERVICO SINTETICO 007;;1202;;09;1297,00;;;0,00;01;;;6933;;;;;;;;;;;;49;1297,00;;1,6500;;21,40;49;1297,00;;7,6000;;98,57;CTA_SERV;Débito
99999999000199;01/08/2026 a 31/08/2026;A100/A170;0;00;PART003;99000000030001;;FORNECEDOR SINTETICO 003;PR;AS00010093;1;10093;31/08/2026;31/08/2026;4002,00;0,00;4002,00;;;;1;ITEM008;SERVICO SINTETICO A 0184;ITEM OU SERVICO SINTETICO 008;;1203;;09;1221,00;;;0,00;01;;;1102;;;;;;;;;;;;49;1221,00;;1,6500;;20,15;49;1221,00;;7,6000;;92,80;CTA_SERV;Crédito
99999999000199;01/08/2026 a 31/08/2026;A100/A170;0;00;PART003;99000000030001;;FORNECEDOR SINTETICO 003;PR;AS00010093;1;10093;31/08/2026;31/08/2026;4002,00;0,00;4002,00;;;;2;ITEM001;SERVICO SINTETICO A 0185;ITEM OU SERVICO SINTETICO 001;;1401;;09;1334,00;;;0,00;01;;;2102;;;;;;;;;;;;50;1334,00;;1,6500;;22,01;50;1334,00;;7,6000;;101,38;CTA_SERV;Crédito
99999999000199;01/08/2026 a 31/08/2026;A100/A170;0;00;PART003;99000000030001;;FORNECEDOR SINTETICO 003;PR;AS00010093;1;10093;31/08/2026;31/08/2026;4002,00;0,00;4002,00;;;;3;ITEM002;SERVICO SINTETICO A 0186;ITEM OU SERVICO SINTETICO 002;;1701;;09;1447,00;;;0,00;01;;;5102;;;;;;;;;;;;51;1447,00;;1,6500;;23,88;51;1447,00;;7,6000;;109,97;CTA_SERV;Crédito
99999999000199;01/08/2026 a 31/08/2026;A100/A170;0;00;PART004;99000000040001;;FORNECEDOR SINTETICO 004;SC;AS00010094;1;10094;01/08/2026;01/08/2026;1258,00;0,00;1258,00;;;;1;ITEM003;SERVICO SINTETICO A 0187;ITEM OU SERVICO SINTETICO 003;;1702;;09;1258,00;;;0,00;01;;;5933;;;;;;;;;;;;50;1258,00;;1,6500;;20,76;50;1258,00;;7,6000;;95,61;CTA_SERV;Crédito
99999999000199;01/08/2026 a 31/08/2026;A100/A170;0;00;PART005;99000000050001;;FORNECEDOR SINTETICO 005;RS;AS00010095;1;10095;02/08/2026;02/08/2026;2703,00;0,00;2703,00;;;;1;ITEM004;SERVICO SINTETICO A 0188;ITEM OU SERVICO SINTETICO 004;;1801;;09;1295,00;;;0,00;01;;;6102;;;;;;;;;;;;51;1295,00;;1,6500;;21,37;51;1295,00;;7,6000;;98,42;CTA_SERV;Crédito
99999999000199;01/08/2026 a 31/08/2026;A100/A170;0;00;PART005;99000000050001;;FORNECEDOR SINTETICO 005;RS;AS00010095;1;10095;02/08/2026;02/08/2026;2703,00;0,00;2703,00;;;;2;ITEM005;SERVICO SINTETICO A 0189;ITEM OU SERVICO SINTETICO 005;;1201;;09;1408,00;;;0,00;01;;;6933;;;;;;;;;;;;70;1408,00;;1,6500;;23,23;70;1408,00;;7,6000;;107,01;CTA_SERV;Crédito
99999999000199;01/08/2026 a 31/08/2026;A100/A170;1;00;PART006;99000000060001;;FORNECEDOR SINTETICO 006;SP;AS00010096;1;10096;03/08/2026;03/08/2026;4335,00;0,00;4335,00;;;;1;ITEM006;SERVICO SINTETICO A 0190;ITEM OU SERVICO SINTETICO 006;;1202;;09;1332,00;;;0,00;01;;;1102;;;;;;;;;;;;70;1332,00;;1,6500;;21,98;70;1332,00;;7,6000;;101,23;CTA_SERV;Débito
99999999000199;01/08/2026 a 31/08/2026;A100/A170;1;00;PART006;99000000060001;;FORNECEDOR SINTETICO 006;SP;AS00010096;1;10096;03/08/2026;03/08/2026;4335,00;0,00;4335,00;;;;2;ITEM007;SERVICO SINTETICO A 0191;ITEM OU SERVICO SINTETICO 007;;1203;;09;1445,00;;;0,00;01;;;2102;;;;;;;;;;;;73;1445,00;;1,6500;;23,84;73;1445,00;;7,6000;;109,82;CTA_SERV;Débito
99999999000199;01/08/2026 a 31/08/2026;A100/A170;1;00;PART006;99000000060001;;FORNECEDOR SINTETICO 006;SP;AS00010096;1;10096;03/08/2026;03/08/2026;4335,00;0,00;4335,00;;;;3;ITEM008;SERVICO SINTETICO A 0192;ITEM OU SERVICO SINTETICO 008;;1401;;09;1558,00;;;0,00;01;;;5102;;;;;;;;;;;;01;1558,00;;1,6500;;25,71;01;1558,00;;7,6000;;118,41;CTA_SERV;Débito
99999999000199;01/08/2026 a 31/08/2026;A100/A170;0;00;PART007;99000000070001;;FORNECEDOR SINTETICO 007;RJ;AS00010097;1;10097;04/08/2026;04/08/2026;1369,00;0,00;1369,00;;;;1;ITEM001;SERVICO SINTETICO A 0193;ITEM OU SERVICO SINTETICO 001;;1701;;09;1369,00;;;0,00;01;;;5933;;;;;;;;;;;;73;1369,00;;1,6500;;22,59;73;1369,00;;7,6000;;104,04;CTA_SERV;Crédito
99999999000199;01/08/2026 a 31/08/2026;A100/A170;0;00;PART008;99000000080001;;FORNECEDOR SINTETICO 008;MG;AS00010098;1;10098;05/08/2026;05/08/2026;2925,00;0,00;2925,00;;;;1;ITEM002;SERVICO SINTETICO A 0194;ITEM OU SERVICO SINTETICO 002;;1702;;09;1406,00;;;0,00;01;;;6102;;;;;;;;;;;;01;1406,00;;1,6500;;23,20;01;1406,00;;7,6000;;106,86;CTA_SERV;Crédito
99999999000199;01/08/2026 a 31/08/2026;A100/A170;0;00;PART008;99000000080001;;FORNECEDOR SINTETICO 008;MG;AS00010098;1;10098;05/08/2026;05/08/2026;2925,00;0,00;2925,00;;;;2;ITEM003;SERVICO SINTETICO A 0195;ITEM OU SERVICO SINTETICO 003;;1801;;09;1519,00;;;0,00;01;;;6933;;;;;;;;;;;;02;1519,00;;1,6500;;25,06;02;1519,00;;7,6000;;115,44;CTA_SERV;Crédito
99999999000199;01/08/2026 a 31/08/2026;A100/A170;0;00;PART009;99000000090001;;FORNECEDOR SINTETICO 009;PR;AS00010099;1;10099;06/08/2026;06/08/2026;4668,00;0,00;4668,00;;;;1;ITEM004;SERVICO SINTETICO A 0196;ITEM OU SERVICO SINTETICO 004;;1201;;09;1443,00;;;0,00;01;;;1102;;;;;;;;;;;;02;1443,00;;1,6500;;23,81;02;1443,00;;7,6000;;109,67;CTA_SERV;Crédito
99999999000199;01/08/2026 a 31/08/2026;A100/A170;0;00;PART009;99000000090001;;FORNECEDOR SINTETICO 009;PR;AS00010099;1;10099;06/08/2026;06/08/2026;4668,00;0,00;4668,00;;;;2;ITEM005;SERVICO SINTETICO A 0197;ITEM OU SERVICO SINTETICO 005;;1202;;09;1556,00;;;0,00;01;;;2102;;;;;;;;;;;;04;0,00;;0,0000;;0,00;04;0,00;;0,0000;;0,00;CTA_SERV;Crédito
99999999000199;01/08/2026 a 31/08/2026;A100/A170;0;00;PART009;99000000090001;;FORNECEDOR SINTETICO 009;PR;AS00010099;1;10099;06/08/2026;06/08/2026;4668,00;0,00;4668,00;;;;3;ITEM006;SERVICO SINTETICO A 0198;ITEM OU SERVICO SINTETICO 006;;1203;;09;1669,00;;;0,00;01;;;5102;;;;;;;;;;;;06;0,00;;0,0000;;0,00;06;0,00;;0,0000;;0,00;CTA_SERV;Crédito
99999999000199;01/08/2026 a 31/08/2026;A100/A170;1;00;PART010;99000000100001;;FORNECEDOR SINTETICO 010;SC;AS00010100;1;10100;07/08/2026;07/08/2026;3073,00;0,00;3073,00;;;;1;ITEM007;SERVICO SINTETICO A 0199;ITEM OU SERVICO SINTETICO 007;;1401;;09;1480,00;;;0,00;01;;;5933;;;;;;;;;;;;04;0,00;;0,0000;;0,00;04;0,00;;0,0000;;0,00;CTA_SERV;Débito
99999999000199;01/08/2026 a 31/08/2026;A100/A170;1;00;PART010;99000000100001;;FORNECEDOR SINTETICO 010;SC;AS00010100;1;10100;07/08/2026;07/08/2026;3073,00;0,00;3073,00;;;;2;ITEM008;SERVICO SINTETICO A 0200;ITEM OU SERVICO SINTETICO 008;;1701;;09;1593,00;;;0,00;01;;;6102;;;;;;;;;;;;06;0,00;;0,0000;;0,00;06;0,00;;0,0000;;0,00;CTA_SERV;Débito
99999999000199;01/08/2026 a 31/08/2026;C100/C170;1;00;PART009;99000000090001;;FORNECEDOR SINTETICO 009;PR;20001;1;35260899000000090001553010000200011700200018;04/08/2026;04/08/2026;181,50;0,00;181,50;0,00;0,00;0,00;1;ITEM009;MERCADORIA SINTETICA C 0001;ITEM OU SERVICO SINTETICO 009;84000009;;;00;181,50;2,000;UN;0,00;;5102;Venda de mercadoria adquirida ou recebida de terceiros, ou qualquer venda de mercadoria efetuada pelo MEI com exceção das saídas classificadas nos códigos 5.501, 5.502, 5.504 e 5.505.;;;;;;;;;;;;;06;0,00;;0,0000;;0,00;06;0,00;;0,0000;;0,00;CTA_MERC;Débito
99999999000199;01/08/2026 a 31/08/2026;C100/C170;1;00;PART010;99000000100001;;FORNECEDOR SINTETICO 010;SC;20002;1;35260899000000100001553020000200021700200025;07/08/2026;07/08/2026;702,00;0,00;702,00;0,00;0,00;0,00;1;ITEM010;MERCADORIA SINTETICA C 0002;ITEM OU SERVICO SINTETICO 010;84000010;;;00;272,50;3,000;UN;0,00;;5405;Venda de mercadoria adquirida ou recebida de terceiros em operação com mercadoria sujeita ao regime de substituição tributária, na condição de contribuinte substituído.;;;;;;;;;;;;;08;0,00;;0,0000;;0,00;08;0,00;;0,0000;;0,00;CTA_MERC;Débito
99999999000199;01/08/2026 a 31/08/2026;C100/C170;1;00;PART010;99000000100001;;FORNECEDOR SINTETICO 010;SC;20002;1;35260899000000100001553020000200021700200025;07/08/2026;07/08/2026;702,00;0,00;702,00;0,00;0,00;0,00;2;ITEM011;MERCADORIA SINTETICA C 0003;ITEM OU SERVICO SINTETICO 011;84000011;;;00;429,50;4,000;UN;0,00;;6101;Venda de produção do estabelecimento.;;;;;;;;;;;;;49;429,50;;1,6500;;7,09;49;429,50;;7,6000;;32,64;CTA_MERC;Débito
99999999000199;01/08/2026 a 31/08/2026;C100/C170;1;00;PART011;99000000110001;;FORNECEDOR SINTETICO 011;RS;20003;1;35260899000000110001553030000200031700200032;10/08/2026;10/08/2026;1561,50;0,00;1561,50;0,00;0,00;0,00;1;ITEM012;MERCADORIA SINTETICA C 0004;ITEM OU SERVICO SINTETICO 012;84000012;;;00;363,50;5,000;UN;0,00;;6102;Venda de mercadoria adquirida ou recebida de terceiros, ou qualquer venda de mercadoria efetuada pelo MEI com exceção das saídas classificadas nos códigos 6.501, 6.502, 6.504 e 6.505.;;;;;;;;;;;;;50;363,50;;1,6500;;6,00;50;363,50;;7,6000;;27,63;CTA_MERC;Débito
99999999000199;01/08/2026 a 31/08/2026;C100/C170;1;00;PART011;99000000110001;;FORNECEDOR SINTETICO 011;RS;20003;1;35260899000000110001553030000200031700200032;10/08/2026;10/08/2026;1561,50;0,00;1561,50;0,00;0,00;0,00;2;ITEM013;MERCADORIA SINTETICA C 0005;ITEM OU SERVICO SINTETICO 013;84000013;;;00;520,50;6,000;UN;0,00;;6404;Venda de mercadoria sujeita ao regime de substituição tributária, cujo imposto já tenha sido retido anteriormente.;;;;;;;;;;;;;51;520,50;;1,6500;;8,59;51;520,50;;7,6000;;39,56;CTA_MERC;Débito
99999999000199;01/08/2026 a 31/08/2026;C100/C170;1;00;PART011;99000000110001;;FORNECEDOR SINTETICO 011;RS;20003;1;35260899000000110001553030000200031700200032;10/08/2026;10/08/2026;1561,50;0,00;1561,50;0,00;0,00;0,00;3;ITEM014;MERCADORIA SINTETICA C 0006;ITEM OU SERVICO SINTETICO 014;84000014;;;00;677,50;7,000;UN;0,00;;5101;Venda de produção do estabelecimento.;;;;;;;;;;;;;60;0,00;;0,0000;;0,00;60;0,00;;0,0000;;0,00;CTA_MERC;Débito
99999999000199;01/08/2026 a 31/08/2026;C100/C170;1;00;PART012;99000000120001;;FORNECEDOR SINTETICO 012;SP;20004;1;35260899000000120001553040000200041700200040;13/08/2026;13/08/2026;454,50;0,00;454,50;0,00;0,00;0,00;1;ITEM015;MERCADORIA SINTETICA C 0007;ITEM OU SERVICO SINTETICO 015;84000015;;;00;454,50;8,000;UN;0,00;;5102;Venda de mercadoria adquirida ou recebida de terceiros, ou qualquer venda de mercadoria efetuada pelo MEI com exceção das saídas classificadas nos códigos 5.501, 5.502, 5.504 e 5.505.;;;;;;;;;;;;;60;0,00;;0,0000;;0,00;60;0,00;;0,0000;;0,00;CTA_MERC;Débito
99999999000199;01/08/2026 a 31/08/2026;C100/C170;0;00;PART013;99000000130001;;FORNECEDOR SINTETICO 013;RJ;20005;1;35260899000000130001553050000200051700200057;16/08/2026;16/08/2026;1248,00;0,00;1248,00;0,00;0,00;0,00;1;ITEM016;MERCADORIA SINTETICA C 0008;ITEM OU SERVICO SINTETICO 016;84000016;;;00;545,50;1,000;UN;0,00;;1403;Compra para comercialização em operação com mercadoria sujeita ao regime de substituição tributária.;;;;;;;;;;;;;73;545,50;;1,6500;;9,00;73;545,50;;7,6000;;41,46;CTA_MERC;Crédito
99999999000199;01/08/2026 a 31/08/2026;C100/C170;0;00;PART013;99000000130001;;FORNECEDOR SINTETICO 013;RJ;20005;1;35260899000000130001553050000200051700200057;16/08/2026;16/08/2026;1248,00;0,00;1248,00;0,00;0,00;0,00;2;ITEM017;MERCADORIA SINTETICA C 0009;ITEM OU SERVICO SINTETICO 017;84000017;;;00;702,50;2,000;UN;0,00;;2101;Compra para industrialização ou produção rural.;;;;;;;;;;;;;98;702,50;;1,6500;;11,59;98;702,50;;7,6000;;53,39;CTA_MERC;Crédito
99999999000199;01/08/2026 a 31/08/2026;C100/C170;1;00;PART014;99000000140001;;FORNECEDOR SINTETICO 014;MG;20006;1;35260899000000140001553060000200061700200064;19/08/2026;19/08/2026;2380,50;0,00;2380,50;0,00;0,00;0,00;1;ITEM018;MERCADORIA SINTETICA C 0010;ITEM OU SERVICO SINTETICO 018;84000018;;;00;636,50;3,000;UN;0,00;;6102;Venda de mercadoria adquirida ou recebida de terceiros, ou qualquer venda de mercadoria efetuada pelo MEI com exceção das saídas classificadas nos códigos 6.501, 6.502, 6.504 e 6.505.;;;;;;;;;;;;;01;636,50;;1,6500;;10,50;01;636,50;;7,6000;;48,37;CTA_MERC;Débito
99999999000199;01/08/2026 a 31/08/2026;C100/C170;1;00;PART014;99000000140001;;FORNECEDOR SINTETICO 014;MG;20006;1;35260899000000140001553060000200061700200064;19/08/2026;19/08/2026;2380,50;0,00;2380,50;0,00;0,00;0,00;2;ITEM019;MERCADORIA SINTETICA C 0011;ITEM OU SERVICO SINTETICO 019;84000019;;;00;793,50;4,000;UN;0,00;;6404;Venda de mercadoria sujeita ao regime de substituição tributária, cujo imposto já tenha sido retido anteriormente.;;;;;;;;;;;;;02;793,50;;1,6500;;13,09;02;793,50;;7,6000;;60,31;CTA_MERC;Débito
99999999000199;01/08/2026 a 31/08/2026;C100/C170;1;00;PART014;99000000140001;;FORNECEDOR SINTETICO 014;MG;20006;1;35260899000000140001553060000200061700200064;19/08/2026;19/08/2026;2380,50;0,00;2380,50;0,00;0,00;0,00;3;ITEM020;MERCADORIA SINTETICA C 0012;ITEM OU SERVICO SINTETICO 020;84000020;;;00;950,50;5,000;UN;0,00;;5101;Venda de produção do estabelecimento.;;;;;;;;;;;;;04;0,00;;0,0000;;0,00;04;0,00;;0,0000;;0,00;CTA_MERC;Débito
99999999000199;01/08/2026 a 31/08/2026;C100/C170;1;00;PART015;99000000150001;;FORNECEDOR SINTETICO 015;PR;20007;1;35260899000000150001553070000200071700200071;22/08/2026;22/08/2026;727,50;0,00;727,50;0,00;0,00;0,00;1;ITEM001;MERCADORIA SINTETICA C 0013;ITEM OU SERVICO SINTETICO 001;;;;09;727,50;6,000;UN;0,00;;5102;Venda de mercadoria adquirida ou recebida de terceiros, ou qualquer venda de mercadoria efetuada pelo MEI com exceção das saídas classificadas nos códigos 5.501, 5.502, 5.504 e 5.505.;;;;;;;;;;;;;04;0,00;;0,0000;;0,00;04;0,00;;0,0000;;0,00;CTA_MERC;Débito
99999999000199;01/08/2026 a 31/08/2026;C100/C170;1;00;PART016;99000000160001;;CLIENTE SINTETICO 016;SC;20008;1;35260899000000160001553080000200081700200089;25/08/2026;25/08/2026;1794,00;0,00;1794,00;0,00;0,00;0,00;1;ITEM002;MERCADORIA SINTETICA C 0014;ITEM OU SERVICO SINTETICO 002;;;;09;818,50;7,000;UN;0,00;;5405;Venda de mercadoria adquirida ou recebida de terceiros em operação com mercadoria sujeita ao regime de substituição tributária, na condição de contribuinte substituído.;;;;;;;;;;;;;07;0,00;;0,0000;;0,00;07;0,00;;0,0000;;0,00;CTA_MERC;Débito
99999999000199;01/08/2026 a 31/08/2026;C100/C170;1;00;PART016;99000000160001;;CLIENTE SINTETICO 016;SC;20008;1;35260899000000160001553080000200081700200089;25/08/2026;25/08/2026;1794,00;0,00;1794,00;0,00;0,00;0,00;2;ITEM003;MERCADORIA SINTETICA C 0015;ITEM OU SERVICO SINTETICO 003;;;;09;975,50;8,000;UN;0,00;;6101;Venda de produção do estabelecimento.;;;;;;;;;;;;;08;0,00;;0,0000;;0,00;08;0,00;;0,0000;;0,00;CTA_MERC;Débito
99999999000199;01/08/2026 a 31/08/2026;C100/C170;1;00;PART017;99000000170001;;CLIENTE SINTETICO 017;RS;20009;1;35260899000000170001553090000200091700200096;28/08/2026;28/08/2026;3199,50;0,00;3199,50;0,00;0,00;0,00;1;ITEM004;MERCADORIA SINTETICA C 0016;ITEM OU SERVICO SINTETICO 004;;;;09;909,50;1,000;UN;0,00;;6102;Venda de mercadoria adquirida ou recebida de terceiros, ou qualquer venda de mercadoria efetuada pelo MEI com exceção das saídas classificadas nos códigos 6.501, 6.502, 6.504 e 6.505.;;;;;;;;;;;;;49;909,50;;1,6500;;15,01;49;909,50;;7,6000;;69,12;CTA_MERC;Débito
99999999000199;01/08/2026 a 31/08/2026;C100/C170;1;00;PART017;99000000170001;;CLIENTE SINTETICO 017;RS;20009;1;35260899000000170001553090000200091700200096;28/08/2026;28/08/2026;3199,50;0,00;3199,50;0,00;0,00;0,00;2;ITEM005;MERCADORIA SINTETICA C 0017;ITEM OU SERVICO SINTETICO 005;;;;09;1066,50;2,000;UN;0,00;;6404;Venda de mercadoria sujeita ao regime de substituição tributária, cujo imposto já tenha sido retido anteriormente.;;;;;;;;;;;;;50;1066,50;;1,6500;;17,60;50;1066,50;;7,6000;;81,05;CTA_MERC;Débito
99999999000199;01/08/2026 a 31/08/2026;C100/C170;1;00;PART017;99000000170001;;CLIENTE SINTETICO 017;RS;20009;1;35260899000000170001553090000200091700200096;28/08/2026;28/08/2026;3199,50;0,00;3199,50;0,00;0,00;0,00;3;ITEM006;MERCADORIA SINTETICA C 0018;ITEM OU SERVICO SINTETICO 006;;;;09;1223,50;3,000;UN;0,00;;5101;Venda de produção do estabelecimento.;;;;;;;;;;;;;51;1223,50;;1,6500;;20,19;51;1223,50;;7,6000;;92,99;CTA_MERC;Débito
99999999000199;01/08/2026 a 31/08/2026;C100/C170;0;00;PART018;99000000180001;;CLIENTE SINTETICO 018;SP;20010;1;35260899000000180001553100000200101700200104;31/08/2026;31/08/2026;1000,50;0,00;1000,50;0,00;0,00;0,00;1;ITEM007;MERCADORIA SINTETICA C 0019;ITEM OU SERVICO SINTETICO 007;;;;09;1000,50;4,000;UN;0,00;;1102;Compra para comercialização.;;;;;;;;;;;;;51;1000,50;;1,6500;;16,51;51;1000,50;;7,6000;;76,04;CTA_MERC;Crédito
99999999000199;01/08/2026 a 31/08/2026;C100/C170;1;00;PART019;99000000190001;;CLIENTE SINTETICO 019;RJ;20011;1;35260899000000190001553110000200111700200111;03/08/2026;03/08/2026;2340,00;0,00;2340,00;0,00;0,00;0,00;1;ITEM008;MERCADORIA SINTETICA C 0020;ITEM OU SERVICO SINTETICO 008;;;;09;1091,50;5,000;UN;0,00;;5405;Venda de mercadoria adquirida ou recebida de terceiros em operação com mercadoria sujeita ao regime de substituição tributária, na condição de contribuinte substituído.;;;;;;;;;;;;;70;1091,50;;1,6500;;18,01;70;1091,50;;7,6000;;82,95;CTA_MERC;Débito
99999999000199;01/08/2026 a 31/08/2026;C100/C170;1;00;PART019;99000000190001;;CLIENTE SINTETICO 019;RJ;20011;1;35260899000000190001553110000200111700200111;03/08/2026;03/08/2026;2340,00;0,00;2340,00;0,00;0,00;0,00;2;ITEM009;MERCADORIA SINTETICA C 0021;ITEM OU SERVICO SINTETICO 009;84000009;;;00;1248,50;6,000;UN;0,00;;6101;Venda de produção do estabelecimento.;;;;;;;;;;;;;73;1248,50;;1,6500;;20,60;73;1248,50;;7,6000;;94,89;CTA_MERC;Débito
99999999000199;01/08/2026 a 31/08/2026;C100/C170;1;00;PART020;99000000200001;;CLIENTE SINTETICO 020;MG;20012;1;35260899000000200001553120000200121700200129;06/08/2026;06/08/2026;4018,50;0,00;4018,50;0,00;0,00;0,00;1;ITEM010;MERCADORIA SINTETICA C 0022;ITEM OU SERVICO SINTETICO 010;84000010;;;00;1182,50;7,000;UN;0,00;;6102;Venda de mercadoria adquirida ou recebida de terceiros, ou qualquer venda de mercadoria efetuada pelo MEI com exceção das saídas classificadas nos códigos 6.501, 6.502, 6.504 e 6.505.;;;;;;;;;;;;;98;1182,50;;1,6500;;19,51;98;1182,50;;7,6000;;89,87;CTA_MERC;Débito
99999999000199;01/08/2026 a 31/08/2026;C100/C170;1;00;PART020;99000000200001;;CLIENTE SINTETICO 020;MG;20012;1;35260899000000200001553120000200121700200129;06/08/2026;06/08/2026;4018,50;0,00;4018,50;0,00;0,00;0,00;2;ITEM011;MERCADORIA SINTETICA C 0023;ITEM OU SERVICO SINTETICO 011;84000011;;;00;1339,50;8,000;UN;0,00;;6404;Venda de mercadoria sujeita ao regime de substituição tributária, cujo imposto já tenha sido retido anteriormente.;;;;;;;;;;;;;01;1339,50;;1,6500;;22,10;01;1339,50;;7,6000;;101,80;CTA_MERC;Débito
99999999000199;01/08/2026 a 31/08/2026;C100/C170;1;00;PART020;99000000200001;;CLIENTE SINTETICO 020;MG;20012;1;35260899000000200001553120000200121700200129;06/08/2026;06/08/2026;4018,50;0,00;4018,50;0,00;0,00;0,00;3;ITEM012;MERCADORIA SINTETICA C 0024;ITEM OU SERVICO SINTETICO 012;84000012;;;00;1496,50;1,000;UN;0,00;;5101;Venda de produção do estabelecimento.;;;;;;;;;;;;;02;1496,50;;1,6500;;24,69;02;1496,50;;7,6000;;113,73;CTA_MERC;Débito
99999999000199;01/08/2026 a 31/08/2026;C100/C170;1;00;PART021;99000000210001;;CLIENTE SINTETICO 021;PR;20013;1;35260899000000210001553130000200131700200136;09/08/2026;09/08/2026;1273,50;0,00;1273,50;0,00;0,00;0,00;1;ITEM013;MERCADORIA SINTETICA C 0025;ITEM OU SERVICO SINTETICO 013;84000013;;;00;1273,50;2,000;UN;0,00;;5102;Venda de mercadoria adquirida ou recebida de terceiros, ou qualquer venda de mercadoria efetuada pelo MEI com exceção das saídas classificadas nos códigos 5.501, 5.502, 5.504 e 5.505.;;;;;;;;;;;;;02;1273,50;;1,6500;;21,01;02;1273,50;;7,6000;;96,79;CTA_MERC;Débito
99999999000199;01/08/2026 a 31/08/2026;C100/C170;1;00;PART022;99000000220001;;CLIENTE SINTETICO 022;SC;20014;1;35260899000000220001553140000200141700200143;12/08/2026;12/08/2026;2886,00;0,00;2886,00;0,00;0,00;0,00;1;ITEM014;MERCADORIA SINTETICA C 0026;ITEM OU SERVICO SINTETICO 014;84000014;;;00;1364,50;3,000;UN;0,00;;5405;Venda de mercadoria adquirida ou recebida de terceiros em operação com mercadoria sujeita ao regime de substituição tributária, na condição de contribuinte substituído.;;;;;;;;;;;;;06;0,00;;0,0000;;0,00;06;0,00;;0,0000;;0,00;CTA_MERC;Débito
99999999000199;01/08/2026 a 31/08/2026;C100/C170;1;00;PART022;99000000220001;;CLIENTE SINTETICO 022;SC;20014;1;35260899000000220001553140000200141700200143;12/08/2026;12/08/2026;2886,00;0,00;2886,00;0,00;0,00;0,00;2;ITEM015;MERCADORIA SINTETICA C 0027;ITEM OU SERVICO SINTETICO 015;84000015;;;00;1521,50;4,000;UN;0,00;;6101;Venda de produção do estabelecimento.;;;;;;;;;;;;;07;0,00;;0,0000;;0,00;07;0,00;;0,0000;;0,00;CTA_MERC;Débito
99999999000199;01/08/2026 a 31/08/2026;C100/C170;0;00;PART023;99000000230001;;CLIENTE SINTETICO 023;RS;20015;1;35260899000000230001553150000200151700200150;15/08/2026;15/08/2026;4837,50;0,00;4837,50;0,00;0,00;0,00;1;ITEM016;MERCADORIA SINTETICA C 0028;ITEM OU SERVICO SINTETICO 016;84000016;;;00;1455,50;5,000;UN;0,00;;2102;Compra para comercialização.;;;;;;;;;;;;;08;0,00;;0,0000;;0,00;08;0,00;;0,0000;;0,00;CTA_MERC;Crédito
99999999000199;01/08/2026 a 31/08/2026;C100/C170;0;00;PART023;99000000230001;;CLIENTE SINTETICO 023;RS;20015;1;35260899000000230001553150000200151700200150;15/08/2026;15/08/2026;4837,50;0,00;4837,50;0,00;0,00;0,00;2;ITEM017;MERCADORIA SINTETICA C 0029;ITEM OU SERVICO SINTETICO 017;84000017;;;00;1612,50;6,000;UN;0,00;;2403;Compra para comercialização em operação com mercadoria sujeita ao regime de substituição tributária.;;;;;;;;;;;;;49;1612,50;;1,6500;;26,61;49;1612,50;;7,6000;;122,55;CTA_MERC;Crédito
99999999000199;01/08/2026 a 31/08/2026;C100/C170;0;00;PART023;99000000230001;;CLIENTE SINTETICO 023;RS;20015;1;35260899000000230001553150000200151700200150;15/08/2026;15/08/2026;4837,50;0,00;4837,50;0,00;0,00;0,00;3;ITEM018;MERCADORIA SINTETICA C 0030;ITEM OU SERVICO SINTETICO 018;84000018;;;00;1769,50;7,000;UN;0,00;;1101;Compra para industrialização ou produção rural.;;;;;;;;;;;;;50;1769,50;;1,6500;;29,20;50;1769,50;;7,6000;;134,48;CTA_MERC;Crédito
99999999000199;01/08/2026 a 31/08/2026;C100/C170;1;00;PART024;99000000240001;;CLIENTE SINTETICO 024;SP;20016;1;35260899000000240001553160000200161700200168;18/08/2026;18/08/2026;1546,50;0,00;1546,50;0,00;0,00;0,00;1;ITEM019;MERCADORIA SINTETICA C 0031;ITEM OU SERVICO SINTETICO 019;84000019;;;00;1546,50;8,000;UN;0,00;;5102;Venda de mercadoria adquirida ou recebida de terceiros, ou qualquer venda de mercadoria efetuada pelo MEI com exceção das saídas classificadas nos códigos 5.501, 5.502, 5.504 e 5.505.;;;;;;;;;;;;;50;1546,50;;1,6500;;25,52;50;1546,50;;7,6000;;117,53;CTA_MERC;Débito
99999999000199;01/08/2026 a 31/08/2026;C100/C170;1;00;PART025;99000000250001;;CLIENTE SINTETICO 025;RJ;20017;1;35260899000000250001553170000200171700200175;21/08/2026;21/08/2026;3432,00;0,00;3432,00;0,00;0,00;0,00;1;ITEM020;MERCADORIA SINTETICA C 0032;ITEM OU SERVICO SINTETICO 020;84000020;;;00;1637,50;1,000;UN;0,00;;5405;Venda de mercadoria adquirida ou recebida de terceiros em operação com mercadoria sujeita ao regime de substituição tributária, na condição de contribuinte substituído.;;;;;;;;;;;;;60;0,00;;0,0000;;0,00;60;0,00;;0,0000;;0,00;CTA_MERC;Débito
99999999000199;01/08/2026 a 31/08/2026;C100/C170;1;00;PART025;99000000250001;;CLIENTE SINTETICO 025;RJ;20017;1;35260899000000250001553170000200171700200175;21/08/2026;21/08/2026;3432,00;0,00;3432,00;0,00;0,00;0,00;2;ITEM001;MERCADORIA SINTETICA C 0033;ITEM OU SERVICO SINTETICO 001;;;;09;1794,50;2,000;UN;0,00;;6101;Venda de produção do estabelecimento.;;;;;;;;;;;;;70;1794,50;;1,6500;;29,61;70;1794,50;;7,6000;;136,38;CTA_MERC;Débito
99999999000199;01/08/2026 a 31/08/2026;C100/C170;1;00;PART026;99000000260001;;CLIENTE SINTETICO 026;MG;20018;1;35260899000000260001553180000200181700200182;24/08/2026;24/08/2026;5656,50;0,00;5656,50;0,00;0,00;0,00;1;ITEM002;MERCADORIA SINTETICA C 0034;ITEM OU SERVICO SINTETICO 002;;;;09;1728,50;3,000;UN;0,00;;6102;Venda de mercadoria adquirida ou recebida de terceiros, ou qualquer venda de mercadoria efetuada pelo MEI com exceção das saídas classificadas nos códigos 6.501, 6.502, 6.504 e 6.505.;;;;;;;;;;;;;73;1728,50;;1,6500;;28,52;73;1728,50;;7,6000;;131,37;CTA_MERC;Débito
99999999000199;01/08/2026 a 31/08/2026;C100/C170;1;00;PART026;99000000260001;;CLIENTE SINTETICO 026;MG;20018;1;35260899000000260001553180000200181700200182;24/08/2026;24/08/2026;5656,50;0,00;5656,50;0,00;0,00;0,00;2;ITEM003;MERCADORIA SINTETICA C 0035;ITEM OU SERVICO SINTETICO 003;;;;09;1885,50;4,000;UN;0,00;;6404;Venda de mercadoria sujeita ao regime de substituição tributária, cujo imposto já tenha sido retido anteriormente.;;;;;;;;;;;;;98;1885,50;;1,6500;;31,11;98;1885,50;;7,6000;;143,30;CTA_MERC;Débito
99999999000199;01/08/2026 a 31/08/2026;C100/C170;1;00;PART026;99000000260001;;CLIENTE SINTETICO 026;MG;20018;1;35260899000000260001553180000200181700200182;24/08/2026;24/08/2026;5656,50;0,00;5656,50;0,00;0,00;0,00;3;ITEM004;MERCADORIA SINTETICA C 0036;ITEM OU SERVICO SINTETICO 004;;;;09;2042,50;5,000;UN;0,00;;5101;Venda de produção do estabelecimento.;;;;;;;;;;;;;01;2042,50;;1,6500;;33,70;01;2042,50;;7,6000;;155,23;CTA_MERC;Débito
99999999000199;01/08/2026 a 31/08/2026;C100/C170;1;00;PART027;99000000270001;;CLIENTE SINTETICO 027;PR;20019;1;35260899000000270001553190000200191700200190;27/08/2026;27/08/2026;1819,50;0,00;1819,50;0,00;0,00;0,00;1;ITEM005;MERCADORIA SINTETICA C 0037;ITEM OU SERVICO SINTETICO 005;;;;09;1819,50;6,000;UN;0,00;;5102;Venda de mercadoria adquirida ou recebida de terceiros, ou qualquer venda de mercadoria efetuada pelo MEI com exceção das saídas classificadas nos códigos 5.501, 5.502, 5.504 e 5.505.;;;;;;;;;;;;;01;1819,50;;1,6500;;30,02;01;1819,50;;7,6000;;138,28;CTA_MERC;Débito
99999999000199;01/08/2026 a 31/08/2026;C100/C170;0;00;PART028;99000000280001;;CLIENTE SINTETICO 028;SC;20020;1;35260899000000280001553200000200201700200208;30/08/2026;30/08/2026;3978,00;0,00;3978,00;0,00;0,00;0,00;1;ITEM006;MERCADORIA SINTETICA C 0038;ITEM OU SERVICO SINTETICO 006;;;;09;1910,50;7,000;UN;0,00;;1403;Compra para comercialização em operação com mercadoria sujeita ao regime de substituição tributária.;;;;;;;;;;;;;04;0,00;;0,0000;;0,00;04;0,00;;0,0000;;0,00;CTA_MERC;Crédito
99999999000199;01/08/2026 a 31/08/2026;C100/C170;0;00;PART028;99000000280001;;CLIENTE SINTETICO 028;SC;20020;1;35260899000000280001553200000200201700200208;30/08/2026;30/08/2026;3978,00;0,00;3978,00;0,00;0,00;0,00;2;ITEM007;MERCADORIA SINTETICA C 0039;ITEM OU SERVICO SINTETICO 007;;;;09;2067,50;8,000;UN;0,00;;2101;Compra para industrialização ou produção rural.;;;;;;;;;;;;;06;0,00;;0,0000;;0,00;06;0,00;;0,0000;;0,00;CTA_MERC;Crédito
99999999000199;01/08/2026 a 31/08/2026;C100/C170;1;00;PART029;99000000290001;;CLIENTE SINTETICO 029;RS;20021;1;35260899000000290001553210000200211700200215;02/08/2026;02/08/2026;6475,50;0,00;6475,50;0,00;0,00;0,00;1;ITEM008;MERCADORIA SINTETICA C 0040;ITEM OU SERVICO SINTETICO 008;;;;09;2001,50;1,000;UN;0,00;;6102;Venda de mercadoria adquirida ou recebida de terceiros, ou qualquer venda de mercadoria efetuada pelo MEI com exceção das saídas classificadas nos códigos 6.501, 6.502, 6.504 e 6.505.;;;;;;;;;;;;;07;0,00;;0,0000;;0,00;07;0,00;;0,0000;;0,00;CTA_MERC;Débito
99999999000199;01/08/2026 a 31/08/2026;C100/C170;1;00;PART029;99000000290001;;CLIENTE SINTETICO 029;RS;20021;1;35260899000000290001553210000200211700200215;02/08/2026;02/08/2026;6475,50;0,00;6475,50;0,00;0,00;0,00;2;ITEM009;MERCADORIA SINTETICA C 0041;ITEM OU SERVICO SINTETICO 009;84000009;;;00;2158,50;2,000;UN;0,00;;6404;Venda de mercadoria sujeita ao regime de substituição tributária, cujo imposto já tenha sido retido anteriormente.;;;;;;;;;;;;;08;0,00;;0,0000;;0,00;08;0,00;;0,0000;;0,00;CTA_MERC;Débito
99999999000199;01/08/2026 a 31/08/2026;C100/C170;1;00;PART029;99000000290001;;CLIENTE SINTETICO 029;RS;20021;1;35260899000000290001553210000200211700200215;02/08/2026;02/08/2026;6475,50;0,00;6475,50;0,00;0,00;0,00;3;ITEM010;MERCADORIA SINTETICA C 0042;ITEM OU SERVICO SINTETICO 010;84000010;;;00;2315,50;3,000;UN;0,00;;5101;Venda de produção do estabelecimento.;;;;;;;;;;;;;49;2315,50;;1,6500;;38,21;49;2315,50;;7,6000;;175,98;CTA_MERC;Débito
99999999000199;01/08/2026 a 31/08/2026;C100/C170;1;00;PART030;99000000300001;;CLIENTE SINTETICO 030;SP;20022;1;35260899000000300001553220000200221700200222;05/08/2026;05/08/2026;2092,50;0,00;2092,50;0,00;0,00;0,00;1;ITEM011;MERCADORIA SINTETICA C 0043;ITEM OU SERVICO SINTETICO 011;84000011;;;00;2092,50;4,000;UN;0,00;;5102;Venda de mercadoria adquirida ou recebida de terceiros, ou qualquer venda de mercadoria efetuada pelo MEI com exceção das saídas classificadas nos códigos 5.501, 5.502, 5.504 e 5.505.;;;;;;;;;;;;;49;2092,50;;1,6500;;34,53;49;2092,50;;7,6000;;159,03;CTA_MERC;Débito
99999999000199;01/08/2026 a 31/08/2026;C100/C170;1;00;PART001;99000000010001;;FORNECEDOR SINTETICO 001;RJ;20023;1;35260899000000010001553230000200231700200236;08/08/2026;08/08/2026;4524,00;0,00;4524,00;0,00;0,00;0,00;1;ITEM012;MERCADORIA SINTETICA C 0044;ITEM OU SERVICO SINTETICO 012;84000012;;;00;2183,50;5,000;UN;0,00;;5405;Venda de mercadoria adquirida ou recebida de terceiros em operação com mercadoria sujeita ao regime de substituição tributária, na condição de contribuinte substituído.;;;;;;;;;;;;;51;2183,50;;1,6500;;36,03;51;2183,50;;7,6000;;165,95;CTA_MERC;Débito
99999999000199;01/08/2026 a 31/08/2026;C100/C170;1;00;PART001;99000000010001;;FORNECEDOR SINTETICO 001;RJ;20023;1;35260899000000010001553230000200231700200236;08/08/2026;08/08/2026;4524,00;0,00;4524,00;0,00;0,00;0,00;2;ITEM013;MERCADORIA SINTETICA C 0045;ITEM OU SERVICO SINTETICO 013;84000013;;;00;2340,50;6,000;UN;0,00;;6101;Venda de produção do estabelecimento.;;;;;;;;;;;;;60;0,00;;0,0000;;0,00;60;0,00;;0,0000;;0,00;CTA_MERC;Débito
99999999000199;01/08/2026 a 31/08/2026;C100/C170;1;00;PART002;99000000020001;;FORNECEDOR SINTETICO 002;MG;20024;1;35260899000000020001553240000200241700200243;11/08/2026;11/08/2026;7294,50;0,00;7294,50;0,00;0,00;0,00;1;ITEM014;MERCADORIA SINTETICA C 0046;ITEM OU SERVICO SINTETICO 014;84000014;;;00;2274,50;7,000;UN;0,00;;6102;Venda de mercadoria adquirida ou recebida de terceiros, ou qualquer venda de mercadoria efetuada pelo MEI com exceção das saídas classificadas nos códigos 6.501, 6.502, 6.504 e 6.505.;;;;;;;;;;;;;70;2274,50;;1,6500;;37,53;70;2274,50;;7,6000;;172,86;CTA_MERC;Débito
99999999000199;01/08/2026 a 31/08/2026;C100/C170;1;00;PART002;99000000020001;;FORNECEDOR SINTETICO 002;MG;20024;1;35260899000000020001553240000200241700200243;11/08/2026;11/08/2026;7294,50;0,00;7294,50;0,00;0,00;0,00;2;ITEM015;MERCADORIA SINTETICA C 0047;ITEM OU SERVICO SINTETICO 015;84000015;;;00;2431,50;8,000;UN;0,00;;6404;Venda de mercadoria sujeita ao regime de substituição tributária, cujo imposto já tenha sido retido anteriormente.;;;;;;;;;;;;;73;2431,50;;1,6500;;40,12;73;2431,50;;7,6000;;184,79;CTA_MERC;Débito
99999999000199;01/08/2026 a 31/08/2026;C100/C170;1;00;PART002;99000000020001;;FORNECEDOR SINTETICO 002;MG;20024;1;35260899000000020001553240000200241700200243;11/08/2026;11/08/2026;7294,50;0,00;7294,50;0,00;0,00;0,00;3;ITEM016;MERCADORIA SINTETICA C 0048;ITEM OU SERVICO SINTETICO 016;84000016;;;00;2588,50;1,000;UN;0,00;;5101;Venda de produção do estabelecimento.;;;;;;;;;;;;;98;2588,50;;1,6500;;42,71;98;2588,50;;7,6000;;196,73;CTA_MERC;Débito
99999999000199;01/08/2026 a 31/08/2026;C100/C170;0;00;PART003;99000000030001;;FORNECEDOR SINTETICO 003;PR;20025;1;35260899000000030001553250000200251700200250;14/08/2026;14/08/2026;2365,50;0,00;2365,50;0,00;0,00;0,00;1;ITEM017;MERCADORIA SINTETICA C 0049;ITEM OU SERVICO SINTETICO 017;84000017;;;00;2365,50;2,000;UN;0,00;;1102;Compra para comercialização.;;;;;;;;;;;;;98;2365,50;;1,6500;;39,03;98;2365,50;;7,6000;;179,78;CTA_MERC;Crédito
99999999000199;01/08/2026 a 31/08/2026;C100/C170;1;00;PART004;99000000040001;;FORNECEDOR SINTETICO 004;SC;20026;1;35260899000000040001553260000200261700200268;17/08/2026;17/08/2026;5070,00;0,00;5070,00;0,00;0,00;0,00;1;ITEM018;MERCADORIA SINTETICA C 0050;ITEM OU SERVICO SINTETICO 018;84000018;;;00;2456,50;3,000;UN;0,00;;5405;Venda de mercadoria adquirida ou recebida de terceiros em operação com mercadoria sujeita ao regime de substituição tributária, na condição de contribuinte substituído.;;;;;;;;;;;;;02;2456,50;;1,6500;;40,53;02;2456,50;;7,6000;;186,69;CTA_MERC;Débito
99999999000199;01/08/2026 a 31/08/2026;C100/C170;1;00;PART004;99000000040001;;FORNECEDOR SINTETICO 004;SC;20026;1;35260899000000040001553260000200261700200268;17/08/2026;17/08/2026;5070,00;0,00;5070,00;0,00;0,00;0,00;2;ITEM019;MERCADORIA SINTETICA C 0051;ITEM OU SERVICO SINTETICO 019;84000019;;;00;2613,50;4,000;UN;0,00;;6101;Venda de produção do estabelecimento.;;;;;;;;;;;;;04;0,00;;0,0000;;0,00;04;0,00;;0,0000;;0,00;CTA_MERC;Débito
99999999000199;01/08/2026 a 31/08/2026;C100/C170;1;00;PART005;99000000050001;;FORNECEDOR SINTETICO 005;RS;20027;1;35260899000000050001553270000200271700200275;20/08/2026;20/08/2026;8113,50;0,00;8113,50;0,00;0,00;0,00;1;ITEM020;MERCADORIA SINTETICA C 0052;ITEM OU SERVICO SINTETICO 020;84000020;;;00;2547,50;5,000;UN;0,00;;6102;Venda de mercadoria adquirida ou recebida de terceiros, ou qualquer venda de mercadoria efetuada pelo MEI com exceção das saídas classificadas nos códigos 6.501, 6.502, 6.504 e 6.505.;;;;;;;;;;;;;06;0,00;;0,0000;;0,00;06;0,00;;0,0000;;0,00;CTA_MERC;Débito
99999999000199;01/08/2026 a 31/08/2026;C100/C170;1;00;PART005;99000000050001;;FORNECEDOR SINTETICO 005;RS;20027;1;35260899000000050001553270000200271700200275;20/08/2026;20/08/2026;8113,50;0,00;8113,50;0,00;0,00;0,00;2;ITEM001;MERCADORIA SINTETICA C 0053;ITEM OU SERVICO SINTETICO 001;;;;09;2704,50;6,000;UN;0,00;;6404;Venda de mercadoria sujeita ao regime de substituição tributária, cujo imposto já tenha sido retido anteriormente.;;;;;;;;;;;;;07;0,00;;0,0000;;0,00;07;0,00;;0,0000;;0,00;CTA_MERC;Débito
99999999000199;01/08/2026 a 31/08/2026;C100/C170;1;00;PART005;99000000050001;;FORNECEDOR SINTETICO 005;RS;20027;1;35260899000000050001553270000200271700200275;20/08/2026;20/08/2026;8113,50;0,00;8113,50;0,00;0,00;0,00;3;ITEM002;MERCADORIA SINTETICA C 0054;ITEM OU SERVICO SINTETICO 002;;;;09;2861,50;7,000;UN;0,00;;5101;Venda de produção do estabelecimento.;;;;;;;;;;;;;08;0,00;;0,0000;;0,00;08;0,00;;0,0000;;0,00;CTA_MERC;Débito
99999999000199;01/08/2026 a 31/08/2026;C100/C170;1;00;PART006;99000000060001;;FORNECEDOR SINTETICO 006;SP;20028;1;35260899000000060001553280000200281700200282;23/08/2026;23/08/2026;2638,50;0,00;2638,50;0,00;0,00;0,00;1;ITEM003;MERCADORIA SINTETICA C 0055;ITEM OU SERVICO SINTETICO 003;;;;09;2638,50;8,000;UN;0,00;;5102;Venda de mercadoria adquirida ou recebida de terceiros, ou qualquer venda de mercadoria efetuada pelo MEI com exceção das saídas classificadas nos códigos 5.501, 5.502, 5.504 e 5.505.;;;;;;;;;;;;;08;0,00;;0,0000;;0,00;08;0,00;;0,0000;;0,00;CTA_MERC;Débito
99999999000199;01/08/2026 a 31/08/2026;C100/C170;1;00;PART007;99000000070001;;FORNECEDOR SINTETICO 007;RJ;20029;1;35260899000000070001553290000200291700200290;26/08/2026;26/08/2026;5616,00;0,00;5616,00;0,00;0,00;0,00;1;ITEM004;MERCADORIA SINTETICA C 0056;ITEM OU SERVICO SINTETICO 004;;;;09;2729,50;1,000;UN;0,00;;5405;Venda de mercadoria adquirida ou recebida de terceiros em operação com mercadoria sujeita ao regime de substituição tributária, na condição de contribuinte substituído.;;;;;;;;;;;;;50;2729,50;;1,6500;;45,04;50;2729,50;;7,6000;;207,44;CTA_MERC;Débito
99999999000199;01/08/2026 a 31/08/2026;C100/C170;1;00;PART007;99000000070001;;FORNECEDOR SINTETICO 007;RJ;20029;1;35260899000000070001553290000200291700200290;26/08/2026;26/08/2026;5616,00;0,00;5616,00;0,00;0,00;0,00;2;ITEM005;MERCADORIA SINTETICA C 0057;ITEM OU SERVICO SINTETICO 005;;;;09;2886,50;2,000;UN;0,00;;6101;Venda de produção do estabelecimento.;;;;;;;;;;;;;51;2886,50;;1,6500;;47,63;51;2886,50;;7,6000;;219,37;CTA_MERC;Débito
99999999000199;01/08/2026 a 31/08/2026;C100/C170;0;00;PART008;99000000080001;;FORNECEDOR SINTETICO 008;MG;20030;1;35260899000000080001553300000200301700200308;29/08/2026;29/08/2026;8932,50;0,00;8932,50;0,00;0,00;0,00;1;ITEM006;MERCADORIA SINTETICA C 0058;ITEM OU SERVICO SINTETICO 006;;;;09;2820,50;3,000;UN;0,00;;2102;Compra para comercialização.;;;;;;;;;;;;;60;0,00;;0,0000;;0,00;60;0,00;;0,0000;;0,00;CTA_MERC;Crédito
99999999000199;01/08/2026 a 31/08/2026;C100/C170;0;00;PART008;99000000080001;;FORNECEDOR SINTETICO 008;MG;20030;1;35260899000000080001553300000200301700200308;29/08/2026;29/08/2026;8932,50;0,00;8932,50;0,00;0,00;0,00;2;ITEM007;MERCADORIA SINTETICA C 0059;ITEM OU SERVICO SINTETICO 007;;;;09;2977,50;4,000;UN;0,00;;2403;Compra para comercialização em operação com mercadoria sujeita ao regime de substituição tributária.;;;;;;;;;;;;;70;2977,50;;1,6500;;49,13;70;2977,50;;7,6000;;226,29;CTA_MERC;Crédito
99999999000199;01/08/2026 a 31/08/2026;C100/C170;0;00;PART008;99000000080001;;FORNECEDOR SINTETICO 008;MG;20030;1;35260899000000080001553300000200301700200308;29/08/2026;29/08/2026;8932,50;0,00;8932,50;0,00;0,00;0,00;3;ITEM008;MERCADORIA SINTETICA C 0060;ITEM OU SERVICO SINTETICO 008;;;;09;3134,50;5,000;UN;0,00;;1101;Compra para industrialização ou produção rural.;;;;;;;;;;;;;73;3134,50;;1,6500;;51,72;73;3134,50;;7,6000;;238,22;CTA_MERC;Crédito
99999999000199;01/08/2026 a 31/08/2026;C100/C170;1;00;PART009;99000000090001;;FORNECEDOR SINTETICO 009;PR;20031;1;35260899000000090001553310000200311700200315;01/08/2026;01/08/2026;2911,50;0,00;2911,50;0,00;0,00;0,00;1;ITEM009;MERCADORIA SINTETICA C 0061;ITEM OU SERVICO SINTETICO 009;84000009;;;00;2911,50;6,000;UN;0,00;;5102;Venda de mercadoria adquirida ou recebida de terceiros, ou qualquer venda de mercadoria efetuada pelo MEI com exceção das saídas classificadas nos códigos 5.501, 5.502, 5.504 e 5.505.;;;;;;;;;;;;;73;2911,50;;1,6500;;48,04;73;2911,50;;7,6000;;221,27;CTA_MERC;Débito
99999999000199;01/08/2026 a 31/08/2026;C100/C170;1;00;PART010;99000000100001;;FORNECEDOR SINTETICO 010;SC;20032;1;35260899000000100001553320000200321700200322;04/08/2026;04/08/2026;6162,00;0,00;6162,00;0,00;0,00;0,00;1;ITEM010;MERCADORIA SINTETICA C 0062;ITEM OU SERVICO SINTETICO 010;84000010;;;00;3002,50;7,000;UN;0,00;;5405;Venda de mercadoria adquirida ou recebida de terceiros em operação com mercadoria sujeita ao regime de substituição tributária, na condição de contribuinte substituído.;;;;;;;;;;;;;01;3002,50;;1,6500;;49,54;01;3002,50;;7,6000;;228,19;CTA_MERC;Débito
99999999000199;01/08/2026 a 31/08/2026;C100/C170;1;00;PART010;99000000100001;;FORNECEDOR SINTETICO 010;SC;20032;1;35260899000000100001553320000200321700200322;04/08/2026;04/08/2026;6162,00;0,00;6162,00;0,00;0,00;0,00;2;ITEM011;MERCADORIA SINTETICA C 0063;ITEM OU SERVICO SINTETICO 011;84000011;;;00;3159,50;8,000;UN;0,00;;6101;Venda de produção do estabelecimento.;;;;;;;;;;;;;02;3159,50;;1,6500;;52,13;02;3159,50;;7,6000;;240,12;CTA_MERC;Débito
99999999000199;01/08/2026 a 31/08/2026;C100/C170;1;00;PART011;99000000110001;;FORNECEDOR SINTETICO 011;RS;20033;1;35260899000000110001553330000200331700200330;07/08/2026;07/08/2026;9751,50;0,00;9751,50;0,00;0,00;0,00;1;ITEM012;MERCADORIA SINTETICA C 0064;ITEM OU SERVICO SINTETICO 012;84000012;;;00;3093,50;1,000;UN;0,00;;6102;Venda de mercadoria adquirida ou recebida de terceiros, ou qualquer venda de mercadoria efetuada pelo MEI com exceção das saídas classificadas nos códigos 6.501, 6.502, 6.504 e 6.505.;;;;;;;;;;;;;04;0,00;;0,0000;;0,00;04;0,00;;0,0000;;0,00;CTA_MERC;Débito
99999999000199;01/08/2026 a 31/08/2026;C100/C170;1;00;PART011;99000000110001;;FORNECEDOR SINTETICO 011;RS;20033;1;35260899000000110001553330000200331700200330;07/08/2026;07/08/2026;9751,50;0,00;9751,50;0,00;0,00;0,00;2;ITEM013;MERCADORIA SINTETICA C 0065;ITEM OU SERVICO SINTETICO 013;84000013;;;00;3250,50;2,000;UN;0,00;;6404;Venda de mercadoria sujeita ao regime de substituição tributária, cujo imposto já tenha sido retido anteriormente.;;;;;;;;;;;;;06;0,00;;0,0000;;0,00;06;0,00;;0,0000;;0,00;CTA_MERC;Débito
99999999000199;01/08/2026 a 31/08/2026;C100/C170;1;00;PART011;99000000110001;;FORNECEDOR SINTETICO 011;RS;20033;1;35260899000000110001553330000200331700200330;07/08/2026;07/08/2026;9751,50;0,00;9751,50;0,00;0,00;0,00;3;ITEM014;MERCADORIA SINTETICA C 0066;ITEM OU SERVICO SINTETICO 014;84000014;;;00;3407,50;3,000;UN;0,00;;5101;Venda de produção do estabelecimento.;;;;;;;;;;;;;07;0,00;;0,0000;;0,00;07;0,00;;0,0000;;0,00;CTA_MERC;Débito
99999999000199;01/08/2026 a 31/08/2026;C100/C170;1;00;PART012;99000000120001;;FORNECEDOR SINTETICO 012;SP;20034;1;35260899000000120001553340000200341700200347;10/08/2026;10/08/2026;3184,50;0,00;3184,50;0,00;0,00;0,00;1;ITEM015;MERCADORIA SINTETICA C 0067;ITEM OU SERVICO SINTETICO 015;84000015;;;00;3184,50;4,000;UN;0,00;;5102;Venda de mercadoria adquirida ou recebida de terceiros, ou qualquer venda de mercadoria efetuada pelo MEI com exceção das saídas classificadas nos códigos 5.501, 5.502, 5.504 e 5.505.;;;;;;;;;;;;;07;0,00;;0,0000;;0,00;07;0,00;;0,0000;;0,00;CTA_MERC;Débito
99999999000199;01/08/2026 a 31/08/2026;C100/C170;0;00;PART013;99000000130001;;FORNECEDOR SINTETICO 013;RJ;20035;1;35260899000000130001553350000200351700200354;13/08/2026;13/08/2026;6708,00;0,00;6708,00;0,00;0,00;0,00;1;ITEM016;MERCADORIA SINTETICA C 0068;ITEM OU SERVICO SINTETICO 016;84000016;;;00;3275,50;5,000;UN;0,00;;1403;Compra para comercialização em operação com mercadoria sujeita ao regime de substituição tributária.;;;;;;;;;;;;;49;3275,50;;1,6500;;54,05;49;3275,50;;7,6000;;248,94;CTA_MERC;Crédito
99999999000199;01/08/2026 a 31/08/2026;C100/C170;0;00;PART013;99000000130001;;FORNECEDOR SINTETICO 013;RJ;20035;1;35260899000000130001553350000200351700200354;13/08/2026;13/08/2026;6708,00;0,00;6708,00;0,00;0,00;0,00;2;ITEM017;MERCADORIA SINTETICA C 0069;ITEM OU SERVICO SINTETICO 017;84000017;;;00;3432,50;6,000;UN;0,00;;2101;Compra para industrialização ou produção rural.;;;;;;;;;;;;;50;3432,50;;1,6500;;56,64;50;3432,50;;7,6000;;260,87;CTA_MERC;Crédito
99999999000199;01/08/2026 a 31/08/2026;C100/C170;1;00;PART014;99000000140001;;FORNECEDOR SINTETICO 014;MG;20036;1;35260899000000140001553360000200361700200361;16/08/2026;16/08/2026;10570,50;0,00;10570,50;0,00;0,00;0,00;1;ITEM018;MERCADORIA SINTETICA C 0070;ITEM OU SERVICO SINTETICO 018;84000018;;;00;3366,50;7,000;UN;0,00;;6102;Venda de mercadoria adquirida ou recebida de terceiros, ou qualquer venda de mercadoria efetuada pelo MEI com exceção das saídas classificadas nos códigos 6.501, 6.502, 6.504 e 6.505.;;;;;;;;;;;;;51;3366,50;;1,6500;;55,55;51;3366,50;;7,6000;;255,85;CTA_MERC;Débito
99999999000199;01/08/2026 a 31/08/2026;C100/C170;1;00;PART014;99000000140001;;FORNECEDOR SINTETICO 014;MG;20036;1;35260899000000140001553360000200361700200361;16/08/2026;16/08/2026;10570,50;0,00;10570,50;0,00;0,00;0,00;2;ITEM019;MERCADORIA SINTETICA C 0071;ITEM OU SERVICO SINTETICO 019;84000019;;;00;3523,50;8,000;UN;0,00;;6404;Venda de mercadoria sujeita ao regime de substituição tributária, cujo imposto já tenha sido retido anteriormente.;;;;;;;;;;;;;60;0,00;;0,0000;;0,00;60;0,00;;0,0000;;0,00;CTA_MERC;Débito
99999999000199;01/08/2026 a 31/08/2026;C100/C170;1;00;PART014;99000000140001;;FORNECEDOR SINTETICO 014;MG;20036;1;35260899000000140001553360000200361700200361;16/08/2026;16/08/2026;10570,50;0,00;10570,50;0,00;0,00;0,00;3;ITEM020;MERCADORIA SINTETICA C 0072;ITEM OU SERVICO SINTETICO 020;84000020;;;00;3680,50;1,000;UN;0,00;;5101;Venda de produção do estabelecimento.;;;;;;;;;;;;;70;3680,50;;1,6500;;60,73;70;3680,50;;7,6000;;279,72;CTA_MERC;Débito
99999999000199;01/08/2026 a 31/08/2026;C100/C170;1;00;PART015;99000000150001;;FORNECEDOR SINTETICO 015;PR;20037;1;35260899000000150001553370000200371700200379;19/08/2026;19/08/2026;3457,50;0,00;3457,50;0,00;0,00;0,00;1;ITEM001;MERCADORIA SINTETICA C 0073;ITEM OU SERVICO SINTETICO 001;;;;09;3457,50;2,000;UN;0,00;;5102;Venda de mercadoria adquirida ou recebida de terceiros, ou qualquer venda de mercadoria efetuada pelo MEI com exceção das saídas classificadas nos códigos 5.501, 5.502, 5.504 e 5.505.;;;;;;;;;;;;;70;3457,50;;1,6500;;57,05;70;3457,50;;7,6000;;262,77;CTA_MERC;Débito
99999999000199;01/08/2026 a 31/08/2026;C100/C170;1;00;PART016;99000000160001;;CLIENTE SINTETICO 016;SC;20038;1;35260899000000160001553380000200381700200386;22/08/2026;22/08/2026;7254,00;0,00;7254,00;0,00;0,00;0,00;1;ITEM002;MERCADORIA SINTETICA C 0074;ITEM OU SERVICO SINTETICO 002;;;;09;3548,50;3,000;UN;0,00;;5405;Venda de mercadoria adquirida ou recebida de terceiros em operação com mercadoria sujeita ao regime de substituição tributária, na condição de contribuinte substituído.;;;;;;;;;;;;;98;3548,50;;1,6500;;58,55;98;3548,50;;7,6000;;269,69;CTA_MERC;Débito
99999999000199;01/08/2026 a 31/08/2026;C100/C170;1;00;PART016;99000000160001;;CLIENTE SINTETICO 016;SC;20038;1;35260899000000160001553380000200381700200386;22/08/2026;22/08/2026;7254,00;0,00;7254,00;0,00;0,00;0,00;2;ITEM003;MERCADORIA SINTETICA C 0075;ITEM OU SERVICO SINTETICO 003;;;;09;3705,50;4,000;UN;0,00;;6101;Venda de produção do estabelecimento.;;;;;;;;;;;;;01;3705,50;;1,6500;;61,14;01;3705,50;;7,6000;;281,62;CTA_MERC;Débito
99999999000199;01/08/2026 a 31/08/2026;C100/C170;1;00;PART017;99000000170001;;CLIENTE SINTETICO 017;RS;20039;1;35260899000000170001553390000200391700200393;25/08/2026;25/08/2026;11389,50;0,00;11389,50;0,00;0,00;0,00;1;ITEM004;MERCADORIA SINTETICA C 0076;ITEM OU SERVICO SINTETICO 004;;;;09;3639,50;5,000;UN;0,00;;6102;Venda de mercadoria adquirida ou recebida de terceiros, ou qualquer venda de mercadoria efetuada pelo MEI com exceção das saídas classificadas nos códigos 6.501, 6.502, 6.504 e 6.505.;;;;;;;;;;;;;02;3639,50;;1,6500;;60,05;02;3639,50;;7,6000;;276,60;CTA_MERC;Débito
99999999000199;01/08/2026 a 31/08/2026;C100/C170;1;00;PART017;99000000170001;;CLIENTE SINTETICO 017;RS;20039;1;35260899000000170001553390000200391700200393;25/08/2026;25/08/2026;11389,50;0,00;11389,50;0,00;0,00;0,00;2;ITEM005;MERCADORIA SINTETICA C 0077;ITEM OU SERVICO SINTETICO 005;;;;09;3796,50;6,000;UN;0,00;;6404;Venda de mercadoria sujeita ao regime de substituição tributária, cujo imposto já tenha sido retido anteriormente.;;;;;;;;;;;;;04;0,00;;0,0000;;0,00;04;0,00;;0,0000;;0,00;CTA_MERC;Débito
99999999000199;01/08/2026 a 31/08/2026;C100/C170;1;00;PART017;99000000170001;;CLIENTE SINTETICO 017;RS;20039;1;35260899000000170001553390000200391700200393;25/08/2026;25/08/2026;11389,50;0,00;11389,50;0,00;0,00;0,00;3;ITEM006;MERCADORIA SINTETICA C 0078;ITEM OU SERVICO SINTETICO 006;;;;09;3953,50;7,000;UN;0,00;;5101;Venda de produção do estabelecimento.;;;;;;;;;;;;;06;0,00;;0,0000;;0,00;06;0,00;;0,0000;;0,00;CTA_MERC;Débito
99999999000199;01/08/2026 a 31/08/2026;C100/C170;0;00;PART018;99000000180001;;CLIENTE SINTETICO 018;SP;20040;1;35260899000000180001553400000200401700200401;28/08/2026;28/08/2026;3730,50;0,00;3730,50;0,00;0,00;0,00;1;ITEM007;MERCADORIA SINTETICA C 0079;ITEM OU SERVICO SINTETICO 007;;;;09;3730,50;8,000;UN;0,00;;1102;Compra para comercialização.;;;;;;;;;;;;;06;0,00;;0,0000;;0,00;06;0,00;;0,0000;;0,00;CTA_MERC;Crédito
99999999000199;01/08/2026 a 31/08/2026;C100/C170;1;00;PART019;99000000190001;;CLIENTE SINTETICO 019;RJ;20041;1;35260899000000190001553410000200411700200419;31/08/2026;31/08/2026;7800,00;0,00;7800,00;0,00;0,00;0,00;1;ITEM008;MERCADORIA SINTETICA C 0080;ITEM OU SERVICO SINTETICO 008;;;;09;3821,50;1,000;UN;0,00;;5405;Venda de mercadoria adquirida ou recebida de terceiros em operação com mercadoria sujeita ao regime de substituição tributária, na condição de contribuinte substituído.;;;;;;;;;;;;;08;0,00;;0,0000;;0,00;08;0,00;;0,0000;;0,00;CTA_MERC;Débito
99999999000199;01/08/2026 a 31/08/2026;C100/C170;1;00;PART019;99000000190001;;CLIENTE SINTETICO 019;RJ;20041;1;35260899000000190001553410000200411700200419;31/08/2026;31/08/2026;7800,00;0,00;7800,00;0,00;0,00;0,00;2;ITEM009;MERCADORIA SINTETICA C 0081;ITEM OU SERVICO SINTETICO 009;84000009;;;00;3978,50;2,000;UN;0,00;;6101;Venda de produção do estabelecimento.;;;;;;;;;;;;;49;3978,50;;1,6500;;65,65;49;3978,50;;7,6000;;302,37;CTA_MERC;Débito
99999999000199;01/08/2026 a 31/08/2026;C100/C170;1;00;PART020;99000000200001;;CLIENTE SINTETICO 020;MG;20042;1;35260899000000200001553420000200421700200426;03/08/2026;03/08/2026;12208,50;0,00;12208,50;0,00;0,00;0,00;1;ITEM010;MERCADORIA SINTETICA C 0082;ITEM OU SERVICO SINTETICO 010;84000010;;;00;3912,50;3,000;UN;0,00;;6102;Venda de mercadoria adquirida ou recebida de terceiros, ou qualquer venda de mercadoria efetuada pelo MEI com exceção das saídas classificadas nos códigos 6.501, 6.502, 6.504 e 6.505.;;;;;;;;;;;;;50;3912,50;;1,6500;;64,56;50;3912,50;;7,6000;;297,35;CTA_MERC;Débito
99999999000199;01/08/2026 a 31/08/2026;C100/C170;1;00;PART020;99000000200001;;CLIENTE SINTETICO 020;MG;20042;1;35260899000000200001553420000200421700200426;03/08/2026;03/08/2026;12208,50;0,00;12208,50;0,00;0,00;0,00;2;ITEM011;MERCADORIA SINTETICA C 0083;ITEM OU SERVICO SINTETICO 011;84000011;;;00;4069,50;4,000;UN;0,00;;6404;Venda de mercadoria sujeita ao regime de substituição tributária, cujo imposto já tenha sido retido anteriormente.;;;;;;;;;;;;;51;4069,50;;1,6500;;67,15;51;4069,50;;7,6000;;309,28;CTA_MERC;Débito
99999999000199;01/08/2026 a 31/08/2026;C100/C170;1;00;PART020;99000000200001;;CLIENTE SINTETICO 020;MG;20042;1;35260899000000200001553420000200421700200426;03/08/2026;03/08/2026;12208,50;0,00;12208,50;0,00;0,00;0,00;3;ITEM012;MERCADORIA SINTETICA C 0084;ITEM OU SERVICO SINTETICO 012;84000012;;;00;4226,50;5,000;UN;0,00;;5101;Venda de produção do estabelecimento.;;;;;;;;;;;;;60;0,00;;0,0000;;0,00;60;0,00;;0,0000;;0,00;CTA_MERC;Débito
99999999000199;01/08/2026 a 31/08/2026;C100/C170;1;00;PART021;99000000210001;;CLIENTE SINTETICO 021;PR;20043;1;35260899000000210001553430000200431700200433;06/08/2026;06/08/2026;4003,50;0,00;4003,50;0,00;0,00;0,00;1;ITEM013;MERCADORIA SINTETICA C 0085;ITEM OU SERVICO SINTETICO 013;84000013;;;00;4003,50;6,000;UN;0,00;;5102;Venda de mercadoria adquirida ou recebida de terceiros, ou qualquer venda de mercadoria efetuada pelo MEI com exceção das saídas classificadas nos códigos 5.501, 5.502, 5.504 e 5.505.;;;;;;;;;;;;;60;0,00;;0,0000;;0,00;60;0,00;;0,0000;;0,00;CTA_MERC;Débito
99999999000199;01/08/2026 a 31/08/2026;C100/C170;1;00;PART022;99000000220001;;CLIENTE SINTETICO 022;SC;20044;1;35260899000000220001553440000200441700200440;09/08/2026;09/08/2026;8346,00;0,00;8346,00;0,00;0,00;0,00;1;ITEM014;MERCADORIA SINTETICA C 0086;ITEM OU SERVICO SINTETICO 014;84000014;;;00;4094,50;7,000;UN;0,00;;5405;Venda de mercadoria adquirida ou recebida de terceiros em operação com mercadoria sujeita ao regime de substituição tributária, na condição de contribuinte substituído.;;;;;;;;;;;;;73;4094,50;;1,6500;;67,56;73;4094,50;;7,6000;;311,18;CTA_MERC;Débito
99999999000199;01/08/2026 a 31/08/2026;C100/C170;1;00;PART022;99000000220001;;CLIENTE SINTETICO 022;SC;20044;1;35260899000000220001553440000200441700200440;09/08/2026;09/08/2026;8346,00;0,00;8346,00;0,00;0,00;0,00;2;ITEM015;MERCADORIA SINTETICA C 0087;ITEM OU SERVICO SINTETICO 015;84000015;;;00;4251,50;8,000;UN;0,00;;6101;Venda de produção do estabelecimento.;;;;;;;;;;;;;98;4251,50;;1,6500;;70,15;98;4251,50;;7,6000;;323,11;CTA_MERC;Débito
99999999000199;01/08/2026 a 31/08/2026;C100/C170;0;00;PART023;99000000230001;;CLIENTE SINTETICO 023;RS;20045;1;35260899000000230001553450000200451700200458;12/08/2026;12/08/2026;13027,50;0,00;13027,50;0,00;0,00;0,00;1;ITEM016;MERCADORIA SINTETICA C 0088;ITEM OU SERVICO SINTETICO 016;84000016;;;00;4185,50;1,000;UN;0,00;;2102;Compra para comercialização.;;;;;;;;;;;;;01;4185,50;;1,6500;;69,06;01;4185,50;;7,6000;;318,10;CTA_MERC;Crédito
99999999000199;01/08/2026 a 31/08/2026;C100/C170;0;00;PART023;99000000230001;;CLIENTE SINTETICO 023;RS;20045;1;35260899000000230001553450000200451700200458;12/08/2026;12/08/2026;13027,50;0,00;13027,50;0,00;0,00;0,00;2;ITEM017;MERCADORIA SINTETICA C 0089;ITEM OU SERVICO SINTETICO 017;84000017;;;00;4342,50;2,000;UN;0,00;;2403;Compra para comercialização em operação com mercadoria sujeita ao regime de substituição tributária.;;;;;;;;;;;;;02;4342,50;;1,6500;;71,65;02;4342,50;;7,6000;;330,03;CTA_MERC;Crédito
99999999000199;01/08/2026 a 31/08/2026;C100/C170;0;00;PART023;99000000230001;;CLIENTE SINTETICO 023;RS;20045;1;35260899000000230001553450000200451700200458;12/08/2026;12/08/2026;13027,50;0,00;13027,50;0,00;0,00;0,00;3;ITEM018;MERCADORIA SINTETICA C 0090;ITEM OU SERVICO SINTETICO 018;84000018;;;00;4499,50;3,000;UN;0,00;;1101;Compra para industrialização ou produção rural.;;;;;;;;;;;;;04;0,00;;0,0000;;0,00;04;0,00;;0,0000;;0,00;CTA_MERC;Crédito
99999999000199;01/08/2026 a 31/08/2026;C100/C170;1;00;PART024;99000000240001;;CLIENTE SINTETICO 024;SP;20046;1;35260899000000240001553460000200461700200465;15/08/2026;15/08/2026;4276,50;0,00;4276,50;0,00;0,00;0,00;1;ITEM019;MERCADORIA SINTETICA C 0091;ITEM OU SERVICO SINTETICO 019;84000019;;;00;4276,50;4,000;UN;0,00;;5102;Venda de mercadoria adquirida ou recebida de terceiros, ou qualquer venda de mercadoria efetuada pelo MEI com exceção das saídas classificadas nos códigos 5.501, 5.502, 5.504 e 5.505.;;;;;;;;;;;;;04;0,00;;0,0000;;0,00;04;0,00;;0,0000;;0,00;CTA_MERC;Débito
99999999000199;01/08/2026 a 31/08/2026;C100/C170;1;00;PART025;99000000250001;;CLIENTE SINTETICO 025;RJ;20047;1;35260899000000250001553470000200471700200472;18/08/2026;18/08/2026;8892,00;0,00;8892,00;0,00;0,00;0,00;1;ITEM020;MERCADORIA SINTETICA C 0092;ITEM OU SERVICO SINTETICO 020;84000020;;;00;4367,50;5,000;UN;0,00;;5405;Venda de mercadoria adquirida ou recebida de terceiros em operação com mercadoria sujeita ao regime de substituição tributária, na condição de contribuinte substituído.;;;;;;;;;;;;;07;0,00;;0,0000;;0,00;07;0,00;;0,0000;;0,00;CTA_MERC;Débito
99999999000199;01/08/2026 a 31/08/2026;C100/C170;1;00;PART025;99000000250001;;CLIENTE SINTETICO 025;RJ;20047;1;35260899000000250001553470000200471700200472;18/08/2026;18/08/2026;8892,00;0,00;8892,00;0,00;0,00;0,00;2;ITEM001;MERCADORIA SINTETICA C 0093;ITEM OU SERVICO SINTETICO 001;;;;09;4524,50;6,000;UN;0,00;;6101;Venda de produção do estabelecimento.;;;;;;;;;;;;;08;0,00;;0,0000;;0,00;08;0,00;;0,0000;;0,00;CTA_MERC;Débito
99999999000199;01/08/2026 a 31/08/2026;C100/C170;1;00;PART026;99000000260001;;CLIENTE SINTETICO 026;MG;20048;1;35260899000000260001553480000200481700200480;21/08/2026;21/08/2026;13846,50;0,00;13846,50;0,00;0,00;0,00;1;ITEM002;MERCADORIA SINTETICA C 0094;ITEM OU SERVICO SINTETICO 002;;;;09;4458,50;7,000;UN;0,00;;6102;Venda de mercadoria adquirida ou recebida de terceiros, ou qualquer venda de mercadoria efetuada pelo MEI com exceção das saídas classificadas nos códigos 6.501, 6.502, 6.504 e 6.505.;;;;;;;;;;;;;49;4458,50;;1,6500;;73,57;49;4458,50;;7,6000;;338,85;CTA_MERC;Débito
99999999000199;01/08/2026 a 31/08/2026;C100/C170;1;00;PART026;99000000260001;;CLIENTE SINTETICO 026;MG;20048;1;35260899000000260001553480000200481700200480;21/08/2026;21/08/2026;13846,50;0,00;13846,50;0,00;0,00;0,00;2;ITEM003;MERCADORIA SINTETICA C 0095;ITEM OU SERVICO SINTETICO 003;;;;09;4615,50;8,000;UN;0,00;;6404;Venda de mercadoria sujeita ao regime de substituição tributária, cujo imposto já tenha sido retido anteriormente.;;;;;;;;;;;;;50;4615,50;;1,6500;;76,16;50;4615,50;;7,6000;;350,78;CTA_MERC;Débito
99999999000199;01/08/2026 a 31/08/2026;C100/C170;1;00;PART026;99000000260001;;CLIENTE SINTETICO 026;MG;20048;1;35260899000000260001553480000200481700200480;21/08/2026;21/08/2026;13846,50;0,00;13846,50;0,00;0,00;0,00;3;ITEM004;MERCADORIA SINTETICA C 0096;ITEM OU SERVICO SINTETICO 004;;;;09;4772,50;1,000;UN;0,00;;5101;Venda de produção do estabelecimento.;;;;;;;;;;;;;51;4772,50;;1,6500;;78,75;51;4772,50;;7,6000;;362,71;CTA_MERC;Débito
99999999000199;01/08/2026 a 31/08/2026;C100/C170;1;00;PART027;99000000270001;;CLIENTE SINTETICO 027;PR;20049;1;35260899000000270001553490000200491700200497;24/08/2026;24/08/2026;4549,50;0,00;4549,50;0,00;0,00;0,00;1;ITEM005;MERCADORIA SINTETICA C 0097;ITEM OU SERVICO SINTETICO 005;;;;09;4549,50;2,000;UN;0,00;;5102;Venda de mercadoria adquirida ou recebida de terceiros, ou qualquer venda de mercadoria efetuada pelo MEI com exceção das saídas classificadas nos códigos 5.501, 5.502, 5.504 e 5.505.;;;;;;;;;;;;;51;4549,50;;1,6500;;75,07;51;4549,50;;7,6000;;345,76;CTA_MERC;Débito
99999999000199;01/08/2026 a 31/08/2026;C100/C170;0;00;PART028;99000000280001;;CLIENTE SINTETICO 028;SC;20050;1;35260899000000280001553500000200501700200505;27/08/2026;27/08/2026;9438,00;0,00;9438,00;0,00;0,00;0,00;1;ITEM006;MERCADORIA SINTETICA C 0098;ITEM OU SERVICO SINTETICO 006;;;;09;4640,50;3,000;UN;0,00;;1403;Compra para comercialização em operação com mercadoria sujeita ao regime de substituição tributária.;;;;;;;;;;;;;70;4640,50;;1,6500;;76,57;70;4640,50;;7,6000;;352,68;CTA_MERC;Crédito
99999999000199;01/08/2026 a 31/08/2026;C100/C170;0;00;PART028;99000000280001;;CLIENTE SINTETICO 028;SC;20050;1;35260899000000280001553500000200501700200505;27/08/2026;27/08/2026;9438,00;0,00;9438,00;0,00;0,00;0,00;2;ITEM007;MERCADORIA SINTETICA C 0099;ITEM OU SERVICO SINTETICO 007;;;;09;4797,50;4,000;UN;0,00;;2101;Compra para industrialização ou produção rural.;;;;;;;;;;;;;73;4797,50;;1,6500;;79,16;73;4797,50;;7,6000;;364,61;CTA_MERC;Crédito
99999999000199;01/08/2026 a 31/08/2026;C100/C170;1;00;PART029;99000000290001;;CLIENTE SINTETICO 029;RS;20051;1;35260899000000290001553510000200511700200512;30/08/2026;30/08/2026;9865,50;0,00;9865,50;0,00;0,00;0,00;1;ITEM008;MERCADORIA SINTETICA C 0100;ITEM OU SERVICO SINTETICO 008;;;;09;4731,50;5,000;UN;0,00;;6102;Venda de mercadoria adquirida ou recebida de terceiros, ou qualquer venda de mercadoria efetuada pelo MEI com exceção das saídas classificadas nos códigos 6.501, 6.502, 6.504 e 6.505.;;;;;;;;;;;;;98;4731,50;;1,6500;;78,07;98;4731,50;;7,6000;;359,59;CTA_MERC;Débito
99999999000199;01/08/2026 a 31/08/2026;C100/C170;1;00;PART029;99000000290001;;CLIENTE SINTETICO 029;RS;20051;1;35260899000000290001553510000200511700200512;30/08/2026;30/08/2026;9865,50;0,00;9865,50;0,00;0,00;0,00;2;ITEM009;MERCADORIA SINTETICA C 0101;ITEM OU SERVICO SINTETICO 009;84000009;;;00;4888,50;6,000;UN;0,00;;6404;Venda de mercadoria sujeita ao regime de substituição tributária, cujo imposto já tenha sido retido anteriormente.;;;;;;;;;;;;;01;4888,50;;1,6500;;80,66;01;4888,50;;7,6000;;371,53;CTA_MERC;Débito
99999999000199;01/08/2026 a 31/08/2026;C100/C170;1;00;PART029;99000000290001;;CLIENTE SINTETICO 029;RS;20051;1;35260899000000290001553510000200511700200512;30/08/2026;30/08/2026;9865,50;0,00;9865,50;0,00;0,00;0,00;3;ITEM010;MERCADORIA SINTETICA C 0102;ITEM OU SERVICO SINTETICO 010;84000010;;;00;245,50;7,000;UN;0,00;;5101;Venda de produção do estabelecimento.;;;;;;;;;;;;;02;245,50;;1,6500;;4,05;02;245,50;;7,6000;;18,66;CTA_MERC;Débito
99999999000199;01/08/2026 a 31/08/2026;C100/C170;1;00;PART030;99000000300001;;CLIENTE SINTETICO 030;SP;20052;1;35260899000000300001553520000200521700200520;02/08/2026;02/08/2026;4822,50;0,00;4822,50;0,00;0,00;0,00;1;ITEM011;MERCADORIA SINTETICA C 0103;ITEM OU SERVICO SINTETICO 011;84000011;;;00;4822,50;8,000;UN;0,00;;5102;Venda de mercadoria adquirida ou recebida de terceiros, ou qualquer venda de mercadoria efetuada pelo MEI com exceção das saídas classificadas nos códigos 5.501, 5.502, 5.504 e 5.505.;;;;;;;;;;;;;02;4822,50;;1,6500;;79,57;02;4822,50;;7,6000;;366,51;CTA_MERC;Débito
99999999000199;01/08/2026 a 31/08/2026;C100/C170;1;00;PART001;99000000010001;;FORNECEDOR SINTETICO 001;RJ;20053;1;35260899000000010001553530000200531700200533;05/08/2026;05/08/2026;384,00;0,00;384,00;0,00;0,00;0,00;1;ITEM012;MERCADORIA SINTETICA C 0104;ITEM OU SERVICO SINTETICO 012;84000012;;;00;113,50;1,000;UN;0,00;;5405;Venda de mercadoria adquirida ou recebida de terceiros em operação com mercadoria sujeita ao regime de substituição tributária, na condição de contribuinte substituído.;;;;;;;;;;;;;06;0,00;;0,0000;;0,00;06;0,00;;0,0000;;0,00;CTA_MERC;Débito
99999999000199;01/08/2026 a 31/08/2026;C100/C170;1;00;PART001;99000000010001;;FORNECEDOR SINTETICO 001;RJ;20053;1;35260899000000010001553530000200531700200533;05/08/2026;05/08/2026;384,00;0,00;384,00;0,00;0,00;0,00;2;ITEM013;MERCADORIA SINTETICA C 0105;ITEM OU SERVICO SINTETICO 013;84000013;;;00;270,50;2,000;UN;0,00;;6101;Venda de produção do estabelecimento.;;;;;;;;;;;;;07;0,00;;0,0000;;0,00;07;0,00;;0,0000;;0,00;CTA_MERC;Débito
99999999000199;01/08/2026 a 31/08/2026;C100/C170;1;00;PART002;99000000020001;;FORNECEDOR SINTETICO 002;MG;20054;1;35260899000000020001553540000200541700200540;08/08/2026;08/08/2026;1084,50;0,00;1084,50;0,00;0,00;0,00;1;ITEM014;MERCADORIA SINTETICA C 0106;ITEM OU SERVICO SINTETICO 014;84000014;;;00;204,50;3,000;UN;0,00;;6102;Venda de mercadoria adquirida ou recebida de terceiros, ou qualquer venda de mercadoria efetuada pelo MEI com exceção das saídas classificadas nos códigos 6.501, 6.502, 6.504 e 6.505.;;;;;;;;;;;;;08;0,00;;0,0000;;0,00;08;0,00;;0,0000;;0,00;CTA_MERC;Débito
99999999000199;01/08/2026 a 31/08/2026;C100/C170;1;00;PART002;99000000020001;;FORNECEDOR SINTETICO 002;MG;20054;1;35260899000000020001553540000200541700200540;08/08/2026;08/08/2026;1084,50;0,00;1084,50;0,00;0,00;0,00;2;ITEM015;MERCADORIA SINTETICA C 0107;ITEM OU SERVICO SINTETICO 015;84000015;;;00;361,50;4,000;UN;0,00;;6404;Venda de mercadoria sujeita ao regime de substituição tributária, cujo imposto já tenha sido retido anteriormente.;;;;;;;;;;;;;49;361,50;;1,6500;;5,96;49;361,50;;7,6000;;27,47;CTA_MERC;Débito
99999999000199;01/08/2026 a 31/08/2026;C100/C170;1;00;PART002;99000000020001;;FORNECEDOR SINTETICO 002;MG;20054;1;35260899000000020001553540000200541700200540;08/08/2026;08/08/2026;1084,50;0,00;1084,50;0,00;0,00;0,00;3;ITEM016;MERCADORIA SINTETICA C 0108;ITEM OU SERVICO SINTETICO 016;84000016;;;00;518,50;5,000;UN;0,00;;5101;Venda de produção do estabelecimento.;;;;;;;;;;;;;50;518,50;;1,6500;;8,56;50;518,50;;7,6000;;39,41;CTA_MERC;Débito
99999999000199;01/08/2026 a 31/08/2026;C100/C170;0;00;PART003;99000000030001;;FORNECEDOR SINTETICO 003;PR;20055;1;35260899000000030001553550000200551700200558;11/08/2026;11/08/2026;295,50;0,00;295,50;0,00;0,00;0,00;1;ITEM017;MERCADORIA SINTETICA C 0109;ITEM OU SERVICO SINTETICO 017;84000017;;;00;295,50;6,000;UN;0,00;;1102;Compra para comercialização.;;;;;;;;;;;;;50;295,50;;1,6500;;4,88;50;295,50;;7,6000;;22,46;CTA_MERC;Crédito
99999999000199;01/08/2026 a 31/08/2026;C100/C170;1;00;PART004;99000000040001;;FORNECEDOR SINTETICO 004;SC;20056;1;35260899000000040001553560000200561700200565;14/08/2026;14/08/2026;930,00;0,00;930,00;0,00;0,00;0,00;1;ITEM018;MERCADORIA SINTETICA C 0110;ITEM OU SERVICO SINTETICO 018;84000018;;;00;386,50;7,000;UN;0,00;;5405;Venda de mercadoria adquirida ou recebida de terceiros em operação com mercadoria sujeita ao regime de substituição tributária, na condição de contribuinte substituído.;;;;;;;;;;;;;60;0,00;;0,0000;;0,00;60;0,00;;0,0000;;0,00;CTA_MERC;Débito
99999999000199;01/08/2026 a 31/08/2026;C100/C170;1;00;PART004;99000000040001;;FORNECEDOR SINTETICO 004;SC;20056;1;35260899000000040001553560000200561700200565;14/08/2026;14/08/2026;930,00;0,00;930,00;0,00;0,00;0,00;2;ITEM019;MERCADORIA SINTETICA C 0111;ITEM OU SERVICO SINTETICO 019;84000019;;;00;543,50;8,000;UN;0,00;;6101;Venda de produção do estabelecimento.;;;;;;;;;;;;;70;543,50;;1,6500;;8,97;70;543,50;;7,6000;;41,31;CTA_MERC;Débito
99999999000199;01/08/2026 a 31/08/2026;C100/C170;1;00;PART005;99000000050001;;FORNECEDOR SINTETICO 005;RS;20057;1;35260899000000050001553570000200571700200572;17/08/2026;17/08/2026;1903,50;0,00;1903,50;0,00;0,00;0,00;1;ITEM020;MERCADORIA SINTETICA C 0112;ITEM OU SERVICO SINTETICO 020;84000020;;;00;477,50;1,000;UN;0,00;;6102;Venda de mercadoria adquirida ou recebida de terceiros, ou qualquer venda de mercadoria efetuada pelo MEI com exceção das saídas classificadas nos códigos 6.501, 6.502, 6.504 e 6.505.;;;;;;;;;;;;;73;477,50;;1,6500;;7,88;73;477,50;;7,6000;;36,29;CTA_MERC;Débito
99999999000199;01/08/2026 a 31/08/2026;C100/C170;1;00;PART005;99000000050001;;FORNECEDOR SINTETICO 005;RS;20057;1;35260899000000050001553570000200571700200572;17/08/2026;17/08/2026;1903,50;0,00;1903,50;0,00;0,00;0,00;2;ITEM001;MERCADORIA SINTETICA C 0113;ITEM OU SERVICO SINTETICO 001;;;;09;634,50;2,000;UN;0,00;;6404;Venda de mercadoria sujeita ao regime de substituição tributária, cujo imposto já tenha sido retido anteriormente.;;;;;;;;;;;;;98;634,50;;1,6500;;10,47;98;634,50;;7,6000;;48,22;CTA_MERC;Débito
99999999000199;01/08/2026 a 31/08/2026;C100/C170;1;00;PART005;99000000050001;;FORNECEDOR SINTETICO 005;RS;20057;1;35260899000000050001553570000200571700200572;17/08/2026;17/08/2026;1903,50;0,00;1903,50;0,00;0,00;0,00;3;ITEM002;MERCADORIA SINTETICA C 0114;ITEM OU SERVICO SINTETICO 002;;;;09;791,50;3,000;UN;0,00;;5101;Venda de produção do estabelecimento.;;;;;;;;;;;;;01;791,50;;1,6500;;13,06;01;791,50;;7,6000;;60,15;CTA_MERC;Débito
99999999000199;01/08/2026 a 31/08/2026;C100/C170;1;00;PART006;99000000060001;;FORNECEDOR SINTETICO 006;SP;20058;1;35260899000000060001553580000200581700200580;20/08/2026;20/08/2026;568,50;0,00;568,50;0,00;0,00;0,00;1;ITEM003;MERCADORIA SINTETICA C 0115;ITEM OU SERVICO SINTETICO 003;;;;09;568,50;4,000;UN;0,00;;5102;Venda de mercadoria adquirida ou recebida de terceiros, ou qualquer venda de mercadoria efetuada pelo MEI com exceção das saídas classificadas nos códigos 5.501, 5.502, 5.504 e 5.505.;;;;;;;;;;;;;01;568,50;;1,6500;;9,38;01;568,50;;7,6000;;43,21;CTA_MERC;Débito
99999999000199;01/08/2026 a 31/08/2026;C100/C170;1;00;PART007;99000000070001;;FORNECEDOR SINTETICO 007;RJ;20059;1;35260899000000070001553590000200591700200597;23/08/2026;23/08/2026;1476,00;0,00;1476,00;0,00;0,00;0,00;1;ITEM004;MERCADORIA SINTETICA C 0116;ITEM OU SERVICO SINTETICO 004;;;;09;659,50;5,000;UN;0,00;;5405;Venda de mercadoria adquirida ou recebida de terceiros em operação com mercadoria sujeita ao regime de substituição tributária, na condição de contribuinte substituído.;;;;;;;;;;;;;04;0,00;;0,0000;;0,00;04;0,00;;0,0000;;0,00;CTA_MERC;Débito
99999999000199;01/08/2026 a 31/08/2026;C100/C170;1;00;PART007;99000000070001;;FORNECEDOR SINTETICO 007;RJ;20059;1;35260899000000070001553590000200591700200597;23/08/2026;23/08/2026;1476,00;0,00;1476,00;0,00;0,00;0,00;2;ITEM005;MERCADORIA SINTETICA C 0117;ITEM OU SERVICO SINTETICO 005;;;;09;816,50;6,000;UN;0,00;;6101;Venda de produção do estabelecimento.;;;;;;;;;;;;;06;0,00;;0,0000;;0,00;06;0,00;;0,0000;;0,00;CTA_MERC;Débito
99999999000199;01/08/2026 a 31/08/2026;C100/C170;0;00;PART008;99000000080001;;FORNECEDOR SINTETICO 008;MG;20060;1;35260899000000080001553600000200601700200605;26/08/2026;26/08/2026;2722,50;0,00;2722,50;0,00;0,00;0,00;1;ITEM006;MERCADORIA SINTETICA C 0118;ITEM OU SERVICO SINTETICO 006;;;;09;750,50;7,000;UN;0,00;;2102;Compra para comercialização.;;;;;;;;;;;;;07;0,00;;0,0000;;0,00;07;0,00;;0,0000;;0,00;CTA_MERC;Crédito
99999999000199;01/08/2026 a 31/08/2026;C100/C170;0;00;PART008;99000000080001;;FORNECEDOR SINTETICO 008;MG;20060;1;35260899000000080001553600000200601700200605;26/08/2026;26/08/2026;2722,50;0,00;2722,50;0,00;0,00;0,00;2;ITEM007;MERCADORIA SINTETICA C 0119;ITEM OU SERVICO SINTETICO 007;;;;09;907,50;8,000;UN;0,00;;2403;Compra para comercialização em operação com mercadoria sujeita ao regime de substituição tributária.;;;;;;;;;;;;;08;0,00;;0,0000;;0,00;08;0,00;;0,0000;;0,00;CTA_MERC;Crédito
99999999000199;01/08/2026 a 31/08/2026;C100/C170;0;00;PART008;99000000080001;;FORNECEDOR SINTETICO 008;MG;20060;1;35260899000000080001553600000200601700200605;26/08/2026;26/08/2026;2722,50;0,00;2722,50;0,00;0,00;0,00;3;ITEM008;MERCADORIA SINTETICA C 0120;ITEM OU SERVICO SINTETICO 008;;;;09;1064,50;1,000;UN;0,00;;1101;Compra para industrialização ou produção rural.;;;;;;;;;;;;;49;1064,50;;1,6500;;17,56;49;1064,50;;7,6000;;80,90;CTA_MERC;Crédito
99999999000199;01/08/2026 a 31/08/2026;C100/C170;1;00;PART009;99000000090001;;FORNECEDOR SINTETICO 009;PR;20061;1;35260899000000090001553610000200611700200612;29/08/2026;29/08/2026;841,50;0,00;841,50;0,00;0,00;0,00;1;ITEM009;MERCADORIA SINTETICA C 0121;ITEM OU SERVICO SINTETICO 009;84000009;;;00;841,50;2,000;UN;0,00;;5102;Venda de mercadoria adquirida ou recebida de terceiros, ou qualquer venda de mercadoria efetuada pelo MEI com exceção das saídas classificadas nos códigos 5.501, 5.502, 5.504 e 5.505.;;;;;;;;;;;;;49;841,50;;1,6500;;13,88;49;841,50;;7,6000;;63,95;CTA_MERC;Débito
99999999000199;01/08/2026 a 31/08/2026;C100/C170;1;00;PART010;99000000100001;;FORNECEDOR SINTETICO 010;SC;20062;1;35260899000000100001553620000200621700200620;01/08/2026;01/08/2026;2022,00;0,00;2022,00;0,00;0,00;0,00;1;ITEM010;MERCADORIA SINTETICA C 0122;ITEM OU SERVICO SINTETICO 010;84000010;;;00;932,50;3,000;UN;0,00;;5405;Venda de mercadoria adquirida ou recebida de terceiros em operação com mercadoria sujeita ao regime de substituição tributária, na condição de contribuinte substituído.;;;;;;;;;;;;;51;932,50;;1,6500;;15,39;51;932,50;;7,6000;;70,87;CTA_MERC;Débito
99999999000199;01/08/2026 a 31/08/2026;C100/C170;1;00;PART010;99000000100001;;FORNECEDOR SINTETICO 010;SC;20062;1;35260899000000100001553620000200621700200620;01/08/2026;01/08/2026;2022,00;0,00;2022,00;0,00;0,00;0,00;2;ITEM011;MERCADORIA SINTETICA C 0123;ITEM OU SERVICO SINTETICO 011;84000011;;;00;1089,50;4,000;UN;0,00;;6101;Venda de produção do estabelecimento.;;;;;;;;;;;;;60;0,00;;0,0000;;0,00;60;0,00;;0,0000;;0,00;CTA_MERC;Débito
99999999000199;01/08/2026 a 31/08/2026;C100/C170;1;00;PART011;99000000110001;;FORNECEDOR SINTETICO 011;RS;20063;1;35260899000000110001553630000200631700200637;04/08/2026;04/08/2026;3541,50;0,00;3541,50;0,00;0,00;0,00;1;ITEM012;MERCADORIA SINTETICA C 0124;ITEM OU SERVICO SINTETICO 012;84000012;;;00;1023,50;5,000;UN;0,00;;6102;Venda de mercadoria adquirida ou recebida de terceiros, ou qualquer venda de mercadoria efetuada pelo MEI com exceção das saídas classificadas nos códigos 6.501, 6.502, 6.504 e 6.505.;;;;;;;;;;;;;70;1023,50;;1,6500;;16,89;70;1023,50;;7,6000;;77,79;CTA_MERC;Débito
99999999000199;01/08/2026 a 31/08/2026;C100/C170;1;00;PART011;99000000110001;;FORNECEDOR SINTETICO 011;RS;20063;1;35260899000000110001553630000200631700200637;04/08/2026;04/08/2026;3541,50;0,00;3541,50;0,00;0,00;0,00;2;ITEM013;MERCADORIA SINTETICA C 0125;ITEM OU SERVICO SINTETICO 013;84000013;;;00;1180,50;6,000;UN;0,00;;6404;Venda de mercadoria sujeita ao regime de substituição tributária, cujo imposto já tenha sido retido anteriormente.;;;;;;;;;;;;;73;1180,50;;1,6500;;19,48;73;1180,50;;7,6000;;89,72;CTA_MERC;Débito
99999999000199;01/08/2026 a 31/08/2026;C100/C170;1;00;PART011;99000000110001;;FORNECEDOR SINTETICO 011;RS;20063;1;35260899000000110001553630000200631700200637;04/08/2026;04/08/2026;3541,50;0,00;3541,50;0,00;0,00;0,00;3;ITEM014;MERCADORIA SINTETICA C 0126;ITEM OU SERVICO SINTETICO 014;84000014;;;00;1337,50;7,000;UN;0,00;;5101;Venda de produção do estabelecimento.;;;;;;;;;;;;;98;1337,50;;1,6500;;22,07;98;1337,50;;7,6000;;101,65;CTA_MERC;Débito
99999999000199;01/08/2026 a 31/08/2026;C100/C170;1;00;PART012;99000000120001;;FORNECEDOR SINTETICO 012;SP;20064;1;35260899000000120001553640000200641700200644;07/08/2026;07/08/2026;1114,50;0,00;1114,50;0,00;0,00;0,00;1;ITEM015;MERCADORIA SINTETICA C 0127;ITEM OU SERVICO SINTETICO 015;84000015;;;00;1114,50;8,000;UN;0,00;;5102;Venda de mercadoria adquirida ou recebida de terceiros, ou qualquer venda de mercadoria efetuada pelo MEI com exceção das saídas classificadas nos códigos 5.501, 5.502, 5.504 e 5.505.;;;;;;;;;;;;;98;1114,50;;1,6500;;18,39;98;1114,50;;7,6000;;84,70;CTA_MERC;Débito
99999999000199;01/08/2026 a 31/08/2026;C100/C170;0;00;PART013;99000000130001;;FORNECEDOR SINTETICO 013;RJ;20065;1;35260899000000130001553650000200651700200651;10/08/2026;10/08/2026;2568,00;0,00;2568,00;0,00;0,00;0,00;1;ITEM016;MERCADORIA SINTETICA C 0128;ITEM OU SERVICO SINTETICO 016;84000016;;;00;1205,50;1,000;UN;0,00;;1403;Compra para comercialização em operação com mercadoria sujeita ao regime de substituição tributária.;;;;;;;;;;;;;02;1205,50;;1,6500;;19,89;02;1205,50;;7,6000;;91,62;CTA_MERC;Crédito
99999999000199;01/08/2026 a 31/08/2026;C100/C170;0;00;PART013;99000000130001;;FORNECEDOR SINTETICO 013;RJ;20065;1;35260899000000130001553650000200651700200651;10/08/2026;10/08/2026;2568,00;0,00;2568,00;0,00;0,00;0,00;2;ITEM017;MERCADORIA SINTETICA C 0129;ITEM OU SERVICO SINTETICO 017;84000017;;;00;1362,50;2,000;UN;0,00;;2101;Compra para industrialização ou produção rural.;;;;;;;;;;;;;04;0,00;;0,0000;;0,00;04;0,00;;0,0000;;0,00;CTA_MERC;Crédito
99999999000199;01/08/2026 a 31/08/2026;C100/C170;1;00;PART014;99000000140001;;FORNECEDOR SINTETICO 014;MG;20066;1;35260899000000140001553660000200661700200669;13/08/2026;13/08/2026;4360,50;0,00;4360,50;0,00;0,00;0,00;1;ITEM018;MERCADORIA SINTETICA C 0130;ITEM OU SERVICO SINTETICO 018;84000018;;;00;1296,50;3,000;UN;0,00;;6102;Venda de mercadoria adquirida ou recebida de terceiros, ou qualquer venda de mercadoria efetuada pelo MEI com exceção das saídas classificadas nos códigos 6.501, 6.502, 6.504 e 6.505.;;;;;;;;;;;;;06;0,00;;0,0000;;0,00;06;0,00;;0,0000;;0,00;CTA_MERC;Débito
99999999000199;01/08/2026 a 31/08/2026;C100/C170;1;00;PART014;99000000140001;;FORNECEDOR SINTETICO 014;MG;20066;1;35260899000000140001553660000200661700200669;13/08/2026;13/08/2026;4360,50;0,00;4360,50;0,00;0,00;0,00;2;ITEM019;MERCADORIA SINTETICA C 0131;ITEM OU SERVICO SINTETICO 019;84000019;;;00;1453,50;4,000;UN;0,00;;6404;Venda de mercadoria sujeita ao regime de substituição tributária, cujo imposto já tenha sido retido anteriormente.;;;;;;;;;;;;;07;0,00;;0,0000;;0,00;07;0,00;;0,0000;;0,00;CTA_MERC;Débito
99999999000199;01/08/2026 a 31/08/2026;C100/C170;1;00;PART014;99000000140001;;FORNECEDOR SINTETICO 014;MG;20066;1;35260899000000140001553660000200661700200669;13/08/2026;13/08/2026;4360,50;0,00;4360,50;0,00;0,00;0,00;3;ITEM020;MERCADORIA SINTETICA C 0132;ITEM OU SERVICO SINTETICO 020;84000020;;;00;1610,50;5,000;UN;0,00;;5101;Venda de produção do estabelecimento.;;;;;;;;;;;;;08;0,00;;0,0000;;0,00;08;0,00;;0,0000;;0,00;CTA_MERC;Débito
99999999000199;01/08/2026 a 31/08/2026;C100/C170;1;00;PART015;99000000150001;;FORNECEDOR SINTETICO 015;PR;20067;1;35260899000000150001553670000200671700200676;16/08/2026;16/08/2026;1387,50;0,00;1387,50;0,00;0,00;0,00;1;ITEM001;MERCADORIA SINTETICA C 0133;ITEM OU SERVICO SINTETICO 001;;;;09;1387,50;6,000;UN;0,00;;5102;Venda de mercadoria adquirida ou recebida de terceiros, ou qualquer venda de mercadoria efetuada pelo MEI com exceção das saídas classificadas nos códigos 5.501, 5.502, 5.504 e 5.505.;;;;;;;;;;;;;08;0,00;;0,0000;;0,00;08;0,00;;0,0000;;0,00;CTA_MERC;Débito
99999999000199;01/08/2026 a 31/08/2026;C100/C170;1;00;PART016;99000000160001;;CLIENTE SINTETICO 016;SC;20068;1;35260899000000160001553680000200681700200683;19/08/2026;19/08/2026;3114,00;0,00;3114,00;0,00;0,00;0,00;1;ITEM002;MERCADORIA SINTETICA C 0134;ITEM OU SERVICO SINTETICO 002;;;;09;1478,50;7,000;UN;0,00;;5405;Venda de mercadoria adquirida ou recebida de terceiros em operação com mercadoria sujeita ao regime de substituição tributária, na condição de contribuinte substituído.;;;;;;;;;;;;;50;1478,50;;1,6500;;24,40;50;1478,50;;7,6000;;112,37;CTA_MERC;Débito
99999999000199;01/08/2026 a 31/08/2026;C100/C170;1;00;PART016;99000000160001;;CLIENTE SINTETICO 016;SC;20068;1;35260899000000160001553680000200681700200683;19/08/2026;19/08/2026;3114,00;0,00;3114,00;0,00;0,00;0,00;2;ITEM003;MERCADORIA SINTETICA C 0135;ITEM OU SERVICO SINTETICO 003;;;;09;1635,50;8,000;UN;0,00;;6101;Venda de produção do estabelecimento.;;;;;;;;;;;;;51;1635,50;;1,6500;;26,99;51;1635,50;;7,6000;;124,30;CTA_MERC;Débito
99999999000199;01/08/2026 a 31/08/2026;C100/C170;1;00;PART017;99000000170001;;CLIENTE SINTETICO 017;RS;20069;1;35260899000000170001553690000200691700200690;22/08/2026;22/08/2026;5179,50;0,00;5179,50;0,00;0,00;0,00;1;ITEM004;MERCADORIA SINTETICA C 0136;ITEM OU SERVICO SINTETICO 004;;;;09;1569,50;1,000;UN;0,00;;6102;Venda de mercadoria adquirida ou recebida de terceiros, ou qualquer venda de mercadoria efetuada pelo MEI com exceção das saídas classificadas nos códigos 6.501, 6.502, 6.504 e 6.505.;;;;;;;;;;;;;60;0,00;;0,0000;;0,00;60;0,00;;0,0000;;0,00;CTA_MERC;Débito
99999999000199;01/08/2026 a 31/08/2026;C100/C170;1;00;PART017;99000000170001;;CLIENTE SINTETICO 017;RS;20069;1;35260899000000170001553690000200691700200690;22/08/2026;22/08/2026;5179,50;0,00;5179,50;0,00;0,00;0,00;2;ITEM005;MERCADORIA SINTETICA C 0137;ITEM OU SERVICO SINTETICO 005;;;;09;1726,50;2,000;UN;0,00;;6404;Venda de mercadoria sujeita ao regime de substituição tributária, cujo imposto já tenha sido retido anteriormente.;;;;;;;;;;;;;70;1726,50;;1,6500;;28,49;70;1726,50;;7,6000;;131,21;CTA_MERC;Débito
99999999000199;01/08/2026 a 31/08/2026;C100/C170;1;00;PART017;99000000170001;;CLIENTE SINTETICO 017;RS;20069;1;35260899000000170001553690000200691700200690;22/08/2026;22/08/2026;5179,50;0,00;5179,50;0,00;0,00;0,00;3;ITEM006;MERCADORIA SINTETICA C 0138;ITEM OU SERVICO SINTETICO 006;;;;09;1883,50;3,000;UN;0,00;;5101;Venda de produção do estabelecimento.;;;;;;;;;;;;;73;1883,50;;1,6500;;31,08;73;1883,50;;7,6000;;143,15;CTA_MERC;Débito
99999999000199;01/08/2026 a 31/08/2026;C100/C170;0;00;PART018;99000000180001;;CLIENTE SINTETICO 018;SP;20070;1;35260899000000180001553700000200701700200709;25/08/2026;25/08/2026;1660,50;0,00;1660,50;0,00;0,00;0,00;1;ITEM007;MERCADORIA SINTETICA C 0139;ITEM OU SERVICO SINTETICO 007;;;;09;1660,50;4,000;UN;0,00;;1102;Compra para comercialização.;;;;;;;;;;;;;73;1660,50;;1,6500;;27,40;73;1660,50;;7,6000;;126,20;CTA_MERC;Crédito
99999999000199;01/08/2026 a 31/08/2026;C100/C170;1;00;PART019;99000000190001;;CLIENTE SINTETICO 019;RJ;20071;1;35260899000000190001553710000200711700200716;28/08/2026;28/08/2026;3660,00;0,00;3660,00;0,00;0,00;0,00;1;ITEM008;MERCADORIA SINTETICA C 0140;ITEM OU SERVICO SINTETICO 008;;;;09;1751,50;5,000;UN;0,00;;5405;Venda de mercadoria adquirida ou recebida de terceiros em operação com mercadoria sujeita ao regime de substituição tributária, na condição de contribuinte substituído.;;;;;;;;;;;;;01;1751,50;;1,6500;;28,90;01;1751,50;;7,6000;;133,11;CTA_MERC;Débito
99999999000199;01/08/2026 a 31/08/2026;C100/C170;1;00;PART019;99000000190001;;CLIENTE SINTETICO 019;RJ;20071;1;35260899000000190001553710000200711700200716;28/08/2026;28/08/2026;3660,00;0,00;3660,00;0,00;0,00;0,00;2;ITEM009;MERCADORIA SINTETICA C 0141;ITEM OU SERVICO SINTETICO 009;84000009;;;00;1908,50;6,000;UN;0,00;;6101;Venda de produção do estabelecimento.;;;;;;;;;;;;;02;1908,50;;1,6500;;31,49;02;1908,50;;7,6000;;145,05;CTA_MERC;Débito
99999999000199;01/08/2026 a 31/08/2026;C100/C170;1;00;PART020;99000000200001;;CLIENTE SINTETICO 020;MG;20072;1;35260899000000200001553720000200721700200723;31/08/2026;31/08/2026;5998,50;0,00;5998,50;0,00;0,00;0,00;1;ITEM010;MERCADORIA SINTETICA C 0142;ITEM OU SERVICO SINTETICO 010;84000010;;;00;1842,50;7,000;UN;0,00;;6102;Venda de mercadoria adquirida ou recebida de terceiros, ou qualquer venda de mercadoria efetuada pelo MEI com exceção das saídas classificadas nos códigos 6.501, 6.502, 6.504 e 6.505.;;;;;;;;;;;;;04;0,00;;0,0000;;0,00;04;0,00;;0,0000;;0,00;CTA_MERC;Débito
99999999000199;01/08/2026 a 31/08/2026;C100/C170;1;00;PART020;99000000200001;;CLIENTE SINTETICO 020;MG;20072;1;35260899000000200001553720000200721700200723;31/08/2026;31/08/2026;5998,50;0,00;5998,50;0,00;0,00;0,00;2;ITEM011;MERCADORIA SINTETICA C 0143;ITEM OU SERVICO SINTETICO 011;84000011;;;00;1999,50;8,000;UN;0,00;;6404;Venda de mercadoria sujeita ao regime de substituição tributária, cujo imposto já tenha sido retido anteriormente.;;;;;;;;;;;;;06;0,00;;0,0000;;0,00;06;0,00;;0,0000;;0,00;CTA_MERC;Débito
99999999000199;01/08/2026 a 31/08/2026;C100/C170;1;00;PART020;99000000200001;;CLIENTE SINTETICO 020;MG;20072;1;35260899000000200001553720000200721700200723;31/08/2026;31/08/2026;5998,50;0,00;5998,50;0,00;0,00;0,00;3;ITEM012;MERCADORIA SINTETICA C 0144;ITEM OU SERVICO SINTETICO 012;84000012;;;00;2156,50;1,000;UN;0,00;;5101;Venda de produção do estabelecimento.;;;;;;;;;;;;;07;0,00;;0,0000;;0,00;07;0,00;;0,0000;;0,00;CTA_MERC;Débito
99999999000199;01/08/2026 a 31/08/2026;C100/C170;1;00;PART021;99000000210001;;CLIENTE SINTETICO 021;PR;20073;1;35260899000000210001553730000200731700200730;03/08/2026;03/08/2026;1933,50;0,00;1933,50;0,00;0,00;0,00;1;ITEM013;MERCADORIA SINTETICA C 0145;ITEM OU SERVICO SINTETICO 013;84000013;;;00;1933,50;2,000;UN;0,00;;5102;Venda de mercadoria adquirida ou recebida de terceiros, ou qualquer venda de mercadoria efetuada pelo MEI com exceção das saídas classificadas nos códigos 5.501, 5.502, 5.504 e 5.505.;;;;;;;;;;;;;07;0,00;;0,0000;;0,00;07;0,00;;0,0000;;0,00;CTA_MERC;Débito
99999999000199;01/08/2026 a 31/08/2026;C100/C170;1;00;PART022;99000000220001;;CLIENTE SINTETICO 022;SC;20074;1;35260899000000220001553740000200741700200748;06/08/2026;06/08/2026;4206,00;0,00;4206,00;0,00;0,00;0,00;1;ITEM014;MERCADORIA SINTETICA C 0146;ITEM OU SERVICO SINTETICO 014;84000014;;;00;2024,50;3,000;UN;0,00;;5405;Venda de mercadoria adquirida ou recebida de terceiros em operação com mercadoria sujeita ao regime de substituição tributária, na condição de contribuinte substituído.;;;;;;;;;;;;;49;2024,50;;1,6500;;33,40;49;2024,50;;7,6000;;153,86;CTA_MERC;Débito
99999999000199;01/08/2026 a 31/08/2026;C100/C170;1;00;PART022;99000000220001;;CLIENTE SINTETICO 022;SC;20074;1;35260899000000220001553740000200741700200748;06/08/2026;06/08/2026;4206,00;0,00;4206,00;0,00;0,00;0,00;2;ITEM015;MERCADORIA SINTETICA C 0147;ITEM OU SERVICO SINTETICO 015;84000015;;;00;2181,50;4,000;UN;0,00;;6101;Venda de produção do estabelecimento.;;;;;;;;;;;;;50;2181,50;;1,6500;;35,99;50;2181,50;;7,6000;;165,79;CTA_MERC;Débito
99999999000199;01/08/2026 a 31/08/2026;C100/C170;0;00;PART023;99000000230001;;CLIENTE SINTETICO 023;RS;20075;1;35260899000000230001553750000200751700200755;09/08/2026;09/08/2026;6817,50;0,00;6817,50;0,00;0,00;0,00;1;ITEM016;MERCADORIA SINTETICA C 0148;ITEM OU SERVICO SINTETICO 016;84000016;;;00;2115,50;5,000;UN;0,00;;2102;Compra para comercialização.;;;;;;;;;;;;;51;2115,50;;1,6500;;34,91;51;2115,50;;7,6000;;160,78;CTA_MERC;Crédito
99999999000199;01/08/2026 a 31/08/2026;C100/C170;0;00;PART023;99000000230001;;CLIENTE SINTETICO 023;RS;20075;1;35260899000000230001553750000200751700200755;09/08/2026;09/08/2026;6817,50;0,00;6817,50;0,00;0,00;0,00;2;ITEM017;MERCADORIA SINTETICA C 0149;ITEM OU SERVICO SINTETICO 017;84000017;;;00;2272,50;6,000;UN;0,00;;2403;Compra para comercialização em operação com mercadoria sujeita ao regime de substituição tributária.;;;;;;;;;;;;;60;0,00;;0,0000;;0,00;60;0,00;;0,0000;;0,00;CTA_MERC;Crédito
99999999000199;01/08/2026 a 31/08/2026;C100/C170;0;00;PART023;99000000230001;;CLIENTE SINTETICO 023;RS;20075;1;35260899000000230001553750000200751700200755;09/08/2026;09/08/2026;6817,50;0,00;6817,50;0,00;0,00;0,00;3;ITEM018;MERCADORIA SINTETICA C 0150;ITEM OU SERVICO SINTETICO 018;84000018;;;00;2429,50;7,000;UN;0,00;;1101;Compra para industrialização ou produção rural.;;;;;;;;;;;;;70;2429,50;;1,6500;;40,09;70;2429,50;;7,6000;;184,64;CTA_MERC;Crédito
99999999000199;01/08/2026 a 31/08/2026;C100/C170;1;00;PART024;99000000240001;;CLIENTE SINTETICO 024;SP;20076;1;35260899000000240001553760000200761700200762;12/08/2026;12/08/2026;2206,50;0,00;2206,50;0,00;0,00;0,00;1;ITEM019;MERCADORIA SINTETICA C 0151;ITEM OU SERVICO SINTETICO 019;84000019;;;00;2206,50;8,000;UN;0,00;;5102;Venda de mercadoria adquirida ou recebida de terceiros, ou qualquer venda de mercadoria efetuada pelo MEI com exceção das saídas classificadas nos códigos 5.501, 5.502, 5.504 e 5.505.;;;;;;;;;;;;;70;2206,50;;1,6500;;36,41;70;2206,50;;7,6000;;167,69;CTA_MERC;Débito
99999999000199;01/08/2026 a 31/08/2026;C100/C170;1;00;PART025;99000000250001;;CLIENTE SINTETICO 025;RJ;20077;1;35260899000000250001553770000200771700200770;15/08/2026;15/08/2026;4752,00;0,00;4752,00;0,00;0,00;0,00;1;ITEM020;MERCADORIA SINTETICA C 0152;ITEM OU SERVICO SINTETICO 020;84000020;;;00;2297,50;1,000;UN;0,00;;5405;Venda de mercadoria adquirida ou recebida de terceiros em operação com mercadoria sujeita ao regime de substituição tributária, na condição de contribuinte substituído.;;;;;;;;;;;;;98;2297,50;;1,6500;;37,91;98;2297,50;;7,6000;;174,61;CTA_MERC;Débito
99999999000199;01/08/2026 a 31/08/2026;C100/C170;1;00;PART025;99000000250001;;CLIENTE SINTETICO 025;RJ;20077;1;35260899000000250001553770000200771700200770;15/08/2026;15/08/2026;4752,00;0,00;4752,00;0,00;0,00;0,00;2;ITEM001;MERCADORIA SINTETICA C 0153;ITEM OU SERVICO SINTETICO 001;;;;09;2454,50;2,000;UN;0,00;;6101;Venda de produção do estabelecimento.;;;;;;;;;;;;;01;2454,50;;1,6500;;40,50;01;2454,50;;7,6000;;186,54;CTA_MERC;Débito
99999999000199;01/08/2026 a 31/08/2026;C100/C170;1;00;PART026;99000000260001;;CLIENTE SINTETICO 026;MG;20078;1;35260899000000260001553780000200781700200787;18/08/2026;18/08/2026;7636,50;0,00;7636,50;0,00;0,00;0,00;1;ITEM002;MERCADORIA SINTETICA C 0154;ITEM OU SERVICO SINTETICO 002;;;;09;2388,50;3,000;UN;0,00;;6102;Venda de mercadoria adquirida ou recebida de terceiros, ou qualquer venda de mercadoria efetuada pelo MEI com exceção das saídas classificadas nos códigos 6.501, 6.502, 6.504 e 6.505.;;;;;;;;;;;;;02;2388,50;;1,6500;;39,41;02;2388,50;;7,6000;;181,53;CTA_MERC;Débito
99999999000199;01/08/2026 a 31/08/2026;C100/C170;1;00;PART026;99000000260001;;CLIENTE SINTETICO 026;MG;20078;1;35260899000000260001553780000200781700200787;18/08/2026;18/08/2026;7636,50;0,00;7636,50;0,00;0,00;0,00;2;ITEM003;MERCADORIA SINTETICA C 0155;ITEM OU SERVICO SINTETICO 003;;;;09;2545,50;4,000;UN;0,00;;6404;Venda de mercadoria sujeita ao regime de substituição tributária, cujo imposto já tenha sido retido anteriormente.;;;;;;;;;;;;;04;0,00;;0,0000;;0,00;04;0,00;;0,0000;;0,00;CTA_MERC;Débito
99999999000199;01/08/2026 a 31/08/2026;C100/C170;1;00;PART026;99000000260001;;CLIENTE SINTETICO 026;MG;20078;1;35260899000000260001553780000200781700200787;18/08/2026;18/08/2026;7636,50;0,00;7636,50;0,00;0,00;0,00;3;ITEM004;MERCADORIA SINTETICA C 0156;ITEM OU SERVICO SINTETICO 004;;;;09;2702,50;5,000;UN;0,00;;5101;Venda de produção do estabelecimento.;;;;;;;;;;;;;06;0,00;;0,0000;;0,00;06;0,00;;0,0000;;0,00;CTA_MERC;Débito
99999999000199;01/08/2026 a 31/08/2026;C100/C170;1;00;PART027;99000000270001;;CLIENTE SINTETICO 027;PR;20079;1;35260899000000270001553790000200791700200794;21/08/2026;21/08/2026;2479,50;0,00;2479,50;0,00;0,00;0,00;1;ITEM005;MERCADORIA SINTETICA C 0157;ITEM OU SERVICO SINTETICO 005;;;;09;2479,50;6,000;UN;0,00;;5102;Venda de mercadoria adquirida ou recebida de terceiros, ou qualquer venda de mercadoria efetuada pelo MEI com exceção das saídas classificadas nos códigos 5.501, 5.502, 5.504 e 5.505.;;;;;;;;;;;;;06;0,00;;0,0000;;0,00;06;0,00;;0,0000;;0,00;CTA_MERC;Débito
99999999000199;01/08/2026 a 31/08/2026;C100/C170;0;00;PART028;99000000280001;;CLIENTE SINTETICO 028;SC;20080;1;35260899000000280001553800000200801700200802;24/08/2026;24/08/2026;5298,00;0,00;5298,00;0,00;0,00;0,00;1;ITEM006;MERCADORIA SINTETICA C 0158;ITEM OU SERVICO SINTETICO 006;;;;09;2570,50;7,000;UN;0,00;;1403;Compra para comercialização em operação com mercadoria sujeita ao regime de substituição tributária.;;;;;;;;;;;;;08;0,00;;0,0000;;0,00;08;0,00;;0,0000;;0,00;CTA_MERC;Crédito
99999999000199;01/08/2026 a 31/08/2026;C100/C170;0;00;PART028;99000000280001;;CLIENTE SINTETICO 028;SC;20080;1;35260899000000280001553800000200801700200802;24/08/2026;24/08/2026;5298,00;0,00;5298,00;0,00;0,00;0,00;2;ITEM007;MERCADORIA SINTETICA C 0159;ITEM OU SERVICO SINTETICO 007;;;;09;2727,50;8,000;UN;0,00;;2101;Compra para industrialização ou produção rural.;;;;;;;;;;;;;49;2727,50;;1,6500;;45,00;49;2727,50;;7,6000;;207,29;CTA_MERC;Crédito
99999999000199;01/08/2026 a 31/08/2026;C100/C170;1;00;PART029;99000000290001;;CLIENTE SINTETICO 029;RS;20081;1;35260899000000290001553810000200811700200810;27/08/2026;27/08/2026;8455,50;0,00;8455,50;0,00;0,00;0,00;1;ITEM008;MERCADORIA SINTETICA C 0160;ITEM OU SERVICO SINTETICO 008;;;;09;2661,50;1,000;UN;0,00;;6102;Venda de mercadoria adquirida ou recebida de terceiros, ou qualquer venda de mercadoria efetuada pelo MEI com exceção das saídas classificadas nos códigos 6.501, 6.502, 6.504 e 6.505.;;;;;;;;;;;;;50;2661,50;;1,6500;;43,91;50;2661,50;;7,6000;;202,27;CTA_MERC;Débito
99999999000199;01/08/2026 a 31/08/2026;C100/C170;1;00;PART029;99000000290001;;CLIENTE SINTETICO 029;RS;20081;1;35260899000000290001553810000200811700200810;27/08/2026;27/08/2026;8455,50;0,00;8455,50;0,00;0,00;0,00;2;ITEM009;MERCADORIA SINTETICA C 0161;ITEM OU SERVICO SINTETICO 009;84000009;;;00;2818,50;2,000;UN;0,00;;6404;Venda de mercadoria sujeita ao regime de substituição tributária, cujo imposto já tenha sido retido anteriormente.;;;;;;;;;;;;;51;2818,50;;1,6500;;46,51;51;2818,50;;7,6000;;214,21;CTA_MERC;Débito
99999999000199;01/08/2026 a 31/08/2026;C100/C170;1;00;PART029;99000000290001;;CLIENTE SINTETICO 029;RS;20081;1;35260899000000290001553810000200811700200810;27/08/2026;27/08/2026;8455,50;0,00;8455,50;0,00;0,00;0,00;3;ITEM010;MERCADORIA SINTETICA C 0162;ITEM OU SERVICO SINTETICO 010;84000010;;;00;2975,50;3,000;UN;0,00;;5101;Venda de produção do estabelecimento.;;;;;;;;;;;;;60;0,00;;0,0000;;0,00;60;0,00;;0,0000;;0,00;CTA_MERC;Débito
99999999000199;01/08/2026 a 31/08/2026;C100/C170;1;00;PART030;99000000300001;;CLIENTE SINTETICO 030;SP;20082;1;35260899000000300001553820000200821700200827;30/08/2026;30/08/2026;2752,50;0,00;2752,50;0,00;0,00;0,00;1;ITEM011;MERCADORIA SINTETICA C 0163;ITEM OU SERVICO SINTETICO 011;84000011;;;00;2752,50;4,000;UN;0,00;;5102;Venda de mercadoria adquirida ou recebida de terceiros, ou qualquer venda de mercadoria efetuada pelo MEI com exceção das saídas classificadas nos códigos 5.501, 5.502, 5.504 e 5.505.;;;;;;;;;;;;;60;0,00;;0,0000;;0,00;60;0,00;;0,0000;;0,00;CTA_MERC;Débito
99999999000199;01/08/2026 a 31/08/2026;C100/C170;1;00;PART001;99000000010001;;FORNECEDOR SINTETICO 001;RJ;20083;1;35260899000000010001553830000200831700200830;02/08/2026;02/08/2026;5844,00;0,00;5844,00;0,00;0,00;0,00;1;ITEM012;MERCADORIA SINTETICA C 0164;ITEM OU SERVICO SINTETICO 012;84000012;;;00;2843,50;5,000;UN;0,00;;5405;Venda de mercadoria adquirida ou recebida de terceiros em operação com mercadoria sujeita ao regime de substituição tributária, na condição de contribuinte substituído.;;;;;;;;;;;;;73;2843,50;;1,6500;;46,92;73;2843,50;;7,6000;;216,11;CTA_MERC;Débito
99999999000199;01/08/2026 a 31/08/2026;C100/C170;1;00;PART001;99000000010001;;FORNECEDOR SINTETICO 001;RJ;20083;1;35260899000000010001553830000200831700200830;02/08/2026;02/08/2026;5844,00;0,00;5844,00;0,00;0,00;0,00;2;ITEM013;MERCADORIA SINTETICA C 0165;ITEM OU SERVICO SINTETICO 013;84000013;;;00;3000,50;6,000;UN;0,00;;6101;Venda de produção do estabelecimento.;;;;;;;;;;;;;98;3000,50;;1,6500;;49,51;98;3000,50;;7,6000;;228,04;CTA_MERC;Débito
99999999000199;01/08/2026 a 31/08/2026;C100/C170;1;00;PART002;99000000020001;;FORNECEDOR SINTETICO 002;MG;20084;1;35260899000000020001553840000200841700200848;05/08/2026;05/08/2026;9274,50;0,00;9274,50;0,00;0,00;0,00;1;ITEM014;MERCADORIA SINTETICA C 0166;ITEM OU SERVICO SINTETICO 014;84000014;;;00;2934,50;7,000;UN;0,00;;6102;Venda de mercadoria adquirida ou recebida de terceiros, ou qualquer venda de mercadoria efetuada pelo MEI com exceção das saídas classificadas nos códigos 6.501, 6.502, 6.504 e 6.505.;;;;;;;;;;;;;01;2934,50;;1,6500;;48,42;01;2934,50;;7,6000;;223,02;CTA_MERC;Débito
99999999000199;01/08/2026 a 31/08/2026;C100/C170;1;00;PART002;99000000020001;;FORNECEDOR SINTETICO 002;MG;20084;1;35260899000000020001553840000200841700200848;05/08/2026;05/08/2026;9274,50;0,00;9274,50;0,00;0,00;0,00;2;ITEM015;MERCADORIA SINTETICA C 0167;ITEM OU SERVICO SINTETICO 015;84000015;;;00;3091,50;8,000;UN;0,00;;6404;Venda de mercadoria sujeita ao regime de substituição tributária, cujo imposto já tenha sido retido anteriormente.;;;;;;;;;;;;;02;3091,50;;1,6500;;51,01;02;3091,50;;7,6000;;234,95;CTA_MERC;Débito
99999999000199;01/08/2026 a 31/08/2026;C100/C170;1;00;PART002;99000000020001;;FORNECEDOR SINTETICO 002;MG;20084;1;35260899000000020001553840000200841700200848;05/08/2026;05/08/2026;9274,50;0,00;9274,50;0,00;0,00;0,00;3;ITEM016;MERCADORIA SINTETICA C 0168;ITEM OU SERVICO SINTETICO 016;84000016;;;00;3248,50;1,000;UN;0,00;;5101;Venda de produção do estabelecimento.;;;;;;;;;;;;;04;0,00;;0,0000;;0,00;04;0,00;;0,0000;;0,00;CTA_MERC;Débito
99999999000199;01/08/2026 a 31/08/2026;C100/C170;0;00;PART003;99000000030001;;FORNECEDOR SINTETICO 003;PR;20085;1;35260899000000030001553850000200851700200855;08/08/2026;08/08/2026;3025,50;0,00;3025,50;0,00;0,00;0,00;1;ITEM017;MERCADORIA SINTETICA C 0169;ITEM OU SERVICO SINTETICO 017;84000017;;;00;3025,50;2,000;UN;0,00;;1102;Compra para comercialização.;;;;;;;;;;;;;04;0,00;;0,0000;;0,00;04;0,00;;0,0000;;0,00;CTA_MERC;Crédito
99999999000199;01/08/2026 a 31/08/2026;C100/C170;1;00;PART004;99000000040001;;FORNECEDOR SINTETICO 004;SC;20086;1;35260899000000040001553860000200861700200862;11/08/2026;11/08/2026;6390,00;0,00;6390,00;0,00;0,00;0,00;1;ITEM018;MERCADORIA SINTETICA C 0170;ITEM OU SERVICO SINTETICO 018;84000018;;;00;3116,50;3,000;UN;0,00;;5405;Venda de mercadoria adquirida ou recebida de terceiros em operação com mercadoria sujeita ao regime de substituição tributária, na condição de contribuinte substituído.;;;;;;;;;;;;;07;0,00;;0,0000;;0,00;07;0,00;;0,0000;;0,00;CTA_MERC;Débito
99999999000199;01/08/2026 a 31/08/2026;C100/C170;1;00;PART004;99000000040001;;FORNECEDOR SINTETICO 004;SC;20086;1;35260899000000040001553860000200861700200862;11/08/2026;11/08/2026;6390,00;0,00;6390,00;0,00;0,00;0,00;2;ITEM019;MERCADORIA SINTETICA C 0171;ITEM OU SERVICO SINTETICO 019;84000019;;;00;3273,50;4,000;UN;0,00;;6101;Venda de produção do estabelecimento.;;;;;;;;;;;;;08;0,00;;0,0000;;0,00;08;0,00;;0,0000;;0,00;CTA_MERC;Débito
99999999000199;01/08/2026 a 31/08/2026;C100/C170;1;00;PART005;99000000050001;;FORNECEDOR SINTETICO 005;RS;20087;1;35260899000000050001553870000200871700200870;14/08/2026;14/08/2026;10093,50;0,00;10093,50;0,00;0,00;0,00;1;ITEM020;MERCADORIA SINTETICA C 0172;ITEM OU SERVICO SINTETICO 020;84000020;;;00;3207,50;5,000;UN;0,00;;6102;Venda de mercadoria adquirida ou recebida de terceiros, ou qualquer venda de mercadoria efetuada pelo MEI com exceção das saídas classificadas nos códigos 6.501, 6.502, 6.504 e 6.505.;;;;;;;;;;;;;49;3207,50;;1,6500;;52,92;49;3207,50;;7,6000;;243,77;CTA_MERC;Débito
99999999000199;01/08/2026 a 31/08/2026;C100/C170;1;00;PART005;99000000050001;;FORNECEDOR SINTETICO 005;RS;20087;1;35260899000000050001553870000200871700200870;14/08/2026;14/08/2026;10093,50;0,00;10093,50;0,00;0,00;0,00;2;ITEM001;MERCADORIA SINTETICA C 0173;ITEM OU SERVICO SINTETICO 001;;;;09;3364,50;6,000;UN;0,00;;6404;Venda de mercadoria sujeita ao regime de substituição tributária, cujo imposto já tenha sido retido anteriormente.;;;;;;;;;;;;;50;3364,50;;1,6500;;55,51;50;3364,50;;7,6000;;255,70;CTA_MERC;Débito
99999999000199;01/08/2026 a 31/08/2026;C100/C170;1;00;PART005;99000000050001;;FORNECEDOR SINTETICO 005;RS;20087;1;35260899000000050001553870000200871700200870;14/08/2026;14/08/2026;10093,50;0,00;10093,50;0,00;0,00;0,00;3;ITEM002;MERCADORIA SINTETICA C 0174;ITEM OU SERVICO SINTETICO 002;;;;09;3521,50;7,000;UN;0,00;;5101;Venda de produção do estabelecimento.;;;;;;;;;;;;;51;3521,50;;1,6500;;58,10;51;3521,50;;7,6000;;267,63;CTA_MERC;Débito
99999999000199;01/08/2026 a 31/08/2026;C100/C170;1;00;PART006;99000000060001;;FORNECEDOR SINTETICO 006;SP;20088;1;35260899000000060001553880000200881700200887;17/08/2026;17/08/2026;3298,50;0,00;3298,50;0,00;0,00;0,00;1;ITEM003;MERCADORIA SINTETICA C 0175;ITEM OU SERVICO SINTETICO 003;;;;09;3298,50;8,000;UN;0,00;;5102;Venda de mercadoria adquirida ou recebida de terceiros, ou qualquer venda de mercadoria efetuada pelo MEI com exceção das saídas classificadas nos códigos 5.501, 5.502, 5.504 e 5.505.;;;;;;;;;;;;;51;3298,50;;1,6500;;54,43;51;3298,50;;7,6000;;250,69;CTA_MERC;Débito
99999999000199;01/08/2026 a 31/08/2026;C100/C170;1;00;PART007;99000000070001;;FORNECEDOR SINTETICO 007;RJ;20089;1;35260899000000070001553890000200891700200894;20/08/2026;20/08/2026;6936,00;0,00;6936,00;0,00;0,00;0,00;1;ITEM004;MERCADORIA SINTETICA C 0176;ITEM OU SERVICO SINTETICO 004;;;;09;3389,50;1,000;UN;0,00;;5405;Venda de mercadoria adquirida ou recebida de terceiros em operação com mercadoria sujeita ao regime de substituição tributária, na condição de contribuinte substituído.;;;;;;;;;;;;;70;3389,50;;1,6500;;55,93;70;3389,50;;7,6000;;257,60;CTA_MERC;Débito
99999999000199;01/08/2026 a 31/08/2026;C100/C170;1;00;PART007;99000000070001;;FORNECEDOR SINTETICO 007;RJ;20089;1;35260899000000070001553890000200891700200894;20/08/2026;20/08/2026;6936,00;0,00;6936,00;0,00;0,00;0,00;2;ITEM005;MERCADORIA SINTETICA C 0177;ITEM OU SERVICO SINTETICO 005;;;;09;3546,50;2,000;UN;0,00;;6101;Venda de produção do estabelecimento.;;;;;;;;;;;;;73;3546,50;;1,6500;;58,52;73;3546,50;;7,6000;;269,53;CTA_MERC;Débito
99999999000199;01/08/2026 a 31/08/2026;C100/C170;0;00;PART008;99000000080001;;FORNECEDOR SINTETICO 008;MG;20090;1;35260899000000080001553900000200901700200902;23/08/2026;23/08/2026;10912,50;0,00;10912,50;0,00;0,00;0,00;1;ITEM006;MERCADORIA SINTETICA C 0178;ITEM OU SERVICO SINTETICO 006;;;;09;3480,50;3,000;UN;0,00;;2102;Compra para comercialização.;;;;;;;;;;;;;98;3480,50;;1,6500;;57,43;98;3480,50;;7,6000;;264,52;CTA_MERC;Crédito
99999999000199;01/08/2026 a 31/08/2026;C100/C170;0;00;PART008;99000000080001;;FORNECEDOR SINTETICO 008;MG;20090;1;35260899000000080001553900000200901700200902;23/08/2026;23/08/2026;10912,50;0,00;10912,50;0,00;0,00;0,00;2;ITEM007;MERCADORIA SINTETICA C 0179;ITEM OU SERVICO SINTETICO 007;;;;09;3637,50;4,000;UN;0,00;;2403;Compra para comercialização em operação com mercadoria sujeita ao regime de substituição tributária.;;;;;;;;;;;;;01;3637,50;;1,6500;;60,02;01;3637,50;;7,6000;;276,45;CTA_MERC;Crédito
99999999000199;01/08/2026 a 31/08/2026;C100/C170;0;00;PART008;99000000080001;;FORNECEDOR SINTETICO 008;MG;20090;1;35260899000000080001553900000200901700200902;23/08/2026;23/08/2026;10912,50;0,00;10912,50;0,00;0,00;0,00;3;ITEM008;MERCADORIA SINTETICA C 0180;ITEM OU SERVICO SINTETICO 008;;;;09;3794,50;5,000;UN;0,00;;1101;Compra para industrialização ou produção rural.;;;;;;;;;;;;;02;3794,50;;1,6500;;62,61;02;3794,50;;7,6000;;288,38;CTA_MERC;Crédito
99999999000199;01/08/2026 a 31/08/2026;C100/C170;1;00;PART009;99000000090001;;FORNECEDOR SINTETICO 009;PR;20091;1;35260899000000090001553910000200911700200910;26/08/2026;26/08/2026;3571,50;0,00;3571,50;0,00;0,00;0,00;1;ITEM009;MERCADORIA SINTETICA C 0181;ITEM OU SERVICO SINTETICO 009;84000009;;;00;3571,50;6,000;UN;0,00;;5102;Venda de mercadoria adquirida ou recebida de terceiros, ou qualquer venda de mercadoria efetuada pelo MEI com exceção das saídas classificadas nos códigos 5.501, 5.502, 5.504 e 5.505.;;;;;;;;;;;;;02;3571,50;;1,6500;;58,93;02;3571,50;;7,6000;;271,43;CTA_MERC;Débito
99999999000199;01/08/2026 a 31/08/2026;C100/C170;1;00;PART010;99000000100001;;FORNECEDOR SINTETICO 010;SC;20092;1;35260899000000100001553920000200921700200927;29/08/2026;29/08/2026;7482,00;0,00;7482,00;0,00;0,00;0,00;1;ITEM010;MERCADORIA SINTETICA C 0182;ITEM OU SERVICO SINTETICO 010;84000010;;;00;3662,50;7,000;UN;0,00;;5405;Venda de mercadoria adquirida ou recebida de terceiros em operação com mercadoria sujeita ao regime de substituição tributária, na condição de contribuinte substituído.;;;;;;;;;;;;;06;0,00;;0,0000;;0,00;06;0,00;;0,0000;;0,00;CTA_MERC;Débito
99999999000199;01/08/2026 a 31/08/2026;C100/C170;1;00;PART010;99000000100001;;FORNECEDOR SINTETICO 010;SC;20092;1;35260899000000100001553920000200921700200927;29/08/2026;29/08/2026;7482,00;0,00;7482,00;0,00;0,00;0,00;2;ITEM011;MERCADORIA SINTETICA C 0183;ITEM OU SERVICO SINTETICO 011;84000011;;;00;3819,50;8,000;UN;0,00;;6101;Venda de produção do estabelecimento.;;;;;;;;;;;;;07;0,00;;0,0000;;0,00;07;0,00;;0,0000;;0,00;CTA_MERC;Débito
99999999000199;01/08/2026 a 31/08/2026;C100/C170;1;00;PART011;99000000110001;;FORNECEDOR SINTETICO 011;RS;20093;1;35260899000000110001553930000200931700200934;01/08/2026;01/08/2026;11731,50;0,00;11731,50;0,00;0,00;0,00;1;ITEM012;MERCADORIA SINTETICA C 0184;ITEM OU SERVICO SINTETICO 012;84000012;;;00;3753,50;1,000;UN;0,00;;6102;Venda de mercadoria adquirida ou recebida de terceiros, ou qualquer venda de mercadoria efetuada pelo MEI com exceção das saídas classificadas nos códigos 6.501, 6.502, 6.504 e 6.505.;;;;;;;;;;;;;08;0,00;;0,0000;;0,00;08;0,00;;0,0000;;0,00;CTA_MERC;Débito
99999999000199;01/08/2026 a 31/08/2026;C100/C170;1;00;PART011;99000000110001;;FORNECEDOR SINTETICO 011;RS;20093;1;35260899000000110001553930000200931700200934;01/08/2026;01/08/2026;11731,50;0,00;11731,50;0,00;0,00;0,00;2;ITEM013;MERCADORIA SINTETICA C 0185;ITEM OU SERVICO SINTETICO 013;84000013;;;00;3910,50;2,000;UN;0,00;;6404;Venda de mercadoria sujeita ao regime de substituição tributária, cujo imposto já tenha sido retido anteriormente.;;;;;;;;;;;;;49;3910,50;;1,6500;;64,52;49;3910,50;;7,6000;;297,20;CTA_MERC;Débito
99999999000199;01/08/2026 a 31/08/2026;C100/C170;1;00;PART011;99000000110001;;FORNECEDOR SINTETICO 011;RS;20093;1;35260899000000110001553930000200931700200934;01/08/2026;01/08/2026;11731,50;0,00;11731,50;0,00;0,00;0,00;3;ITEM014;MERCADORIA SINTETICA C 0186;ITEM OU SERVICO SINTETICO 014;84000014;;;00;4067,50;3,000;UN;0,00;;5101;Venda de produção do estabelecimento.;;;;;;;;;;;;;50;4067,50;;1,6500;;67,11;50;4067,50;;7,6000;;309,13;CTA_MERC;Débito
99999999000199;01/08/2026 a 31/08/2026;C100/C170;1;00;PART012;99000000120001;;FORNECEDOR SINTETICO 012;SP;20094;1;35260899000000120001553940000200941700200941;04/08/2026;04/08/2026;3844,50;0,00;3844,50;0,00;0,00;0,00;1;ITEM015;MERCADORIA SINTETICA C 0187;ITEM OU SERVICO SINTETICO 015;84000015;;;00;3844,50;4,000;UN;0,00;;5102;Venda de mercadoria adquirida ou recebida de terceiros, ou qualquer venda de mercadoria efetuada pelo MEI com exceção das saídas classificadas nos códigos 5.501, 5.502, 5.504 e 5.505.;;;;;;;;;;;;;50;3844,50;;1,6500;;63,43;50;3844,50;;7,6000;;292,18;CTA_MERC;Débito
99999999000199;01/08/2026 a 31/08/2026;C100/C170;0;00;PART013;99000000130001;;FORNECEDOR SINTETICO 013;RJ;20095;1;35260899000000130001553950000200951700200959;07/08/2026;07/08/2026;8028,00;0,00;8028,00;0,00;0,00;0,00;1;ITEM016;MERCADORIA SINTETICA C 0188;ITEM OU SERVICO SINTETICO 016;84000016;;;00;3935,50;5,000;UN;0,00;;1403;Compra para comercialização em operação com mercadoria sujeita ao regime de substituição tributária.;;;;;;;;;;;;;60;0,00;;0,0000;;0,00;60;0,00;;0,0000;;0,00;CTA_MERC;Crédito
99999999000199;01/08/2026 a 31/08/2026;C100/C170;0;00;PART013;99000000130001;;FORNECEDOR SINTETICO 013;RJ;20095;1;35260899000000130001553950000200951700200959;07/08/2026;07/08/2026;8028,00;0,00;8028,00;0,00;0,00;0,00;2;ITEM017;MERCADORIA SINTETICA C 0189;ITEM OU SERVICO SINTETICO 017;84000017;;;00;4092,50;6,000;UN;0,00;;2101;Compra para industrialização ou produção rural.;;;;;;;;;;;;;70;4092,50;;1,6500;;67,53;70;4092,50;;7,6000;;311,03;CTA_MERC;Crédito
99999999000199;01/08/2026 a 31/08/2026;C100/C170;1;00;PART014;99000000140001;;FORNECEDOR SINTETICO 014;MG;20096;1;35260899000000140001553960000200961700200966;10/08/2026;10/08/2026;12550,50;0,00;12550,50;0,00;0,00;0,00;1;ITEM018;MERCADORIA SINTETICA C 0190;ITEM OU SERVICO SINTETICO 018;84000018;;;00;4026,50;7,000;UN;0,00;;6102;Venda de mercadoria adquirida ou recebida de terceiros, ou qualquer venda de mercadoria efetuada pelo MEI com exceção das saídas classificadas nos códigos 6.501, 6.502, 6.504 e 6.505.;;;;;;;;;;;;;73;4026,50;;1,6500;;66,44;73;4026,50;;7,6000;;306,01;CTA_MERC;Débito
99999999000199;01/08/2026 a 31/08/2026;C100/C170;1;00;PART014;99000000140001;;FORNECEDOR SINTETICO 014;MG;20096;1;35260899000000140001553960000200961700200966;10/08/2026;10/08/2026;12550,50;0,00;12550,50;0,00;0,00;0,00;2;ITEM019;MERCADORIA SINTETICA C 0191;ITEM OU SERVICO SINTETICO 019;84000019;;;00;4183,50;8,000;UN;0,00;;6404;Venda de mercadoria sujeita ao regime de substituição tributária, cujo imposto já tenha sido retido anteriormente.;;;;;;;;;;;;;98;4183,50;;1,6500;;69,03;98;4183,50;;7,6000;;317,95;CTA_MERC;Débito
99999999000199;01/08/2026 a 31/08/2026;C100/C170;1;00;PART014;99000000140001;;FORNECEDOR SINTETICO 014;MG;20096;1;35260899000000140001553960000200961700200966;10/08/2026;10/08/2026;12550,50;0,00;12550,50;0,00;0,00;0,00;3;ITEM020;MERCADORIA SINTETICA C 0192;ITEM OU SERVICO SINTETICO 020;84000020;;;00;4340,50;1,000;UN;0,00;;5101;Venda de produção do estabelecimento.;;;;;;;;;;;;;01;4340,50;;1,6500;;71,62;01;4340,50;;7,6000;;329,88;CTA_MERC;Débito
99999999000199;01/08/2026 a 31/08/2026;C100/C170;1;00;PART015;99000000150001;;FORNECEDOR SINTETICO 015;PR;20097;1;35260899000000150001553970000200971700200973;13/08/2026;13/08/2026;4117,50;0,00;4117,50;0,00;0,00;0,00;1;ITEM001;MERCADORIA SINTETICA C 0193;ITEM OU SERVICO SINTETICO 001;;;;09;4117,50;2,000;UN;0,00;;5102;Venda de mercadoria adquirida ou recebida de terceiros, ou qualquer venda de mercadoria efetuada pelo MEI com exceção das saídas classificadas nos códigos 5.501, 5.502, 5.504 e 5.505.;;;;;;;;;;;;;01;4117,50;;1,6500;;67,94;01;4117,50;;7,6000;;312,93;CTA_MERC;Débito
99999999000199;01/08/2026 a 31/08/2026;C100/C170;1;00;PART016;99000000160001;;CLIENTE SINTETICO 016;SC;20098;1;35260899000000160001553980000200981700200980;16/08/2026;16/08/2026;8574,00;0,00;8574,00;0,00;0,00;0,00;1;ITEM002;MERCADORIA SINTETICA C 0194;ITEM OU SERVICO SINTETICO 002;;;;09;4208,50;3,000;UN;0,00;;5405;Venda de mercadoria adquirida ou recebida de terceiros em operação com mercadoria sujeita ao regime de substituição tributária, na condição de contribuinte substituído.;;;;;;;;;;;;;04;0,00;;0,0000;;0,00;04;0,00;;0,0000;;0,00;CTA_MERC;Débito
99999999000199;01/08/2026 a 31/08/2026;C100/C170;1;00;PART016;99000000160001;;CLIENTE SINTETICO 016;SC;20098;1;35260899000000160001553980000200981700200980;16/08/2026;16/08/2026;8574,00;0,00;8574,00;0,00;0,00;0,00;2;ITEM003;MERCADORIA SINTETICA C 0195;ITEM OU SERVICO SINTETICO 003;;;;09;4365,50;4,000;UN;0,00;;6101;Venda de produção do estabelecimento.;;;;;;;;;;;;;06;0,00;;0,0000;;0,00;06;0,00;;0,0000;;0,00;CTA_MERC;Débito
99999999000199;01/08/2026 a 31/08/2026;C100/C170;1;00;PART017;99000000170001;;CLIENTE SINTETICO 017;RS;20099;1;35260899000000170001553990000200991700200998;19/08/2026;19/08/2026;13369,50;0,00;13369,50;0,00;0,00;0,00;1;ITEM004;MERCADORIA SINTETICA C 0196;ITEM OU SERVICO SINTETICO 004;;;;09;4299,50;5,000;UN;0,00;;6102;Venda de mercadoria adquirida ou recebida de terceiros, ou qualquer venda de mercadoria efetuada pelo MEI com exceção das saídas classificadas nos códigos 6.501, 6.502, 6.504 e 6.505.;;;;;;;;;;;;;07;0,00;;0,0000;;0,00;07;0,00;;0,0000;;0,00;CTA_MERC;Débito
99999999000199;01/08/2026 a 31/08/2026;C100/C170;1;00;PART017;99000000170001;;CLIENTE SINTETICO 017;RS;20099;1;35260899000000170001553990000200991700200998;19/08/2026;19/08/2026;13369,50;0,00;13369,50;0,00;0,00;0,00;2;ITEM005;MERCADORIA SINTETICA C 0197;ITEM OU SERVICO SINTETICO 005;;;;09;4456,50;6,000;UN;0,00;;6404;Venda de mercadoria sujeita ao regime de substituição tributária, cujo imposto já tenha sido retido anteriormente.;;;;;;;;;;;;;08;0,00;;0,0000;;0,00;08;0,00;;0,0000;;0,00;CTA_MERC;Débito
99999999000199;01/08/2026 a 31/08/2026;C100/C170;1;00;PART017;99000000170001;;CLIENTE SINTETICO 017;RS;20099;1;35260899000000170001553990000200991700200998;19/08/2026;19/08/2026;13369,50;0,00;13369,50;0,00;0,00;0,00;3;ITEM006;MERCADORIA SINTETICA C 0198;ITEM OU SERVICO SINTETICO 006;;;;09;4613,50;7,000;UN;0,00;;5101;Venda de produção do estabelecimento.;;;;;;;;;;;;;49;4613,50;;1,6500;;76,12;49;4613,50;;7,6000;;350,63;CTA_MERC;Débito
99999999000199;01/08/2026 a 31/08/2026;C100/C170;0;00;PART018;99000000180001;;CLIENTE SINTETICO 018;SP;20100;1;35260899000000180001554000000201001700201001;22/08/2026;22/08/2026;4390,50;0,00;4390,50;0,00;0,00;0,00;1;ITEM007;MERCADORIA SINTETICA C 0199;ITEM OU SERVICO SINTETICO 007;;;;09;4390,50;8,000;UN;0,00;;1102;Compra para comercialização.;;;;;;;;;;;;;49;4390,50;;1,6500;;72,44;49;4390,50;;7,6000;;333,68;CTA_MERC;Crédito
99999999000199;01/08/2026 a 31/08/2026;C100/C170;1;00;PART019;99000000190001;;CLIENTE SINTETICO 019;RJ;20101;1;35260899000000190001554010000201011700201019;25/08/2026;25/08/2026;9120,00;0,00;9120,00;0,00;0,00;0,00;1;ITEM008;MERCADORIA SINTETICA C 0200;ITEM OU SERVICO SINTETICO 008;;;;09;4481,50;1,000;UN;0,00;;5405;Venda de mercadoria adquirida ou recebida de terceiros em operação com mercadoria sujeita ao regime de substituição tributária, na condição de contribuinte substituído.;;;;;;;;;;;;;51;4481,50;;1,6500;;73,94;51;4481,50;;7,6000;;340,59;CTA_MERC;Débito
99999999000199;01/08/2026 a 31/08/2026;C100/C170;1;00;PART019;99000000190001;;CLIENTE SINTETICO 019;RJ;20101;1;35260899000000190001554010000201011700201019;25/08/2026;25/08/2026;9120,00;0,00;9120,00;0,00;0,00;0,00;2;ITEM009;MERCADORIA SINTETICA C 0201;ITEM OU SERVICO SINTETICO 009;84000009;;;00;4638,50;2,000;UN;0,00;;6101;Venda de produção do estabelecimento.;;;;;;;;;;;;;60;0,00;;0,0000;;0,00;60;0,00;;0,0000;;0,00;CTA_MERC;Débito
99999999000199;01/08/2026 a 31/08/2026;C100/C170;1;00;PART020;99000000200001;;CLIENTE SINTETICO 020;MG;20102;1;35260899000000200001554020000201021700201026;28/08/2026;28/08/2026;14188,50;0,00;14188,50;0,00;0,00;0,00;1;ITEM010;MERCADORIA SINTETICA C 0202;ITEM OU SERVICO SINTETICO 010;84000010;;;00;4572,50;3,000;UN;0,00;;6102;Venda de mercadoria adquirida ou recebida de terceiros, ou qualquer venda de mercadoria efetuada pelo MEI com exceção das saídas classificadas nos códigos 6.501, 6.502, 6.504 e 6.505.;;;;;;;;;;;;;70;4572,50;;1,6500;;75,45;70;4572,50;;7,6000;;347,51;CTA_MERC;Débito
99999999000199;01/08/2026 a 31/08/2026;C100/C170;1;00;PART020;99000000200001;;CLIENTE SINTETICO 020;MG;20102;1;35260899000000200001554020000201021700201026;28/08/2026;28/08/2026;14188,50;0,00;14188,50;0,00;0,00;0,00;2;ITEM011;MERCADORIA SINTETICA C 0203;ITEM OU SERVICO SINTETICO 011;84000011;;;00;4729,50;4,000;UN;0,00;;6404;Venda de mercadoria sujeita ao regime de substituição tributária, cujo imposto já tenha sido retido anteriormente.;;;;;;;;;;;;;73;4729,50;;1,6500;;78,04;73;4729,50;;7,6000;;359,44;CTA_MERC;Débito
99999999000199;01/08/2026 a 31/08/2026;C100/C170;1;00;PART020;99000000200001;;CLIENTE SINTETICO 020;MG;20102;1;35260899000000200001554020000201021700201026;28/08/2026;28/08/2026;14188,50;0,00;14188,50;0,00;0,00;0,00;3;ITEM012;MERCADORIA SINTETICA C 0204;ITEM OU SERVICO SINTETICO 012;84000012;;;00;4886,50;5,000;UN;0,00;;5101;Venda de produção do estabelecimento.;;;;;;;;;;;;;98;4886,50;;1,6500;;80,63;98;4886,50;;7,6000;;371,37;CTA_MERC;Débito
99999999000199;01/08/2026 a 31/08/2026;C100/C170;1;00;PART021;99000000210001;;CLIENTE SINTETICO 021;PR;20103;1;35260899000000210001554030000201031700201033;31/08/2026;31/08/2026;4663,50;0,00;4663,50;0,00;0,00;0,00;1;ITEM013;MERCADORIA SINTETICA C 0205;ITEM OU SERVICO SINTETICO 013;84000013;;;00;4663,50;6,000;UN;0,00;;5102;Venda de mercadoria adquirida ou recebida de terceiros, ou qualquer venda de mercadoria efetuada pelo MEI com exceção das saídas classificadas nos códigos 5.501, 5.502, 5.504 e 5.505.;;;;;;;;;;;;;98;4663,50;;1,6500;;76,95;98;4663,50;;7,6000;;354,43;CTA_MERC;Débito
99999999000199;01/08/2026 a 31/08/2026;C100/C170;1;00;PART022;99000000220001;;CLIENTE SINTETICO 022;SC;20104;1;35260899000000220001554040000201041700201040;03/08/2026;03/08/2026;4866,00;0,00;4866,00;0,00;0,00;0,00;1;ITEM014;MERCADORIA SINTETICA C 0206;ITEM OU SERVICO SINTETICO 014;84000014;;;00;4754,50;7,000;UN;0,00;;5405;Venda de mercadoria adquirida ou recebida de terceiros em operação com mercadoria sujeita ao regime de substituição tributária, na condição de contribuinte substituído.;;;;;;;;;;;;;02;4754,50;;1,6500;;78,45;02;4754,50;;7,6000;;361,34;CTA_MERC;Débito
99999999000199;01/08/2026 a 31/08/2026;C100/C170;1;00;PART022;99000000220001;;CLIENTE SINTETICO 022;SC;20104;1;35260899000000220001554040000201041700201040;03/08/2026;03/08/2026;4866,00;0,00;4866,00;0,00;0,00;0,00;2;ITEM015;MERCADORIA SINTETICA C 0207;ITEM OU SERVICO SINTETICO 015;84000015;;;00;111,50;8,000;UN;0,00;;6101;Venda de produção do estabelecimento.;;;;;;;;;;;;;04;0,00;;0,0000;;0,00;04;0,00;;0,0000;;0,00;CTA_MERC;Débito
99999999000199;01/08/2026 a 31/08/2026;C100/C170;0;00;PART023;99000000230001;;CLIENTE SINTETICO 023;RS;20105;1;35260899000000230001554050000201051700201058;06/08/2026;06/08/2026;5407,50;0,00;5407,50;0,00;0,00;0,00;1;ITEM016;MERCADORIA SINTETICA C 0208;ITEM OU SERVICO SINTETICO 016;84000016;;;00;4845,50;1,000;UN;0,00;;2102;Compra para comercialização.;;;;;;;;;;;;;06;0,00;;0,0000;;0,00;06;0,00;;0,0000;;0,00;CTA_MERC;Crédito
99999999000199;01/08/2026 a 31/08/2026;C100/C170;0;00;PART023;99000000230001;;CLIENTE SINTETICO 023;RS;20105;1;35260899000000230001554050000201051700201058;06/08/2026;06/08/2026;5407,50;0,00;5407,50;0,00;0,00;0,00;2;ITEM017;MERCADORIA SINTETICA C 0209;ITEM OU SERVICO SINTETICO 017;84000017;;;00;202,50;2,000;UN;0,00;;2403;Compra para comercialização em operação com mercadoria sujeita ao regime de substituição tributária.;;;;;;;;;;;;;07;0,00;;0,0000;;0,00;07;0,00;;0,0000;;0,00;CTA_MERC;Crédito
99999999000199;01/08/2026 a 31/08/2026;C100/C170;0;00;PART023;99000000230001;;CLIENTE SINTETICO 023;RS;20105;1;35260899000000230001554050000201051700201058;06/08/2026;06/08/2026;5407,50;0,00;5407,50;0,00;0,00;0,00;3;ITEM018;MERCADORIA SINTETICA C 0210;ITEM OU SERVICO SINTETICO 018;84000018;;;00;359,50;3,000;UN;0,00;;1101;Compra para industrialização ou produção rural.;;;;;;;;;;;;;08;0,00;;0,0000;;0,00;08;0,00;;0,0000;;0,00;CTA_MERC;Crédito
99999999000199;01/08/2026 a 31/08/2026;C100/C170;1;00;PART024;99000000240001;;CLIENTE SINTETICO 024;SP;20106;1;35260899000000240001554060000201061700201065;09/08/2026;09/08/2026;136,50;0,00;136,50;0,00;0,00;0,00;1;ITEM019;MERCADORIA SINTETICA C 0211;ITEM OU SERVICO SINTETICO 019;84000019;;;00;136,50;4,000;UN;0,00;;5102;Venda de mercadoria adquirida ou recebida de terceiros, ou qualquer venda de mercadoria efetuada pelo MEI com exceção das saídas classificadas nos códigos 5.501, 5.502, 5.504 e 5.505.;;;;;;;;;;;;;08;0,00;;0,0000;;0,00;08;0,00;;0,0000;;0,00;CTA_MERC;Débito
99999999000199;01/08/2026 a 31/08/2026;C100/C170;1;00;PART025;99000000250001;;CLIENTE SINTETICO 025;RJ;20107;1;35260899000000250001554070000201071700201072;12/08/2026;12/08/2026;612,00;0,00;612,00;0,00;0,00;0,00;1;ITEM020;MERCADORIA SINTETICA C 0212;ITEM OU SERVICO SINTETICO 020;84000020;;;00;227,50;5,000;UN;0,00;;5405;Venda de mercadoria adquirida ou recebida de terceiros em operação com mercadoria sujeita ao regime de substituição tributária, na condição de contribuinte substituído.;;;;;;;;;;;;;50;227,50;;1,6500;;3,75;50;227,50;;7,6000;;17,29;CTA_MERC;Débito
99999999000199;01/08/2026 a 31/08/2026;C100/C170;1;00;PART025;99000000250001;;CLIENTE SINTETICO 025;RJ;20107;1;35260899000000250001554070000201071700201072;12/08/2026;12/08/2026;612,00;0,00;612,00;0,00;0,00;0,00;2;ITEM001;MERCADORIA SINTETICA C 0213;ITEM OU SERVICO SINTETICO 001;;;;09;384,50;6,000;UN;0,00;;6101;Venda de produção do estabelecimento.;;;;;;;;;;;;;51;384,50;;1,6500;;6,34;51;384,50;;7,6000;;29,22;CTA_MERC;Débito
99999999000199;01/08/2026 a 31/08/2026;C100/C170;1;00;PART026;99000000260001;;CLIENTE SINTETICO 026;MG;20108;1;35260899000000260001554080000201081700201080;15/08/2026;15/08/2026;1426,50;0,00;1426,50;0,00;0,00;0,00;1;ITEM002;MERCADORIA SINTETICA C 0214;ITEM OU SERVICO SINTETICO 002;;;;09;318,50;7,000;UN;0,00;;6102;Venda de mercadoria adquirida ou recebida de terceiros, ou qualquer venda de mercadoria efetuada pelo MEI com exceção das saídas classificadas nos códigos 6.501, 6.502, 6.504 e 6.505.;;;;;;;;;;;;;60;0,00;;0,0000;;0,00;60;0,00;;0,0000;;0,00;CTA_MERC;Débito
99999999000199;01/08/2026 a 31/08/2026;C100/C170;1;00;PART026;99000000260001;;CLIENTE SINTETICO 026;MG;20108;1;35260899000000260001554080000201081700201080;15/08/2026;15/08/2026;1426,50;0,00;1426,50;0,00;0,00;0,00;2;ITEM003;MERCADORIA SINTETICA C 0215;ITEM OU SERVICO SINTETICO 003;;;;09;475,50;8,000;UN;0,00;;6404;Venda de mercadoria sujeita ao regime de substituição tributária, cujo imposto já tenha sido retido anteriormente.;;;;;;;;;;;;;70;475,50;;1,6500;;7,85;70;475,50;;7,6000;;36,14;CTA_MERC;Débito
99999999000199;01/08/2026 a 31/08/2026;C100/C170;1;00;PART026;99000000260001;;CLIENTE SINTETICO 026;MG;20108;1;35260899000000260001554080000201081700201080;15/08/2026;15/08/2026;1426,50;0,00;1426,50;0,00;0,00;0,00;3;ITEM004;MERCADORIA SINTETICA C 0216;ITEM OU SERVICO SINTETICO 004;;;;09;632,50;1,000;UN;0,00;;5101;Venda de produção do estabelecimento.;;;;;;;;;;;;;73;632,50;;1,6500;;10,44;73;632,50;;7,6000;;48,07;CTA_MERC;Débito
99999999000199;01/08/2026 a 31/08/2026;C100/C170;1;00;PART027;99000000270001;;CLIENTE SINTETICO 027;PR;20109;1;35260899000000270001554090000201091700201097;18/08/2026;18/08/2026;409,50;0,00;409,50;0,00;0,00;0,00;1;ITEM005;MERCADORIA SINTETICA C 0217;ITEM OU SERVICO SINTETICO 005;;;;09;409,50;2,000;UN;0,00;;5102;Venda de mercadoria adquirida ou recebida de terceiros, ou qualquer venda de mercadoria efetuada pelo MEI com exceção das saídas classificadas nos códigos 5.501, 5.502, 5.504 e 5.505.;;;;;;;;;;;;;73;409,50;;1,6500;;6,76;73;409,50;;7,6000;;31,12;CTA_MERC;Débito
99999999000199;01/08/2026 a 31/08/2026;C100/C170;0;00;PART028;99000000280001;;CLIENTE SINTETICO 028;SC;20110;1;35260899000000280001554100000201101700201105;21/08/2026;21/08/2026;1158,00;0,00;1158,00;0,00;0,00;0,00;1;ITEM006;MERCADORIA SINTETICA C 0218;ITEM OU SERVICO SINTETICO 006;;;;09;500,50;3,000;UN;0,00;;1403;Compra para comercialização em operação com mercadoria sujeita ao regime de substituição tributária.;;;;;;;;;;;;;01;500,50;;1,6500;;8,26;01;500,50;;7,6000;;38,04;CTA_MERC;Crédito
99999999000199;01/08/2026 a 31/08/2026;C100/C170;0;00;PART028;99000000280001;;CLIENTE SINTETICO 028;SC;20110;1;35260899000000280001554100000201101700201105;21/08/2026;21/08/2026;1158,00;0,00;1158,00;0,00;0,00;0,00;2;ITEM007;MERCADORIA SINTETICA C 0219;ITEM OU SERVICO SINTETICO 007;;;;09;657,50;4,000;UN;0,00;;2101;Compra para industrialização ou produção rural.;;;;;;;;;;;;;02;657,50;;1,6500;;10,85;02;657,50;;7,6000;;49,97;CTA_MERC;Crédito
99999999000199;01/08/2026 a 31/08/2026;C100/C170;1;00;PART029;99000000290001;;CLIENTE SINTETICO 029;RS;20111;1;35260899000000290001554110000201111700201112;24/08/2026;24/08/2026;2245,50;0,00;2245,50;0,00;0,00;0,00;1;ITEM008;MERCADORIA SINTETICA C 0220;ITEM OU SERVICO SINTETICO 008;;;;09;591,50;5,000;UN;0,00;;6102;Venda de mercadoria adquirida ou recebida de terceiros, ou qualquer venda de mercadoria efetuada pelo MEI com exceção das saídas classificadas nos códigos 6.501, 6.502, 6.504 e 6.505.;;;;;;;;;;;;;04;0,00;;0,0000;;0,00;04;0,00;;0,0000;;0,00;CTA_MERC;Débito
99999999000199;01/08/2026 a 31/08/2026;C100/C170;1;00;PART029;99000000290001;;CLIENTE SINTETICO 029;RS;20111;1;35260899000000290001554110000201111700201112;24/08/2026;24/08/2026;2245,50;0,00;2245,50;0,00;0,00;0,00;2;ITEM009;MERCADORIA SINTETICA C 0221;ITEM OU SERVICO SINTETICO 009;84000009;;;00;748,50;6,000;UN;0,00;;6404;Venda de mercadoria sujeita ao regime de substituição tributária, cujo imposto já tenha sido retido anteriormente.;;;;;;;;;;;;;06;0,00;;0,0000;;0,00;06;0,00;;0,0000;;0,00;CTA_MERC;Débito
99999999000199;01/08/2026 a 31/08/2026;C100/C170;1;00;PART029;99000000290001;;CLIENTE SINTETICO 029;RS;20111;1;35260899000000290001554110000201111700201112;24/08/2026;24/08/2026;2245,50;0,00;2245,50;0,00;0,00;0,00;3;ITEM010;MERCADORIA SINTETICA C 0222;ITEM OU SERVICO SINTETICO 010;84000010;;;00;905,50;7,000;UN;0,00;;5101;Venda de produção do estabelecimento.;;;;;;;;;;;;;07;0,00;;0,0000;;0,00;07;0,00;;0,0000;;0,00;CTA_MERC;Débito
99999999000199;01/08/2026 a 31/08/2026;C100/C170;1;00;PART030;99000000300001;;CLIENTE SINTETICO 030;SP;20112;1;35260899000000300001554120000201121700201120;27/08/2026;27/08/2026;682,50;0,00;682,50;0,00;0,00;0,00;1;ITEM011;MERCADORIA SINTETICA C 0223;ITEM OU SERVICO SINTETICO 011;84000011;;;00;682,50;8,000;UN;0,00;;5102;Venda de mercadoria adquirida ou recebida de terceiros, ou qualquer venda de mercadoria efetuada pelo MEI com exceção das saídas classificadas nos códigos 5.501, 5.502, 5.504 e 5.505.;;;;;;;;;;;;;07;0,00;;0,0000;;0,00;07;0,00;;0,0000;;0,00;CTA_MERC;Débito
99999999000199;01/08/2026 a 31/08/2026;C100/C170;1;00;PART001;99000000010001;;FORNECEDOR SINTETICO 001;RJ;20113;1;35260899000000010001554130000201131700201133;30/08/2026;30/08/2026;1704,00;0,00;1704,00;0,00;0,00;0,00;1;ITEM012;MERCADORIA SINTETICA C 0224;ITEM OU SERVICO SINTETICO 012;84000012;;;00;773,50;1,000;UN;0,00;;5405;Venda de mercadoria adquirida ou recebida de terceiros em operação com mercadoria sujeita ao regime de substituição tributária, na condição de contribuinte substituído.;;;;;;;;;;;;;49;773,50;;1,6500;;12,76;49;773,50;;7,6000;;58,79;CTA_MERC;Débito
99999999000199;01/08/2026 a 31/08/2026;C100/C170;1;00;PART001;99000000010001;;FORNECEDOR SINTETICO 001;RJ;20113;1;35260899000000010001554130000201131700201133;30/08/2026;30/08/2026;1704,00;0,00;1704,00;0,00;0,00;0,00;2;ITEM013;MERCADORIA SINTETICA C 0225;ITEM OU SERVICO SINTETICO 013;84000013;;;00;930,50;2,000;UN;0,00;;6101;Venda de produção do estabelecimento.;;;;;;;;;;;;;50;930,50;;1,6500;;15,35;50;930,50;;7,6000;;70,72;CTA_MERC;Débito
99999999000199;01/08/2026 a 31/08/2026;C100/C170;1;00;PART002;99000000020001;;FORNECEDOR SINTETICO 002;MG;20114;1;35260899000000020001554140000201141700201140;02/08/2026;02/08/2026;3064,50;0,00;3064,50;0,00;0,00;0,00;1;ITEM014;MERCADORIA SINTETICA C 0226;ITEM OU SERVICO SINTETICO 014;84000014;;;00;864,50;3,000;UN;0,00;;6102;Venda de mercadoria adquirida ou recebida de terceiros, ou qualquer venda de mercadoria efetuada pelo MEI com exceção das saídas classificadas nos códigos 6.501, 6.502, 6.504 e 6.505.;;;;;;;;;;;;;51;864,50;;1,6500;;14,26;51;864,50;;7,6000;;65,70;CTA_MERC;Débito
99999999000199;01/08/2026 a 31/08/2026;C100/C170;1;00;PART002;99000000020001;;FORNECEDOR SINTETICO 002;MG;20114;1;35260899000000020001554140000201141700201140;02/08/2026;02/08/2026;3064,50;0,00;3064,50;0,00;0,00;0,00;2;ITEM015;MERCADORIA SINTETICA C 0227;ITEM OU SERVICO SINTETICO 015;84000015;;;00;1021,50;4,000;UN;0,00;;6404;Venda de mercadoria sujeita ao regime de substituição tributária, cujo imposto já tenha sido retido anteriormente.;;;;;;;;;;;;;60;0,00;;0,0000;;0,00;60;0,00;;0,0000;;0,00;CTA_MERC;Débito
99999999000199;01/08/2026 a 31/08/2026;C100/C170;1;00;PART002;99000000020001;;FORNECEDOR SINTETICO 002;MG;20114;1;35260899000000020001554140000201141700201140;02/08/2026;02/08/2026;3064,50;0,00;3064,50;0,00;0,00;0,00;3;ITEM016;MERCADORIA SINTETICA C 0228;ITEM OU SERVICO SINTETICO 016;84000016;;;00;1178,50;5,000;UN;0,00;;5101;Venda de produção do estabelecimento.;;;;;;;;;;;;;70;1178,50;;1,6500;;19,45;70;1178,50;;7,6000;;89,57;CTA_MERC;Débito
99999999000199;01/08/2026 a 31/08/2026;C100/C170;0;00;PART003;99000000030001;;FORNECEDOR SINTETICO 003;PR;20115;1;35260899000000030001554150000201151700201158;05/08/2026;05/08/2026;955,50;0,00;955,50;0,00;0,00;0,00;1;ITEM017;MERCADORIA SINTETICA C 0229;ITEM OU SERVICO SINTETICO 017;84000017;;;00;955,50;6,000;UN;0,00;;1102;Compra para comercialização.;;;;;;;;;;;;;70;955,50;;1,6500;;15,77;70;955,50;;7,6000;;72,62;CTA_MERC;Crédito
99999999000199;01/08/2026 a 31/08/2026;C100/C170;1;00;PART004;99000000040001;;FORNECEDOR SINTETICO 004;SC;20116;1;35260899000000040001554160000201161700201165;08/08/2026;08/08/2026;2250,00;0,00;2250,00;0,00;0,00;0,00;1;ITEM018;MERCADORIA SINTETICA C 0230;ITEM OU SERVICO SINTETICO 018;84000018;;;00;1046,50;7,000;UN;0,00;;5405;Venda de mercadoria adquirida ou recebida de terceiros em operação com mercadoria sujeita ao regime de substituição tributária, na condição de contribuinte substituído.;;;;;;;;;;;;;98;1046,50;;1,6500;;17,27;98;1046,50;;7,6000;;79,53;CTA_MERC;Débito
99999999000199;01/08/2026 a 31/08/2026;C100/C170;1;00;PART004;99000000040001;;FORNECEDOR SINTETICO 004;SC;20116;1;35260899000000040001554160000201161700201165;08/08/2026;08/08/2026;2250,00;0,00;2250,00;0,00;0,00;0,00;2;ITEM019;MERCADORIA SINTETICA C 0231;ITEM OU SERVICO SINTETICO 019;84000019;;;00;1203,50;8,000;UN;0,00;;6101;Venda de produção do estabelecimento.;;;;;;;;;;;;;01;1203,50;;1,6500;;19,86;01;1203,50;;7,6000;;91,47;CTA_MERC;Débito
99999999000199;01/08/2026 a 31/08/2026;C100/C170;1;00;PART005;99000000050001;;FORNECEDOR SINTETICO 005;RS;20117;1;35260899000000050001554170000201171700201172;11/08/2026;11/08/2026;3883,50;0,00;3883,50;0,00;0,00;0,00;1;ITEM020;MERCADORIA SINTETICA C 0232;ITEM OU SERVICO SINTETICO 020;84000020;;;00;1137,50;1,000;UN;0,00;;6102;Venda de mercadoria adquirida ou recebida de terceiros, ou qualquer venda de mercadoria efetuada pelo MEI com exceção das saídas classificadas nos códigos 6.501, 6.502, 6.504 e 6.505.;;;;;;;;;;;;;02;1137,50;;1,6500;;18,77;02;1137,50;;7,6000;;86,45;CTA_MERC;Débito
99999999000199;01/08/2026 a 31/08/2026;C100/C170;1;00;PART005;99000000050001;;FORNECEDOR SINTETICO 005;RS;20117;1;35260899000000050001554170000201171700201172;11/08/2026;11/08/2026;3883,50;0,00;3883,50;0,00;0,00;0,00;2;ITEM001;MERCADORIA SINTETICA C 0233;ITEM OU SERVICO SINTETICO 001;;;;09;1294,50;2,000;UN;0,00;;6404;Venda de mercadoria sujeita ao regime de substituição tributária, cujo imposto já tenha sido retido anteriormente.;;;;;;;;;;;;;04;0,00;;0,0000;;0,00;04;0,00;;0,0000;;0,00;CTA_MERC;Débito
99999999000199;01/08/2026 a 31/08/2026;C100/C170;1;00;PART005;99000000050001;;FORNECEDOR SINTETICO 005;RS;20117;1;35260899000000050001554170000201171700201172;11/08/2026;11/08/2026;3883,50;0,00;3883,50;0,00;0,00;0,00;3;ITEM002;MERCADORIA SINTETICA C 0234;ITEM OU SERVICO SINTETICO 002;;;;09;1451,50;3,000;UN;0,00;;5101;Venda de produção do estabelecimento.;;;;;;;;;;;;;06;0,00;;0,0000;;0,00;06;0,00;;0,0000;;0,00;CTA_MERC;Débito
99999999000199;01/08/2026 a 31/08/2026;C100/C170;1;00;PART006;99000000060001;;FORNECEDOR SINTETICO 006;SP;20118;1;35260899000000060001554180000201181700201180;14/08/2026;14/08/2026;1228,50;0,00;1228,50;0,00;0,00;0,00;1;ITEM003;MERCADORIA SINTETICA C 0235;ITEM OU SERVICO SINTETICO 003;;;;09;1228,50;4,000;UN;0,00;;5102;Venda de mercadoria adquirida ou recebida de terceiros, ou qualquer venda de mercadoria efetuada pelo MEI com exceção das saídas classificadas nos códigos 5.501, 5.502, 5.504 e 5.505.;;;;;;;;;;;;;06;0,00;;0,0000;;0,00;06;0,00;;0,0000;;0,00;CTA_MERC;Débito
99999999000199;01/08/2026 a 31/08/2026;C100/C170;1;00;PART007;99000000070001;;FORNECEDOR SINTETICO 007;RJ;20119;1;35260899000000070001554190000201191700201197;17/08/2026;17/08/2026;2796,00;0,00;2796,00;0,00;0,00;0,00;1;ITEM004;MERCADORIA SINTETICA C 0236;ITEM OU SERVICO SINTETICO 004;;;;09;1319,50;5,000;UN;0,00;;5405;Venda de mercadoria adquirida ou recebida de terceiros em operação com mercadoria sujeita ao regime de substituição tributária, na condição de contribuinte substituído.;;;;;;;;;;;;;08;0,00;;0,0000;;0,00;08;0,00;;0,0000;;0,00;CTA_MERC;Débito
99999999000199;01/08/2026 a 31/08/2026;C100/C170;1;00;PART007;99000000070001;;FORNECEDOR SINTETICO 007;RJ;20119;1;35260899000000070001554190000201191700201197;17/08/2026;17/08/2026;2796,00;0,00;2796,00;0,00;0,00;0,00;2;ITEM005;MERCADORIA SINTETICA C 0237;ITEM OU SERVICO SINTETICO 005;;;;09;1476,50;6,000;UN;0,00;;6101;Venda de produção do estabelecimento.;;;;;;;;;;;;;49;1476,50;;1,6500;;24,36;49;1476,50;;7,6000;;112,21;CTA_MERC;Débito
99999999000199;01/08/2026 a 31/08/2026;C100/C170;0;00;PART008;99000000080001;;FORNECEDOR SINTETICO 008;MG;20120;1;35260899000000080001554200000201201700201205;20/08/2026;20/08/2026;4702,50;0,00;4702,50;0,00;0,00;0,00;1;ITEM006;MERCADORIA SINTETICA C 0238;ITEM OU SERVICO SINTETICO 006;;;;09;1410,50;7,000;UN;0,00;;2102;Compra para comercialização.;;;;;;;;;;;;;50;1410,50;;1,6500;;23,27;50;1410,50;;7,6000;;107,20;CTA_MERC;Crédito
99999999000199;01/08/2026 a 31/08/2026;C100/C170;0;00;PART008;99000000080001;;FORNECEDOR SINTETICO 008;MG;20120;1;35260899000000080001554200000201201700201205;20/08/2026;20/08/2026;4702,50;0,00;4702,50;0,00;0,00;0,00;2;ITEM007;MERCADORIA SINTETICA C 0239;ITEM OU SERVICO SINTETICO 007;;;;09;1567,50;8,000;UN;0,00;;2403;Compra para comercialização em operação com mercadoria sujeita ao regime de substituição tributária.;;;;;;;;;;;;;51;1567,50;;1,6500;;25,86;51;1567,50;;7,6000;;119,13;CTA_MERC;Crédito
99999999000199;01/08/2026 a 31/08/2026;C100/C170;0;00;PART008;99000000080001;;FORNECEDOR SINTETICO 008;MG;20120;1;35260899000000080001554200000201201700201205;20/08/2026;20/08/2026;4702,50;0,00;4702,50;0,00;0,00;0,00;3;ITEM008;MERCADORIA SINTETICA C 0240;ITEM OU SERVICO SINTETICO 008;;;;09;1724,50;1,000;UN;0,00;;1101;Compra para industrialização ou produção rural.;;;;;;;;;;;;;60;0,00;;0,0000;;0,00;60;0,00;;0,0000;;0,00;CTA_MERC;Crédito
99999999000199;01/08/2026 a 31/08/2026;F100;1;;PART016;99000000160001;;CLIENTE SINTETICO 016;SC;DOC-F100-000003;;;22/08/2026;22/08/2026;;;518,25;;;;;;OPERACAO SINTETICA F100 0003;;;31;;;;;;;04;;;;;;;;;;;;;;;06;0,00;;0,0000;;0,00;06;0,00;;0,0000;;0,00;CTA_OUTRAS;Débito
99999999000199;01/08/2026 a 31/08/2026;F100;1;;PART001;99000000010001;;FORNECEDOR SINTETICO 001;RJ;DOC-F100-000006;;;12/08/2026;12/08/2026;;;911,25;;;;;;OPERACAO SINTETICA F100 0006;;;31;;;;;;;14;;;;;;;;;;;;;;;49;911,25;;1,6500;;15,04;49;911,25;;7,6000;;69,26;CTA_OUTRAS;Débito
99999999000199;01/08/2026 a 31/08/2026;F100;1;;PART016;99000000160001;;CLIENTE SINTETICO 016;SC;DOC-F100-000009;;;02/08/2026;02/08/2026;;;1304,25;;;;;;OPERACAO SINTETICA F100 0009;;;31;;;;;;;18;;;;;;;;;;;;;;;60;0,00;;0,0000;;0,00;60;0,00;;0,0000;;0,00;CTA_OUTRAS;Débito
99999999000199;01/08/2026 a 31/08/2026;F100;1;;PART001;99000000010001;;FORNECEDOR SINTETICO 001;RJ;DOC-F100-000012;;;23/08/2026;23/08/2026;;;1697,25;;;;;;OPERACAO SINTETICA F100 0012;;;31;;;;;;;03;;;;;;;;;;;;;;;98;1697,25;;1,6500;;28,00;98;1697,25;;7,6000;;128,99;CTA_OUTRAS;Débito
99999999000199;01/08/2026 a 31/08/2026;F100;1;;PART016;99000000160001;;CLIENTE SINTETICO 016;SC;DOC-F100-000015;;;13/08/2026;13/08/2026;;;2090,25;;;;;;OPERACAO SINTETICA F100 0015;;;31;;;;;;;13;;;;;;;;;;;;;;;02;2090,25;;1,6500;;34,49;02;2090,25;;7,6000;;158,86;CTA_OUTRAS;Débito
99999999000199;01/08/2026 a 31/08/2026;F100;1;;PART001;99000000010001;;FORNECEDOR SINTETICO 001;RJ;DOC-F100-000018;;;03/08/2026;03/08/2026;;;2483,25;;;;;;OPERACAO SINTETICA F100 0018;;;31;;;;;;;17;;;;;;;;;;;;;;;07;0,00;;0,0000;;0,00;07;0,00;;0,0000;;0,00;CTA_OUTRAS;Débito
99999999000199;01/08/2026 a 31/08/2026;F100;1;;PART016;99000000160001;;CLIENTE SINTETICO 016;SC;DOC-F100-000021;;;24/08/2026;24/08/2026;;;2876,25;;;;;;OPERACAO SINTETICA F100 0021;;;31;;;;;;;02;;;;;;;;;;;;;;;50;2876,25;;1,6500;;47,46;50;2876,25;;7,6000;;218,60;CTA_OUTRAS;Débito
99999999000199;01/08/2026 a 31/08/2026;F100;1;;PART001;99000000010001;;FORNECEDOR SINTETICO 001;RJ;DOC-F100-000024;;;14/08/2026;14/08/2026;;;3269,25;;;;;;OPERACAO SINTETICA F100 0024;;;31;;;;;;;09;;;;;;;;;;;;;;;70;3269,25;;1,6500;;53,94;70;3269,25;;7,6000;;248,46;CTA_OUTRAS;Débito
99999999000199;01/08/2026 a 31/08/2026;F100;1;;PART016;99000000160001;;CLIENTE SINTETICO 016;SC;DOC-F100-000027;;;04/08/2026;04/08/2026;;;3662,25;;;;;;OPERACAO SINTETICA F100 0027;;;31;;;;;;;16;;;;;;;;;;;;;;;99;3662,25;;1,6500;;60,43;99;3662,25;;7,6000;;278,33;CTA_OUTRAS;Débito
99999999000199;01/08/2026 a 31/08/2026;F100;1;;PART001;99000000010001;;FORNECEDOR SINTETICO 001;RJ;DOC-F100-000030;;;25/08/2026;25/08/2026;;;4055,25;;;;;;OPERACAO SINTETICA F100 0030;;;31;;;;;;;01;;;;;;;;;;;;;;;04;0,00;;0,0000;;0,00;04;0,00;;0,0000;;0,00;CTA_OUTRAS;Débito
99999999000199;01/08/2026 a 31/08/2026;F100;1;;PART016;99000000160001;;CLIENTE SINTETICO 016;SC;DOC-F100-000033;;;15/08/2026;15/08/2026;;;4448,25;;;;;;OPERACAO SINTETICA F100 0033;;;31;;;;;;;04;;;;;;;;;;;;;;;08;0,00;;0,0000;;0,00;08;0,00;;0,0000;;0,00;CTA_OUTRAS;Débito
99999999000199;01/08/2026 a 31/08/2026;F100;1;;PART001;99000000010001;;FORNECEDOR SINTETICO 001;RJ;DOC-F100-000036;;;05/08/2026;05/08/2026;;;4841,25;;;;;;OPERACAO SINTETICA F100 0036;;;31;;;;;;;14;;;;;;;;;;;;;;;51;4841,25;;1,6500;;79,88;51;4841,25;;7,6000;;367,94;CTA_OUTRAS;Débito
99999999000199;01/08/2026 a 31/08/2026;F100;1;;PART016;99000000160001;;CLIENTE SINTETICO 016;SC;DOC-F100-000039;;;26/08/2026;26/08/2026;;;5234,25;;;;;;OPERACAO SINTETICA F100 0039;;;31;;;;;;;18;;;;;;;;;;;;;;;73;5234,25;;1,6500;;86,37;73;5234,25;;7,6000;;397,80;CTA_OUTRAS;Débito
99999999000199;01/08/2026 a 31/08/2026;F100;1;;PART001;99000000010001;;FORNECEDOR SINTETICO 001;RJ;DOC-F100-000042;;;16/08/2026;16/08/2026;;;5627,25;;;;;;OPERACAO SINTETICA F100 0042;;;31;;;;;;;03;;;;;;;;;;;;;;;01;5627,25;;1,6500;;92,85;01;5627,25;;7,6000;;427,67;CTA_OUTRAS;Débito
99999999000199;01/08/2026 a 31/08/2026;F100;1;;PART016;99000000160001;;CLIENTE SINTETICO 016;SC;DOC-F100-000045;;;06/08/2026;06/08/2026;;;6020,25;;;;;;OPERACAO SINTETICA F100 0045;;;31;;;;;;;13;;;;;;;;;;;;;;;06;0,00;;0,0000;;0,00;06;0,00;;0,0000;;0,00;CTA_OUTRAS;Débito
99999999000199;01/08/2026 a 31/08/2026;F100;1;;PART001;99000000010001;;FORNECEDOR SINTETICO 001;RJ;DOC-F100-000048;;;27/08/2026;27/08/2026;;;6413,25;;;;;;OPERACAO SINTETICA F100 0048;;;31;;;;;;;17;;;;;;;;;;;;;;;49;6413,25;;1,6500;;105,82;49;6413,25;;7,6000;;487,41;CTA_OUTRAS;Débito
99999999000199;01/08/2026 a 31/08/2026;F100;1;;PART016;99000000160001;;CLIENTE SINTETICO 016;SC;DOC-F100-000051;;;17/08/2026;17/08/2026;;;306,25;;;;;;OPERACAO SINTETICA F100 0051;;;31;;;;;;;02;;;;;;;;;;;;;;;60;0,00;;0,0000;;0,00;60;0,00;;0,0000;;0,00;CTA_OUTRAS;Débito
99999999000199;01/08/2026 a 31/08/2026;F100;1;;PART001;99000000010001;;FORNECEDOR SINTETICO 001;RJ;DOC-F100-000054;;;07/08/2026;07/08/2026;;;699,25;;;;;;OPERACAO SINTETICA F100 0054;;;31;;;;;;;09;;;;;;;;;;;;;;;98;699,25;;1,6500;;11,54;98;699,25;;7,6000;;53,14;CTA_OUTRAS;Débito
99999999000199;01/08/2026 a 31/08/2026;F100;1;;PART016;99000000160001;;CLIENTE SINTETICO 016;SC;DOC-F100-000057;;;28/08/2026;28/08/2026;;;1092,25;;;;;;OPERACAO SINTETICA F100 0057;;;31;;;;;;;16;;;;;;;;;;;;;;;02;1092,25;;1,6500;;18,02;02;1092,25;;7,6000;;83,01;CTA_OUTRAS;Débito
99999999000199;01/08/2026 a 31/08/2026;F100;1;;PART001;99000000010001;;FORNECEDOR SINTETICO 001;RJ;DOC-F100-000060;;;18/08/2026;18/08/2026;;;1485,25;;;;;;OPERACAO SINTETICA F100 0060;;;31;;;;;;;01;;;;;;;;;;;;;;;07;0,00;;0,0000;;0,00;07;0,00;;0,0000;;0,00;CTA_OUTRAS;Débito
99999999000199;01/08/2026 a 31/08/2026;F100;1;;PART016;99000000160001;;CLIENTE SINTETICO 016;SC;DOC-F100-000063;;;08/08/2026;08/08/2026;;;1878,25;;;;;;OPERACAO SINTETICA F100 0063;;;31;;;;;;;04;;;;;;;;;;;;;;;50;1878,25;;1,6500;;30,99;50;1878,25;;7,6000;;142,75;CTA_OUTRAS;Débito
99999999000199;01/08/2026 a 31/08/2026;F100;1;;PART001;99000000010001;;FORNECEDOR SINTETICO 001;RJ;DOC-F100-000066;;;29/08/2026;29/08/2026;;;2271,25;;;;;;OPERACAO SINTETICA F100 0066;;;31;;;;;;;14;;;;;;;;;;;;;;;70;2271,25;;1,6500;;37,48;70;2271,25;;7,6000;;172,62;CTA_OUTRAS;Débito
99999999000199;01/08/2026 a 31/08/2026;F100;1;;PART016;99000000160001;;CLIENTE SINTETICO 016;SC;DOC-F100-000069;;;19/08/2026;19/08/2026;;;2664,25;;;;;;OPERACAO SINTETICA F100 0069;;;31;;;;;;;18;;;;;;;;;;;;;;;99;2664,25;;1,6500;;43,96;99;2664,25;;7,6000;;202,48;CTA_OUTRAS;Débito
99999999000199;01/08/2026 a 31/08/2026;F100;1;;PART001;99000000010001;;FORNECEDOR SINTETICO 001;RJ;DOC-F100-000072;;;09/08/2026;09/08/2026;;;3057,25;;;;;;OPERACAO SINTETICA F100 0072;;;31;;;;;;;03;;;;;;;;;;;;;;;04;0,00;;0,0000;;0,00;04;0,00;;0,0000;;0,00;CTA_OUTRAS;Débito
99999999000199;01/08/2026 a 31/08/2026;F100;1;;PART016;99000000160001;;CLIENTE SINTETICO 016;SC;DOC-F100-000075;;;30/08/2026;30/08/2026;;;3450,25;;;;;;OPERACAO SINTETICA F100 0075;;;31;;;;;;;13;;;;;;;;;;;;;;;08;0,00;;0,0000;;0,00;08;0,00;;0,0000;;0,00;CTA_OUTRAS;Débito
99999999000199;01/08/2026 a 31/08/2026;F100;1;;PART001;99000000010001;;FORNECEDOR SINTETICO 001;RJ;DOC-F100-000078;;;20/08/2026;20/08/2026;;;3843,25;;;;;;OPERACAO SINTETICA F100 0078;;;31;;;;;;;17;;;;;;;;;;;;;;;51;3843,25;;1,6500;;63,41;51;3843,25;;7,6000;;292,09;CTA_OUTRAS;Débito
99999999000199;01/08/2026 a 31/08/2026;F100;1;;PART016;99000000160001;;CLIENTE SINTETICO 016;SC;DOC-F100-000081;;;10/08/2026;10/08/2026;;;4236,25;;;;;;OPERACAO SINTETICA F100 0081;;;31;;;;;;;02;;;;;;;;;;;;;;;73;4236,25;;1,6500;;69,90;73;4236,25;;7,6000;;321,96;CTA_OUTRAS;Débito
99999999000199;01/08/2026 a 31/08/2026;F100;1;;PART001;99000000010001;;FORNECEDOR SINTETICO 001;RJ;DOC-F100-000084;;;31/08/2026;31/08/2026;;;4629,25;;;;;;OPERACAO SINTETICA F100 0084;;;31;;;;;;;09;;;;;;;;;;;;;;;01;4629,25;;1,6500;;76,38;01;4629,25;;7,6000;;351,82;CTA_OUTRAS;Débito
99999999000199;01/08/2026 a 31/08/2026;F100;1;;PART016;99000000160001;;CLIENTE SINTETICO 016;SC;DOC-F100-000087;;;21/08/2026;21/08/2026;;;5022,25;;;;;;OPERACAO SINTETICA F100 0087;;;31;;;;;;;16;;;;;;;;;;;;;;;06;0,00;;0,0000;;0,00;06;0,00;;0,0000;;0,00;CTA_OUTRAS;Débito
99999999000199;01/08/2026 a 31/08/2026;F100;1;;PART001;99000000010001;;FORNECEDOR SINTETICO 001;RJ;DOC-F100-000090;;;11/08/2026;11/08/2026;;;5415,25;;;;;;OPERACAO SINTETICA F100 0090;;;31;;;;;;;01;;;;;;;;;;;;;;;49;5415,25;;1,6500;;89,35;49;5415,25;;7,6000;;411,56;CTA_OUTRAS;Débito
99999999000199;01/08/2026 a 31/08/2026;F100;1;;PART016;99000000160001;;CLIENTE SINTETICO 016;SC;DOC-F100-000093;;;01/08/2026;01/08/2026;;;5808,25;;;;;;OPERACAO SINTETICA F100 0093;;;31;;;;;;;04;;;;;;;;;;;;;;;60;0,00;;0,0000;;0,00;60;0,00;;0,0000;;0,00;CTA_OUTRAS;Débito
99999999000199;01/08/2026 a 31/08/2026;F100;1;;PART001;99000000010001;;FORNECEDOR SINTETICO 001;RJ;DOC-F100-000096;;;22/08/2026;22/08/2026;;;6201,25;;;;;;OPERACAO SINTETICA F100 0096;;;31;;;;;;;14;;;;;;;;;;;;;;;98;6201,25;;1,6500;;102,32;98;6201,25;;7,6000;;471,30;CTA_OUTRAS;Débito
99999999000199;01/08/2026 a 31/08/2026;F100;1;;PART016;99000000160001;;CLIENTE SINTETICO 016;SC;DOC-F100-000099;;;12/08/2026;12/08/2026;;;6594,25;;;;;;OPERACAO SINTETICA F100 0099;;;31;;;;;;;18;;;;;;;;;;;;;;;02;6594,25;;1,6500;;108,81;02;6594,25;;7,6000;;501,16;CTA_OUTRAS;Débito
99999999000199;01/08/2026 a 31/08/2026;F100;1;;PART001;99000000010001;;FORNECEDOR SINTETICO 001;RJ;DOC-F100-000102;;;02/08/2026;02/08/2026;;;487,25;;;;;;OPERACAO SINTETICA F100 0102;;;31;;;;;;;03;;;;;;;;;;;;;;;07;0,00;;0,0000;;0,00;07;0,00;;0,0000;;0,00;CTA_OUTRAS;Débito
99999999000199;01/08/2026 a 31/08/2026;F100;1;;PART016;99000000160001;;CLIENTE SINTETICO 016;SC;DOC-F100-000105;;;23/08/2026;23/08/2026;;;880,25;;;;;;OPERACAO SINTETICA F100 0105;;;31;;;;;;;13;;;;;;;;;;;;;;;50;880,25;;1,6500;;14,52;50;880,25;;7,6000;;66,90;CTA_OUTRAS;Débito
99999999000199;01/08/2026 a 31/08/2026;F100;1;;PART001;99000000010001;;FORNECEDOR SINTETICO 001;RJ;DOC-F100-000108;;;13/08/2026;13/08/2026;;;1273,25;;;;;;OPERACAO SINTETICA F100 0108;;;31;;;;;;;17;;;;;;;;;;;;;;;70;1273,25;;1,6500;;21,01;70;1273,25;;7,6000;;96,77;CTA_OUTRAS;Débito
99999999000199;01/08/2026 a 31/08/2026;F100;1;;PART016;99000000160001;;CLIENTE SINTETICO 016;SC;DOC-F100-000111;;;03/08/2026;03/08/2026;;;1666,25;;;;;;OPERACAO SINTETICA F100 0111;;;31;;;;;;;02;;;;;;;;;;;;;;;99;1666,25;;1,6500;;27,49;99;1666,25;;7,6000;;126,64;CTA_OUTRAS;Débito
99999999000199;01/08/2026 a 31/08/2026;F100;1;;PART001;99000000010001;;FORNECEDOR SINTETICO 001;RJ;DOC-F100-000114;;;24/08/2026;24/08/2026;;;2059,25;;;;;;OPERACAO SINTETICA F100 0114;;;31;;;;;;;09;;;;;;;;;;;;;;;04;0,00;;0,0000;;0,00;04;0,00;;0,0000;;0,00;CTA_OUTRAS;Débito
99999999000199;01/08/2026 a 31/08/2026;F550;1;;;;;;;;;;;;;;373,75;;;;;;CONSOLIDACAO SINTETICA 0001;;;;;;;;;;;5102;Venda de mercadoria adquirida ou recebida de terceiros, ou qualquer venda de mercadoria efetuada pelo MEI com exceção das saídas classificadas nos códigos 5.501, 5.502, 5.504 e 5.505.;;;;;;;;;;;;;06;0,00;;0,0000;;0,00;06;0,00;;0,0000;;0,00;CTA_RECEITA;
99999999000199;01/08/2026 a 31/08/2026;F550;1;;;;;;;;;;;;;;546,75;;;;;;CONSOLIDACAO SINTETICA 0002;;;;;;;;;;;5933;Prestação de serviço sujeita ao ISSQN.;;;;;;;;;;;;;49;546,75;;1,6500;;9,02;49;546,75;;7,6000;;41,55;CTA_RECEITA;
99999999000199;01/08/2026 a 31/08/2026;F550;1;;;;;;;;;;;;;;719,75;;;;;;CONSOLIDACAO SINTETICA 0003;;;;;;;;;;;6101;Venda de produção do estabelecimento.;;;;;;;;;;;;;60;0,00;;0,0000;;0,00;60;0,00;;0,0000;;0,00;CTA_RECEITA;
99999999000199;01/08/2026 a 31/08/2026;F550;1;;;;;;;;;;;;;;892,75;;;;;;CONSOLIDACAO SINTETICA 0004;;;;;;;;;;;6102;Venda de mercadoria adquirida ou recebida de terceiros, ou qualquer venda de mercadoria efetuada pelo MEI com exceção das saídas classificadas nos códigos 6.501, 6.502, 6.504 e 6.505.;;;;;;;;;;;;;98;892,75;;0,6500;;5,80;98;892,75;;3,0000;;26,78;CTA_RECEITA;
99999999000199;01/08/2026 a 31/08/2026;F550;1;;;;;;;;;;;;;;1065,75;;;;;;CONSOLIDACAO SINTETICA 0005;;;;;;;;;;;6933;Prestação de serviço sujeita ao ISSQN.;;;;;;;;;;;;;02;1065,75;;1,6500;;17,58;02;1065,75;;7,6000;;81,00;CTA_RECEITA;Débito
99999999000199;01/08/2026 a 31/08/2026;F550;1;;;;;;;;;;;;;;1238,75;;;;;;CONSOLIDACAO SINTETICA 0006;;;;;;;;;;;5101;Venda de produção do estabelecimento.;;;;;;;;;;;;;07;0,00;;0,0000;;0,00;07;0,00;;0,0000;;0,00;CTA_RECEITA;
99999999000199;01/08/2026 a 31/08/2026;F550;1;;;;;;;;;;;;;;1411,75;;;;;;CONSOLIDACAO SINTETICA 0007;;;;;;;;;;;5102;Venda de mercadoria adquirida ou recebida de terceiros, ou qualquer venda de mercadoria efetuada pelo MEI com exceção das saídas classificadas nos códigos 5.501, 5.502, 5.504 e 5.505.;;;;;;;;;;;;;50;1411,75;;1,6500;;23,29;50;1411,75;;7,6000;;107,29;CTA_RECEITA;
99999999000199;01/08/2026 a 31/08/2026;F550;1;;;;;;;;;;;;;;1584,75;;;;;;CONSOLIDACAO SINTETICA 0008;;;;;;;;;;;5933;Prestação de serviço sujeita ao ISSQN.;;;;;;;;;;;;;70;1584,75;;0,6500;;10,30;70;1584,75;;3,0000;;47,54;CTA_RECEITA;
99999999000199;01/08/2026 a 31/08/2026;F550;1;;;;;;;;;;;;;;1757,75;;;;;;CONSOLIDACAO SINTETICA 0009;;;;;;;;;;;6101;Venda de produção do estabelecimento.;;;;;;;;;;;;;99;1757,75;;1,6500;;29,00;99;1757,75;;7,6000;;133,59;CTA_RECEITA;
99999999000199;01/08/2026 a 31/08/2026;F550;1;;;;;;;;;;;;;;1930,75;;;;;;CONSOLIDACAO SINTETICA 0010;;;;;;;;;;;6102;Venda de mercadoria adquirida ou recebida de terceiros, ou qualquer venda de mercadoria efetuada pelo MEI com exceção das saídas classificadas nos códigos 6.501, 6.502, 6.504 e 6.505.;;;;;;;;;;;;;04;0,00;;0,0000;;0,00;04;0,00;;0,0000;;0,00;CTA_RECEITA;
99999999000199;01/08/2026 a 31/08/2026;F550;1;;;;;;;;;;;;;;2103,75;;;;;;CONSOLIDACAO SINTETICA 0011;;;;;;;;;;;6933;Prestação de serviço sujeita ao ISSQN.;;;;;;;;;;;;;08;0,00;;0,0000;;0,00;08;0,00;;0,0000;;0,00;CTA_RECEITA;
99999999000199;01/08/2026 a 31/08/2026;F550;1;;;;;;;;;;;;;;2276,75;;;;;;CONSOLIDACAO SINTETICA 0012;;;;;;;;;;;5101;Venda de produção do estabelecimento.;;;;;;;;;;;;;51;2276,75;;0,6500;;14,80;51;2276,75;;3,0000;;68,30;CTA_RECEITA;
99999999000199;01/08/2026 a 31/08/2026;F550;1;;;;;;;;;;;;;;2449,75;;;;;;CONSOLIDACAO SINTETICA 0013;;;;;;;;;;;5102;Venda de mercadoria adquirida ou recebida de terceiros, ou qualquer venda de mercadoria efetuada pelo MEI com exceção das saídas classificadas nos códigos 5.501, 5.502, 5.504 e 5.505.;;;;;;;;;;;;;73;2449,75;;1,6500;;40,42;73;2449,75;;7,6000;;186,18;CTA_RECEITA;
99999999000199;01/08/2026 a 31/08/2026;F550;1;;;;;;;;;;;;;;2622,75;;;;;;CONSOLIDACAO SINTETICA 0014;;;;;;;;;;;5933;Prestação de serviço sujeita ao ISSQN.;;;;;;;;;;;;;01;2622,75;;1,6500;;43,28;01;2622,75;;7,6000;;199,33;CTA_RECEITA;Débito
99999999000199;01/08/2026 a 31/08/2026;F550;1;;;;;;;;;;;;;;2795,75;;;;;;CONSOLIDACAO SINTETICA 0015;;;;;;;;;;;6101;Venda de produção do estabelecimento.;;;;;;;;;;;;;06;0,00;;0,0000;;0,00;06;0,00;;0,0000;;0,00;CTA_RECEITA;
99999999000199;01/08/2026 a 31/08/2026;F550;1;;;;;;;;;;;;;;2968,75;;;;;;CONSOLIDACAO SINTETICA 0016;;;;;;;;;;;6102;Venda de mercadoria adquirida ou recebida de terceiros, ou qualquer venda de mercadoria efetuada pelo MEI com exceção das saídas classificadas nos códigos 6.501, 6.502, 6.504 e 6.505.;;;;;;;;;;;;;49;2968,75;;0,6500;;19,30;49;2968,75;;3,0000;;89,06;CTA_RECEITA;
99999999000199;01/08/2026 a 31/08/2026;F550;1;;;;;;;;;;;;;;3141,75;;;;;;CONSOLIDACAO SINTETICA 0017;;;;;;;;;;;6933;Prestação de serviço sujeita ao ISSQN.;;;;;;;;;;;;;60;0,00;;0,0000;;0,00;60;0,00;;0,0000;;0,00;CTA_RECEITA;
99999999000199;01/08/2026 a 31/08/2026;F550;1;;;;;;;;;;;;;;3314,75;;;;;;CONSOLIDACAO SINTETICA 0018;;;;;;;;;;;5101;Venda de produção do estabelecimento.;;;;;;;;;;;;;98;3314,75;;1,6500;;54,69;98;3314,75;;7,6000;;251,92;CTA_RECEITA;
99999999000199;01/08/2026 a 31/08/2026;F550;1;;;;;;;;;;;;;;3487,75;;;;;;CONSOLIDACAO SINTETICA 0019;;;;;;;;;;;5102;Venda de mercadoria adquirida ou recebida de terceiros, ou qualquer venda de mercadoria efetuada pelo MEI com exceção das saídas classificadas nos códigos 5.501, 5.502, 5.504 e 5.505.;;;;;;;;;;;;;02;3487,75;;1,6500;;57,55;02;3487,75;;7,6000;;265,07;CTA_RECEITA;Débito
99999999000199;01/08/2026 a 31/08/2026;F550;1;;;;;;;;;;;;;;3660,75;;;;;;CONSOLIDACAO SINTETICA 0020;;;;;;;;;;;5933;Prestação de serviço sujeita ao ISSQN.;;;;;;;;;;;;;07;0,00;;0,0000;;0,00;07;0,00;;0,0000;;0,00;CTA_RECEITA;
99999999000199;01/08/2026 a 31/08/2026;F550;1;;;;;;;;;;;;;;3833,75;;;;;;CONSOLIDACAO SINTETICA 0021;;;;;;;;;;;6101;Venda de produção do estabelecimento.;;;;;;;;;;;;;50;3833,75;;1,6500;;63,26;50;3833,75;;7,6000;;291,37;CTA_RECEITA;
99999999000199;01/08/2026 a 31/08/2026;F550;1;;;;;;;;;;;;;;4006,75;;;;;;CONSOLIDACAO SINTETICA 0022;;;;;;;;;;;6102;Venda de mercadoria adquirida ou recebida de terceiros, ou qualquer venda de mercadoria efetuada pelo MEI com exceção das saídas classificadas nos códigos 6.501, 6.502, 6.504 e 6.505.;;;;;;;;;;;;;70;4006,75;;1,6500;;66,11;70;4006,75;;7,6000;;304,51;CTA_RECEITA;
99999999000199;01/08/2026 a 31/08/2026;F550;1;;;;;;;;;;;;;;4179,75;;;;;;CONSOLIDACAO SINTETICA 0023;;;;;;;;;;;6933;Prestação de serviço sujeita ao ISSQN.;;;;;;;;;;;;;99;4179,75;;1,6500;;68,97;99;4179,75;;7,6000;;317,66;CTA_RECEITA;
99999999000199;01/08/2026 a 31/08/2026;F550;1;;;;;;;;;;;;;;4352,75;;;;;;CONSOLIDACAO SINTETICA 0024;;;;;;;;;;;5101;Venda de produção do estabelecimento.;;;;;;;;;;;;;04;0,00;;0,0000;;0,00;04;0,00;;0,0000;;0,00;CTA_RECEITA;
99999999000199;01/08/2026 a 31/08/2026;F550;1;;;;;;;;;;;;;;4525,75;;;;;;CONSOLIDACAO SINTETICA 0025;;;;;;;;;;;5102;Venda de mercadoria adquirida ou recebida de terceiros, ou qualquer venda de mercadoria efetuada pelo MEI com exceção das saídas classificadas nos códigos 5.501, 5.502, 5.504 e 5.505.;;;;;;;;;;;;;08;0,00;;0,0000;;0,00;08;0,00;;0,0000;;0,00;CTA_RECEITA;
99999999000199;01/08/2026 a 31/08/2026;F550;1;;;;;;;;;;;;;;4698,75;;;;;;CONSOLIDACAO SINTETICA 0026;;;;;;;;;;;5933;Prestação de serviço sujeita ao ISSQN.;;;;;;;;;;;;;51;4698,75;;1,6500;;77,53;51;4698,75;;7,6000;;357,11;CTA_RECEITA;
99999999000199;01/08/2026 a 31/08/2026;F550;1;;;;;;;;;;;;;;4871,75;;;;;;CONSOLIDACAO SINTETICA 0027;;;;;;;;;;;6101;Venda de produção do estabelecimento.;;;;;;;;;;;;;73;4871,75;;1,6500;;80,38;73;4871,75;;7,6000;;370,25;CTA_RECEITA;
99999999000199;01/08/2026 a 31/08/2026;F550;1;;;;;;;;;;;;;;5044,75;;;;;;CONSOLIDACAO SINTETICA 0028;;;;;;;;;;;6102;Venda de mercadoria adquirida ou recebida de terceiros, ou qualquer venda de mercadoria efetuada pelo MEI com exceção das saídas classificadas nos códigos 6.501, 6.502, 6.504 e 6.505.;;;;;;;;;;;;;01;5044,75;;0,6500;;32,79;01;5044,75;;3,0000;;151,34;CTA_RECEITA;Débito
99999999000199;01/08/2026 a 31/08/2026;F550;1;;;;;;;;;;;;;;5217,75;;;;;;CONSOLIDACAO SINTETICA 0029;;;;;;;;;;;6933;Prestação de serviço sujeita ao ISSQN.;;;;;;;;;;;;;06;0,00;;0,0000;;0,00;06;0,00;;0,0000;;0,00;CTA_RECEITA;
99999999000199;01/08/2026 a 31/08/2026;F550;1;;;;;;;;;;;;;;5390,75;;;;;;CONSOLIDACAO SINTETICA 0030;;;;;;;;;;;5101;Venda de produção do estabelecimento.;;;;;;;;;;;;;49;5390,75;;1,6500;;88,95;49;5390,75;;7,6000;;409,70;CTA_RECEITA;
99999999000199;01/08/2026 a 31/08/2026;F550;1;;;;;;;;;;;;;;5563,75;;;;;;CONSOLIDACAO SINTETICA 0031;;;;;;;;;;;5102;Venda de mercadoria adquirida ou recebida de terceiros, ou qualquer venda de mercadoria efetuada pelo MEI com exceção das saídas classificadas nos códigos 5.501, 5.502, 5.504 e 5.505.;;;;;;;;;;;;;60;0,00;;0,0000;;0,00;60;0,00;;0,0000;;0,00;CTA_RECEITA;
99999999000199;01/08/2026 a 31/08/2026;F550;1;;;;;;;;;;;;;;5736,75;;;;;;CONSOLIDACAO SINTETICA 0032;;;;;;;;;;;5933;Prestação de serviço sujeita ao ISSQN.;;;;;;;;;;;;;98;5736,75;;0,6500;;37,29;98;5736,75;;3,0000;;172,10;CTA_RECEITA;
99999999000199;01/08/2026 a 31/08/2026;F550;1;;;;;;;;;;;;;;5909,75;;;;;;CONSOLIDACAO SINTETICA 0033;;;;;;;;;;;6101;Venda de produção do estabelecimento.;;;;;;;;;;;;;02;5909,75;;1,6500;;97,51;02;5909,75;;7,6000;;449,14;CTA_RECEITA;Débito
99999999000199;01/08/2026 a 31/08/2026;F550;1;;;;;;;;;;;;;;6082,75;;;;;;CONSOLIDACAO SINTETICA 0034;;;;;;;;;;;6102;Venda de mercadoria adquirida ou recebida de terceiros, ou qualquer venda de mercadoria efetuada pelo MEI com exceção das saídas classificadas nos códigos 6.501, 6.502, 6.504 e 6.505.;;;;;;;;;;;;;07;0,00;;0,0000;;0,00;07;0,00;;0,0000;;0,00;CTA_RECEITA;
99999999000199;01/08/2026 a 31/08/2026;F550;1;;;;;;;;;;;;;;6255,75;;;;;;CONSOLIDACAO SINTETICA 0035;;;;;;;;;;;6933;Prestação de serviço sujeita ao ISSQN.;;;;;;;;;;;;;50;6255,75;;1,6500;;103,22;50;6255,75;;7,6000;;475,44;CTA_RECEITA;
99999999000199;01/08/2026 a 31/08/2026;F550;1;;;;;;;;;;;;;;6428,75;;;;;;CONSOLIDACAO SINTETICA 0036;;;;;;;;;;;5101;Venda de produção do estabelecimento.;;;;;;;;;;;;;70;6428,75;;0,6500;;41,79;70;6428,75;;3,0000;;192,86;CTA_RECEITA;
99999999000199;01/08/2026 a 31/08/2026;F550;1;;;;;;;;;;;;;;6601,75;;;;;;CONSOLIDACAO SINTETICA 0037;;;;;;;;;;;5102;Venda de mercadoria adquirida ou recebida de terceiros, ou qualquer venda de mercadoria efetuada pelo MEI com exceção das saídas classificadas nos códigos 5.501, 5.502, 5.504 e 5.505.;;;;;;;;;;;;;99;6601,75;;1,6500;;108,93;99;6601,75;;7,6000;;501,73;CTA_RECEITA;
99999999000199;01/08/2026 a 31/08/2026;F550;1;;;;;;;;;;;;;;6774,75;;;;;;CONSOLIDACAO SINTETICA 0038;;;;;;;;;;;5933;Prestação de serviço sujeita ao ISSQN.;;;;;;;;;;;;;04;0,00;;0,0000;;0,00;04;0,00;;0,0000;;0,00;CTA_RECEITA;
99999999000199;01/08/2026 a 31/08/2026;F550;1;;;;;;;;;;;;;;6947,75;;;;;;CONSOLIDACAO SINTETICA 0039;;;;;;;;;;;6101;Venda de produção do estabelecimento.;;;;;;;;;;;;;08;0,00;;0,0000;;0,00;08;0,00;;0,0000;;0,00;CTA_RECEITA;
99999999000199;01/08/2026 a 31/08/2026;F550;1;;;;;;;;;;;;;;7120,75;;;;;;CONSOLIDACAO SINTETICA 0040;;;;;;;;;;;6102;Venda de mercadoria adquirida ou recebida de terceiros, ou qualquer venda de mercadoria efetuada pelo MEI com exceção das saídas classificadas nos códigos 6.501, 6.502, 6.504 e 6.505.;;;;;;;;;;;;;51;7120,75;;0,6500;;46,28;51;7120,75;;3,0000;;213,62;CTA_RECEITA;
99999999000199;01/08/2026 a 31/08/2026;F550;1;;;;;;;;;;;;;;7293,75;;;;;;CONSOLIDACAO SINTETICA 0041;;;;;;;;;;;6933;Prestação de serviço sujeita ao ISSQN.;;;;;;;;;;;;;73;7293,75;;1,6500;;120,35;73;7293,75;;7,6000;;554,33;CTA_RECEITA;
99999999000199;01/08/2026 a 31/08/2026;F550;1;;;;;;;;;;;;;;7466,75;;;;;;CONSOLIDACAO SINTETICA 0042;;;;;;;;;;;5101;Venda de produção do estabelecimento.;;;;;;;;;;;;;01;7466,75;;1,6500;;123,20;01;7466,75;;7,6000;;567,47;CTA_RECEITA;Débito
99999999000199;01/08/2026 a 31/08/2026;F550;1;;;;;;;;;;;;;;7639,75;;;;;;CONSOLIDACAO SINTETICA 0043;;;;;;;;;;;5102;Venda de mercadoria adquirida ou recebida de terceiros, ou qualquer venda de mercadoria efetuada pelo MEI com exceção das saídas classificadas nos códigos 5.501, 5.502, 5.504 e 5.505.;;;;;;;;;;;;;06;0,00;;0,0000;;0,00;06;0,00;;0,0000;;0,00;CTA_RECEITA;
99999999000199;01/08/2026 a 31/08/2026;F550;1;;;;;;;;;;;;;;7812,75;;;;;;CONSOLIDACAO SINTETICA 0044;;;;;;;;;;;5933;Prestação de serviço sujeita ao ISSQN.;;;;;;;;;;;;;49;7812,75;;0,6500;;50,78;49;7812,75;;3,0000;;234,38;CTA_RECEITA;
99999999000199;01/08/2026 a 31/08/2026;F550;1;;;;;;;;;;;;;;7985,75;;;;;;CONSOLIDACAO SINTETICA 0045;;;;;;;;;;;6101;Venda de produção do estabelecimento.;;;;;;;;;;;;;60;0,00;;0,0000;;0,00;60;0,00;;0,0000;;0,00;CTA_RECEITA;
99999999000199;01/08/2026 a 31/08/2026;F550;1;;;;;;;;;;;;;;8158,75;;;;;;CONSOLIDACAO SINTETICA 0046;;;;;;;;;;;6102;Venda de mercadoria adquirida ou recebida de terceiros, ou qualquer venda de mercadoria efetuada pelo MEI com exceção das saídas classificadas nos códigos 6.501, 6.502, 6.504 e 6.505.;;;;;;;;;;;;;98;8158,75;;1,6500;;134,62;98;8158,75;;7,6000;;620,07;CTA_RECEITA;
99999999000199;01/08/2026 a 31/08/2026;F550;1;;;;;;;;;;;;;;8331,75;;;;;;CONSOLIDACAO SINTETICA 0047;;;;;;;;;;;6933;Prestação de serviço sujeita ao ISSQN.;;;;;;;;;;;;;02;8331,75;;1,6500;;137,47;02;8331,75;;7,6000;;633,21;CTA_RECEITA;Débito
99999999000199;01/08/2026 a 31/08/2026;F550;1;;;;;;;;;;;;;;8504,75;;;;;;CONSOLIDACAO SINTETICA 0048;;;;;;;;;;;5101;Venda de produção do estabelecimento.;;;;;;;;;;;;;07;0,00;;0,0000;;0,00;07;0,00;;0,0000;;0,00;CTA_RECEITA;
99999999000199;01/08/2026 a 31/08/2026;F550;1;;;;;;;;;;;;;;8677,75;;;;;;CONSOLIDACAO SINTETICA 0049;;;;;;;;;;;5102;Venda de mercadoria adquirida ou recebida de terceiros, ou qualquer venda de mercadoria efetuada pelo MEI com exceção das saídas classificadas nos códigos 5.501, 5.502, 5.504 e 5.505.;;;;;;;;;;;;;50;8677,75;;1,6500;;143,18;50;8677,75;;7,6000;;659,51;CTA_RECEITA;
99999999000199;01/08/2026 a 31/08/2026;F550;1;;;;;;;;;;;;;;8850,75;;;;;;CONSOLIDACAO SINTETICA 0050;;;;;;;;;;;5933;Prestação de serviço sujeita ao ISSQN.;;;;;;;;;;;;;70;8850,75;;1,6500;;146,04;70;8850,75;;7,6000;;672,66;CTA_RECEITA;
99999999000199;01/08/2026 a 31/08/2026;F550;1;;;;;;;;;;;;;;9023,75;;;;;;CONSOLIDACAO SINTETICA 0051;;;;;;;;;;;6101;Venda de produção do estabelecimento.;;;;;;;;;;;;;99;9023,75;;1,6500;;148,89;99;9023,75;;7,6000;;685,81;CTA_RECEITA;
99999999000199;01/08/2026 a 31/08/2026;F550;1;;;;;;;;;;;;;;9196,75;;;;;;CONSOLIDACAO SINTETICA 0052;;;;;;;;;;;6102;Venda de mercadoria adquirida ou recebida de terceiros, ou qualquer venda de mercadoria efetuada pelo MEI com exceção das saídas classificadas nos códigos 6.501, 6.502, 6.504 e 6.505.;;;;;;;;;;;;;04;0,00;;0,0000;;0,00;04;0,00;;0,0000;;0,00;CTA_RECEITA;
99999999000199;01/08/2026 a 31/08/2026;F550;1;;;;;;;;;;;;;;269,75;;;;;;CONSOLIDACAO SINTETICA 0053;;;;;;;;;;;6933;Prestação de serviço sujeita ao ISSQN.;;;;;;;;;;;;;08;0,00;;0,0000;;0,00;08;0,00;;0,0000;;0,00;CTA_RECEITA;
99999999000199;01/08/2026 a 31/08/2026;F550;1;;;;;;;;;;;;;;442,75;;;;;;CONSOLIDACAO SINTETICA 0054;;;;;;;;;;;5101;Venda de produção do estabelecimento.;;;;;;;;;;;;;51;442,75;;1,6500;;7,31;51;442,75;;7,6000;;33,65;CTA_RECEITA;
99999999000199;01/08/2026 a 31/08/2026;F550;1;;;;;;;;;;;;;;615,75;;;;;;CONSOLIDACAO SINTETICA 0055;;;;;;;;;;;5102;Venda de mercadoria adquirida ou recebida de terceiros, ou qualquer venda de mercadoria efetuada pelo MEI com exceção das saídas classificadas nos códigos 5.501, 5.502, 5.504 e 5.505.;;;;;;;;;;;;;73;615,75;;1,6500;;10,16;73;615,75;;7,6000;;46,80;CTA_RECEITA;
99999999000199;01/08/2026 a 31/08/2026;F550;1;;;;;;;;;;;;;;788,75;;;;;;CONSOLIDACAO SINTETICA 0056;;;;;;;;;;;5933;Prestação de serviço sujeita ao ISSQN.;;;;;;;;;;;;;01;788,75;;0,6500;;5,13;01;788,75;;3,0000;;23,66;CTA_RECEITA;Débito
99999999000199;01/08/2026 a 31/08/2026;F550;1;;;;;;;;;;;;;;961,75;;;;;;CONSOLIDACAO SINTETICA 0057;;;;;;;;;;;6101;Venda de produção do estabelecimento.;;;;;;;;;;;;;06;0,00;;0,0000;;0,00;06;0,00;;0,0000;;0,00;CTA_RECEITA;
99999999000199;01/08/2026 a 31/08/2026;F550;1;;;;;;;;;;;;;;1134,75;;;;;;CONSOLIDACAO SINTETICA 0058;;;;;;;;;;;6102;Venda de mercadoria adquirida ou recebida de terceiros, ou qualquer venda de mercadoria efetuada pelo MEI com exceção das saídas classificadas nos códigos 6.501, 6.502, 6.504 e 6.505.;;;;;;;;;;;;;49;1134,75;;1,6500;;18,72;49;1134,75;;7,6000;;86,24;CTA_RECEITA;
99999999000199;01/08/2026 a 31/08/2026;F550;1;;;;;;;;;;;;;;1307,75;;;;;;CONSOLIDACAO SINTETICA 0059;;;;;;;;;;;6933;Prestação de serviço sujeita ao ISSQN.;;;;;;;;;;;;;60;0,00;;0,0000;;0,00;60;0,00;;0,0000;;0,00;CTA_RECEITA;
99999999000199;01/08/2026 a 31/08/2026;F550;1;;;;;;;;;;;;;;1480,75;;;;;;CONSOLIDACAO SINTETICA 0060;;;;;;;;;;;5101;Venda de produção do estabelecimento.;;;;;;;;;;;;;98;1480,75;;0,6500;;9,62;98;1480,75;;3,0000;;44,42;CTA_RECEITA;
99999999000199;01/08/2026 a 31/08/2026;F550;1;;;;;;;;;;;;;;1653,75;;;;;;CONSOLIDACAO SINTETICA 0061;;;;;;;;;;;5102;Venda de mercadoria adquirida ou recebida de terceiros, ou qualquer venda de mercadoria efetuada pelo MEI com exceção das saídas classificadas nos códigos 5.501, 5.502, 5.504 e 5.505.;;;;;;;;;;;;;02;1653,75;;1,6500;;27,29;02;1653,75;;7,6000;;125,69;CTA_RECEITA;Débito
99999999000199;01/08/2026 a 31/08/2026;F550;1;;;;;;;;;;;;;;1826,75;;;;;;CONSOLIDACAO SINTETICA 0062;;;;;;;;;;;5933;Prestação de serviço sujeita ao ISSQN.;;;;;;;;;;;;;07;0,00;;0,0000;;0,00;07;0,00;;0,0000;;0,00;CTA_RECEITA;
99999999000199;01/08/2026 a 31/08/2026;F550;1;;;;;;;;;;;;;;1999,75;;;;;;CONSOLIDACAO SINTETICA 0063;;;;;;;;;;;6101;Venda de produção do estabelecimento.;;;;;;;;;;;;;50;1999,75;;1,6500;;33,00;50;1999,75;;7,6000;;151,98;CTA_RECEITA;
99999999000199;01/08/2026 a 31/08/2026;F550;1;;;;;;;;;;;;;;2172,75;;;;;;CONSOLIDACAO SINTETICA 0064;;;;;;;;;;;6102;Venda de mercadoria adquirida ou recebida de terceiros, ou qualquer venda de mercadoria efetuada pelo MEI com exceção das saídas classificadas nos códigos 6.501, 6.502, 6.504 e 6.505.;;;;;;;;;;;;;70;2172,75;;0,6500;;14,12;70;2172,75;;3,0000;;65,18;CTA_RECEITA;
99999999000199;01/08/2026 a 31/08/2026;F550;1;;;;;;;;;;;;;;2345,75;;;;;;CONSOLIDACAO SINTETICA 0065;;;;;;;;;;;6933;Prestação de serviço sujeita ao ISSQN.;;;;;;;;;;;;;99;2345,75;;1,6500;;38,70;99;2345,75;;7,6000;;178,28;CTA_RECEITA;
99999999000199;01/08/2026 a 31/08/2026;F550;1;;;;;;;;;;;;;;2518,75;;;;;;CONSOLIDACAO SINTETICA 0066;;;;;;;;;;;5101;Venda de produção do estabelecimento.;;;;;;;;;;;;;04;0,00;;0,0000;;0,00;04;0,00;;0,0000;;0,00;CTA_RECEITA;
99999999000199;01/08/2026 a 31/08/2026;F550;1;;;;;;;;;;;;;;2691,75;;;;;;CONSOLIDACAO SINTETICA 0067;;;;;;;;;;;5102;Venda de mercadoria adquirida ou recebida de terceiros, ou qualquer venda de mercadoria efetuada pelo MEI com exceção das saídas classificadas nos códigos 5.501, 5.502, 5.504 e 5.505.;;;;;;;;;;;;;08;0,00;;0,0000;;0,00;08;0,00;;0,0000;;0,00;CTA_RECEITA;
99999999000199;01/08/2026 a 31/08/2026;F550;1;;;;;;;;;;;;;;2864,75;;;;;;CONSOLIDACAO SINTETICA 0068;;;;;;;;;;;5933;Prestação de serviço sujeita ao ISSQN.;;;;;;;;;;;;;51;2864,75;;0,6500;;18,62;51;2864,75;;3,0000;;85,94;CTA_RECEITA;
99999999000199;01/08/2026 a 31/08/2026;F550;1;;;;;;;;;;;;;;3037,75;;;;;;CONSOLIDACAO SINTETICA 0069;;;;;;;;;;;6101;Venda de produção do estabelecimento.;;;;;;;;;;;;;73;3037,75;;1,6500;;50,12;73;3037,75;;7,6000;;230,87;CTA_RECEITA;
99999999000199;01/08/2026 a 31/08/2026;F550;1;;;;;;;;;;;;;;3210,75;;;;;;CONSOLIDACAO SINTETICA 0070;;;;;;;;;;;6102;Venda de mercadoria adquirida ou recebida de terceiros, ou qualquer venda de mercadoria efetuada pelo MEI com exceção das saídas classificadas nos códigos 6.501, 6.502, 6.504 e 6.505.;;;;;;;;;;;;;01;3210,75;;1,6500;;52,98;01;3210,75;;7,6000;;244,02;CTA_RECEITA;Débito
99999999000199;01/08/2026 a 31/08/2026;F550;1;;;;;;;;;;;;;;3383,75;;;;;;CONSOLIDACAO SINTETICA 0071;;;;;;;;;;;6933;Prestação de serviço sujeita ao ISSQN.;;;;;;;;;;;;;06;0,00;;0,0000;;0,00;06;0,00;;0,0000;;0,00;CTA_RECEITA;
99999999000199;01/08/2026 a 31/08/2026;F550;1;;;;;;;;;;;;;;3556,75;;;;;;CONSOLIDACAO SINTETICA 0072;;;;;;;;;;;5101;Venda de produção do estabelecimento.;;;;;;;;;;;;;49;3556,75;;0,6500;;23,12;49;3556,75;;3,0000;;106,70;CTA_RECEITA;
99999999000199;01/08/2026 a 31/08/2026;F550;1;;;;;;;;;;;;;;3729,75;;;;;;CONSOLIDACAO SINTETICA 0073;;;;;;;;;;;5102;Venda de mercadoria adquirida ou recebida de terceiros, ou qualquer venda de mercadoria efetuada pelo MEI com exceção das saídas classificadas nos códigos 5.501, 5.502, 5.504 e 5.505.;;;;;;;;;;;;;60;0,00;;0,0000;;0,00;60;0,00;;0,0000;;0,00;CTA_RECEITA;
99999999000199;01/08/2026 a 31/08/2026;F550;1;;;;;;;;;;;;;;3902,75;;;;;;CONSOLIDACAO SINTETICA 0074;;;;;;;;;;;5933;Prestação de serviço sujeita ao ISSQN.;;;;;;;;;;;;;98;3902,75;;1,6500;;64,40;98;3902,75;;7,6000;;296,61;CTA_RECEITA;
99999999000199;01/08/2026 a 31/08/2026;F550;1;;;;;;;;;;;;;;4075,75;;;;;;CONSOLIDACAO SINTETICA 0075;;;;;;;;;;;6101;Venda de produção do estabelecimento.;;;;;;;;;;;;;02;4075,75;;1,6500;;67,25;02;4075,75;;7,6000;;309,76;CTA_RECEITA;Débito
99999999000199;01/08/2026 a 31/08/2026;F550;1;;;;;;;;;;;;;;4248,75;;;;;;CONSOLIDACAO SINTETICA 0076;;;;;;;;;;;6102;Venda de mercadoria adquirida ou recebida de terceiros, ou qualquer venda de mercadoria efetuada pelo MEI com exceção das saídas classificadas nos códigos 6.501, 6.502, 6.504 e 6.505.;;;;;;;;;;;;;07;0,00;;0,0000;;0,00;07;0,00;;0,0000;;0,00;CTA_RECEITA;
99999999000199;01/08/2026 a 31/08/2026;F550;1;;;;;;;;;;;;;;4421,75;;;;;;CONSOLIDACAO SINTETICA 0077;;;;;;;;;;;6933;Prestação de serviço sujeita ao ISSQN.;;;;;;;;;;;;;50;4421,75;;1,6500;;72,96;50;4421,75;;7,6000;;336,05;CTA_RECEITA;
99999999000199;01/08/2026 a 31/08/2026;F550;1;;;;;;;;;;;;;;4594,75;;;;;;CONSOLIDACAO SINTETICA 0078;;;;;;;;;;;5101;Venda de produção do estabelecimento.;;;;;;;;;;;;;70;4594,75;;1,6500;;75,81;70;4594,75;;7,6000;;349,20;CTA_RECEITA;
99999999000199;01/08/2026 a 31/08/2026;F550;1;;;;;;;;;;;;;;4767,75;;;;;;CONSOLIDACAO SINTETICA 0079;;;;;;;;;;;5102;Venda de mercadoria adquirida ou recebida de terceiros, ou qualquer venda de mercadoria efetuada pelo MEI com exceção das saídas classificadas nos códigos 5.501, 5.502, 5.504 e 5.505.;;;;;;;;;;;;;99;4767,75;;1,6500;;78,67;99;4767,75;;7,6000;;362,35;CTA_RECEITA;
99999999000199;01/08/2026 a 31/08/2026;F550;1;;;;;;;;;;;;;;4940,75;;;;;;CONSOLIDACAO SINTETICA 0080;;;;;;;;;;;5933;Prestação de serviço sujeita ao ISSQN.;;;;;;;;;;;;;04;0,00;;0,0000;;0,00;04;0,00;;0,0000;;0,00;CTA_RECEITA;
99999999000199;01/08/2026 a 31/08/2026;F550;1;;;;;;;;;;;;;;5113,75;;;;;;CONSOLIDACAO SINTETICA 0081;;;;;;;;;;;6101;Venda de produção do estabelecimento.;;;;;;;;;;;;;08;0,00;;0,0000;;0,00;08;0,00;;0,0000;;0,00;CTA_RECEITA;
99999999000199;01/08/2026 a 31/08/2026;F550;1;;;;;;;;;;;;;;5286,75;;;;;;CONSOLIDACAO SINTETICA 0082;;;;;;;;;;;6102;Venda de mercadoria adquirida ou recebida de terceiros, ou qualquer venda de mercadoria efetuada pelo MEI com exceção das saídas classificadas nos códigos 6.501, 6.502, 6.504 e 6.505.;;;;;;;;;;;;;51;5286,75;;1,6500;;87,23;51;5286,75;;7,6000;;401,79;CTA_RECEITA;
99999999000199;01/08/2026 a 31/08/2026;F550;1;;;;;;;;;;;;;;5459,75;;;;;;CONSOLIDACAO SINTETICA 0083;;;;;;;;;;;6933;Prestação de serviço sujeita ao ISSQN.;;;;;;;;;;;;;73;5459,75;;1,6500;;90,09;73;5459,75;;7,6000;;414,94;CTA_RECEITA;
99999999000199;01/08/2026 a 31/08/2026;F550;1;;;;;;;;;;;;;;5632,75;;;;;;CONSOLIDACAO SINTETICA 0084;;;;;;;;;;;5101;Venda de produção do estabelecimento.;;;;;;;;;;;;;01;5632,75;;0,6500;;36,61;01;5632,75;;3,0000;;168,98;CTA_RECEITA;Débito
99999999000199;01/08/2026 a 31/08/2026;F550;1;;;;;;;;;;;;;;5805,75;;;;;;CONSOLIDACAO SINTETICA 0085;;;;;;;;;;;5102;Venda de mercadoria adquirida ou recebida de terceiros, ou qualquer venda de mercadoria efetuada pelo MEI com exceção das saídas classificadas nos códigos 5.501, 5.502, 5.504 e 5.505.;;;;;;;;;;;;;06;0,00;;0,0000;;0,00;06;0,00;;0,0000;;0,00;CTA_RECEITA;
99999999000199;01/08/2026 a 31/08/2026;F550;1;;;;;;;;;;;;;;5978,75;;;;;;CONSOLIDACAO SINTETICA 0086;;;;;;;;;;;5933;Prestação de serviço sujeita ao ISSQN.;;;;;;;;;;;;;49;5978,75;;1,6500;;98,65;49;5978,75;;7,6000;;454,39;CTA_RECEITA;
99999999000199;01/08/2026 a 31/08/2026;F550;1;;;;;;;;;;;;;;6151,75;;;;;;CONSOLIDACAO SINTETICA 0087;;;;;;;;;;;6101;Venda de produção do estabelecimento.;;;;;;;;;;;;;60;0,00;;0,0000;;0,00;60;0,00;;0,0000;;0,00;CTA_RECEITA;
99999999000199;01/08/2026 a 31/08/2026;F550;1;;;;;;;;;;;;;;6324,75;;;;;;CONSOLIDACAO SINTETICA 0088;;;;;;;;;;;6102;Venda de mercadoria adquirida ou recebida de terceiros, ou qualquer venda de mercadoria efetuada pelo MEI com exceção das saídas classificadas nos códigos 6.501, 6.502, 6.504 e 6.505.;;;;;;;;;;;;;98;6324,75;;0,6500;;41,11;98;6324,75;;3,0000;;189,74;CTA_RECEITA;
99999999000199;01/08/2026 a 31/08/2026;F550;1;;;;;;;;;;;;;;6497,75;;;;;;CONSOLIDACAO SINTETICA 0089;;;;;;;;;;;6933;Prestação de serviço sujeita ao ISSQN.;;;;;;;;;;;;;02;6497,75;;1,6500;;107,21;02;6497,75;;7,6000;;493,83;CTA_RECEITA;Débito
99999999000199;01/08/2026 a 31/08/2026;F550;1;;;;;;;;;;;;;;6670,75;;;;;;CONSOLIDACAO SINTETICA 0090;;;;;;;;;;;5101;Venda de produção do estabelecimento.;;;;;;;;;;;;;07;0,00;;0,0000;;0,00;07;0,00;;0,0000;;0,00;CTA_RECEITA;
99999999000199;01/08/2026 a 31/08/2026;F550;1;;;;;;;;;;;;;;6843,75;;;;;;CONSOLIDACAO SINTETICA 0091;;;;;;;;;;;5102;Venda de mercadoria adquirida ou recebida de terceiros, ou qualquer venda de mercadoria efetuada pelo MEI com exceção das saídas classificadas nos códigos 5.501, 5.502, 5.504 e 5.505.;;;;;;;;;;;;;50;6843,75;;1,6500;;112,92;50;6843,75;;7,6000;;520,13;CTA_RECEITA;
99999999000199;01/08/2026 a 31/08/2026;F550;1;;;;;;;;;;;;;;7016,75;;;;;;CONSOLIDACAO SINTETICA 0092;;;;;;;;;;;5933;Prestação de serviço sujeita ao ISSQN.;;;;;;;;;;;;;70;7016,75;;0,6500;;45,61;70;7016,75;;3,0000;;210,50;CTA_RECEITA;
99999999000199;01/08/2026 a 31/08/2026;F550;1;;;;;;;;;;;;;;7189,75;;;;;;CONSOLIDACAO SINTETICA 0093;;;;;;;;;;;6101;Venda de produção do estabelecimento.;;;;;;;;;;;;;99;7189,75;;1,6500;;118,63;99;7189,75;;7,6000;;546,42;CTA_RECEITA;
99999999000199;01/08/2026 a 31/08/2026;F550;1;;;;;;;;;;;;;;7362,75;;;;;;CONSOLIDACAO SINTETICA 0094;;;;;;;;;;;6102;Venda de mercadoria adquirida ou recebida de terceiros, ou qualquer venda de mercadoria efetuada pelo MEI com exceção das saídas classificadas nos códigos 6.501, 6.502, 6.504 e 6.505.;;;;;;;;;;;;;04;0,00;;0,0000;;0,00;04;0,00;;0,0000;;0,00;CTA_RECEITA;
99999999000199;01/08/2026 a 31/08/2026;F550;1;;;;;;;;;;;;;;7535,75;;;;;;CONSOLIDACAO SINTETICA 0095;;;;;;;;;;;6933;Prestação de serviço sujeita ao ISSQN.;;;;;;;;;;;;;08;0,00;;0,0000;;0,00;08;0,00;;0,0000;;0,00;CTA_RECEITA;
99999999000199;01/08/2026 a 31/08/2026;F550;1;;;;;;;;;;;;;;7708,75;;;;;;CONSOLIDACAO SINTETICA 0096;;;;;;;;;;;5101;Venda de produção do estabelecimento.;;;;;;;;;;;;;51;7708,75;;0,6500;;50,11;51;7708,75;;3,0000;;231,26;CTA_RECEITA;
99999999000199;01/08/2026 a 31/08/2026;F550;1;;;;;;;;;;;;;;7881,75;;;;;;CONSOLIDACAO SINTETICA 0097;;;;;;;;;;;5102;Venda de mercadoria adquirida ou recebida de terceiros, ou qualquer venda de mercadoria efetuada pelo MEI com exceção das saídas classificadas nos códigos 5.501, 5.502, 5.504 e 5.505.;;;;;;;;;;;;;73;7881,75;;1,6500;;130,05;73;7881,75;;7,6000;;599,01;CTA_RECEITA;
99999999000199;01/08/2026 a 31/08/2026;F550;1;;;;;;;;;;;;;;8054,75;;;;;;CONSOLIDACAO SINTETICA 0098;;;;;;;;;;;5933;Prestação de serviço sujeita ao ISSQN.;;;;;;;;;;;;;01;8054,75;;1,6500;;132,90;01;8054,75;;7,6000;;612,16;CTA_RECEITA;Débito
99999999000199;01/08/2026 a 31/08/2026;F550;1;;;;;;;;;;;;;;8227,75;;;;;;CONSOLIDACAO SINTETICA 0099;;;;;;;;;;;6101;Venda de produção do estabelecimento.;;;;;;;;;;;;;06;0,00;;0,0000;;0,00;06;0,00;;0,0000;;0,00;CTA_RECEITA;
99999999000199;01/08/2026 a 31/08/2026;F550;1;;;;;;;;;;;;;;8400,75;;;;;;CONSOLIDACAO SINTETICA 0100;;;;;;;;;;;6102;Venda de mercadoria adquirida ou recebida de terceiros, ou qualquer venda de mercadoria efetuada pelo MEI com exceção das saídas classificadas nos códigos 6.501, 6.502, 6.504 e 6.505.;;;;;;;;;;;;;49;8400,75;;0,6500;;54,60;49;8400,75;;3,0000;;252,02;CTA_RECEITA;
99999999000199;01/08/2026 a 31/08/2026;F550;1;;;;;;;;;;;;;;8573,75;;;;;;CONSOLIDACAO SINTETICA 0101;;;;;;;;;;;6933;Prestação de serviço sujeita ao ISSQN.;;;;;;;;;;;;;60;0,00;;0,0000;;0,00;60;0,00;;0,0000;;0,00;CTA_RECEITA;
99999999000199;01/08/2026 a 31/08/2026;F550;1;;;;;;;;;;;;;;8746,75;;;;;;CONSOLIDACAO SINTETICA 0102;;;;;;;;;;;5101;Venda de produção do estabelecimento.;;;;;;;;;;;;;98;8746,75;;1,6500;;144,32;98;8746,75;;7,6000;;664,75;CTA_RECEITA;
99999999000199;01/08/2026 a 31/08/2026;F550;1;;;;;;;;;;;;;;8919,75;;;;;;CONSOLIDACAO SINTETICA 0103;;;;;;;;;;;5102;Venda de mercadoria adquirida ou recebida de terceiros, ou qualquer venda de mercadoria efetuada pelo MEI com exceção das saídas classificadas nos códigos 5.501, 5.502, 5.504 e 5.505.;;;;;;;;;;;;;02;8919,75;;1,6500;;147,18;02;8919,75;;7,6000;;677,90;CTA_RECEITA;Débito
99999999000199;01/08/2026 a 31/08/2026;F550;1;;;;;;;;;;;;;;9092,75;;;;;;CONSOLIDACAO SINTETICA 0104;;;;;;;;;;;5933;Prestação de serviço sujeita ao ISSQN.;;;;;;;;;;;;;07;0,00;;0,0000;;0,00;07;0,00;;0,0000;;0,00;CTA_RECEITA;
99999999000199;01/08/2026 a 31/08/2026;F550;1;;;;;;;;;;;;;;9265,75;;;;;;CONSOLIDACAO SINTETICA 0105;;;;;;;;;;;6101;Venda de produção do estabelecimento.;;;;;;;;;;;;;50;9265,75;;1,6500;;152,88;50;9265,75;;7,6000;;704,20;CTA_RECEITA;
99999999000199;01/08/2026 a 31/08/2026;F550;1;;;;;;;;;;;;;;338,75;;;;;;CONSOLIDACAO SINTETICA 0106;;;;;;;;;;;6102;Venda de mercadoria adquirida ou recebida de terceiros, ou qualquer venda de mercadoria efetuada pelo MEI com exceção das saídas classificadas nos códigos 6.501, 6.502, 6.504 e 6.505.;;;;;;;;;;;;;70;338,75;;1,6500;;5,59;70;338,75;;7,6000;;25,75;CTA_RECEITA;
99999999000199;01/08/2026 a 31/08/2026;F550;1;;;;;;;;;;;;;;511,75;;;;;;CONSOLIDACAO SINTETICA 0107;;;;;;;;;;;6933;Prestação de serviço sujeita ao ISSQN.;;;;;;;;;;;;;99;511,75;;1,6500;;8,44;99;511,75;;7,6000;;38,89;CTA_RECEITA;
99999999000199;01/08/2026 a 31/08/2026;F550;1;;;;;;;;;;;;;;684,75;;;;;;CONSOLIDACAO SINTETICA 0108;;;;;;;;;;;5101;Venda de produção do estabelecimento.;;;;;;;;;;;;;04;0,00;;0,0000;;0,00;04;0,00;;0,0000;;0,00;CTA_RECEITA;
99999999000199;01/08/2026 a 31/08/2026;F550;1;;;;;;;;;;;;;;857,75;;;;;;CONSOLIDACAO SINTETICA 0109;;;;;;;;;;;5102;Venda de mercadoria adquirida ou recebida de terceiros, ou qualquer venda de mercadoria efetuada pelo MEI com exceção das saídas classificadas nos códigos 5.501, 5.502, 5.504 e 5.505.;;;;;;;;;;;;;08;0,00;;0,0000;;0,00;08;0,00;;0,0000;;0,00;CTA_RECEITA;
99999999000199;01/08/2026 a 31/08/2026;F550;1;;;;;;;;;;;;;;1030,75;;;;;;CONSOLIDACAO SINTETICA 0110;;;;;;;;;;;5933;Prestação de serviço sujeita ao ISSQN.;;;;;;;;;;;;;51;1030,75;;1,6500;;17,01;51;1030,75;;7,6000;;78,34;CTA_RECEITA;
99999999000199;01/08/2026 a 31/08/2026;F550;1;;;;;;;;;;;;;;1203,75;;;;;;CONSOLIDACAO SINTETICA 0111;;;;;;;;;;;6101;Venda de produção do estabelecimento.;;;;;;;;;;;;;73;1203,75;;1,6500;;19,86;73;1203,75;;7,6000;;91,49;CTA_RECEITA;
99999999000199;01/08/2026 a 31/08/2026;F550;1;;;;;;;;;;;;;;1376,75;;;;;;CONSOLIDACAO SINTETICA 0112;;;;;;;;;;;6102;Venda de mercadoria adquirida ou recebida de terceiros, ou qualquer venda de mercadoria efetuada pelo MEI com exceção das saídas classificadas nos códigos 6.501, 6.502, 6.504 e 6.505.;;;;;;;;;;;;;01;1376,75;;0,6500;;8,95;01;1376,75;;3,0000;;41,30;CTA_RECEITA;Débito
99999999000199;01/08/2026 a 31/08/2026;F550;1;;;;;;;;;;;;;;1549,75;;;;;;CONSOLIDACAO SINTETICA 0113;;;;;;;;;;;6933;Prestação de serviço sujeita ao ISSQN.;;;;;;;;;;;;;06;0,00;;0,0000;;0,00;06;0,00;;0,0000;;0,00;CTA_RECEITA;
99999999000199;01/08/2026 a 31/08/2026;F550;1;;;;;;;;;;;;;;1722,75;;;;;;CONSOLIDACAO SINTETICA 0114;;;;;;;;;;;5101;Venda de produção do estabelecimento.;;;;;;;;;;;;;49;1722,75;;1,6500;;28,43;49;1722,75;;7,6000;;130,93;CTA_RECEITA;
99999999000199;01/08/2026 a 31/08/2026;F550;1;;;;;;;;;;;;;;1895,75;;;;;;CONSOLIDACAO SINTETICA 0115;;;;;;;;;;;5102;Venda de mercadoria adquirida ou recebida de terceiros, ou qualquer venda de mercadoria efetuada pelo MEI com exceção das saídas classificadas nos códigos 5.501, 5.502, 5.504 e 5.505.;;;;;;;;;;;;;60;0,00;;0,0000;;0,00;60;0,00;;0,0000;;0,00;CTA_RECEITA;
99999999000199;01/08/2026 a 31/08/2026;F550;1;;;;;;;;;;;;;;2068,75;;;;;;CONSOLIDACAO SINTETICA 0116;;;;;;;;;;;5933;Prestação de serviço sujeita ao ISSQN.;;;;;;;;;;;;;98;2068,75;;0,6500;;13,45;98;2068,75;;3,0000;;62,06;CTA_RECEITA;
99999999000199;01/08/2026 a 31/08/2026;F550;1;;;;;;;;;;;;;;2241,75;;;;;;CONSOLIDACAO SINTETICA 0117;;;;;;;;;;;6101;Venda de produção do estabelecimento.;;;;;;;;;;;;;02;2241,75;;1,6500;;36,99;02;2241,75;;7,6000;;170,37;CTA_RECEITA;Débito
99999999000199;01/08/2026 a 31/08/2026;F550;1;;;;;;;;;;;;;;2414,75;;;;;;CONSOLIDACAO SINTETICA 0118;;;;;;;;;;;6102;Venda de mercadoria adquirida ou recebida de terceiros, ou qualquer venda de mercadoria efetuada pelo MEI com exceção das saídas classificadas nos códigos 6.501, 6.502, 6.504 e 6.505.;;;;;;;;;;;;;07;0,00;;0,0000;;0,00;07;0,00;;0,0000;;0,00;CTA_RECEITA;
99999999000199;01/08/2026 a 31/08/2026;F550;1;;;;;;;;;;;;;;2587,75;;;;;;CONSOLIDACAO SINTETICA 0119;;;;;;;;;;;6933;Prestação de serviço sujeita ao ISSQN.;;;;;;;;;;;;;50;2587,75;;1,6500;;42,70;50;2587,75;;7,6000;;196,67;CTA_RECEITA;
99999999000199;01/08/2026 a 31/08/2026;F550;1;;;;;;;;;;;;;;2760,75;;;;;;CONSOLIDACAO SINTETICA 0120;;;;;;;;;;;5101;Venda de produção do estabelecimento.;;;;;;;;;;;;;70;2760,75;;0,6500;;17,94;70;2760,75;;3,0000;;82,82;CTA_RECEITA;
99999999000199;01/08/2026 a 31/08/2026;F550;1;;;;;;;;;;;;;;2933,75;;;;;;CONSOLIDACAO SINTETICA 0121;;;;;;;;;;;5102;Venda de mercadoria adquirida ou recebida de terceiros, ou qualquer venda de mercadoria efetuada pelo MEI com exceção das saídas classificadas nos códigos 5.501, 5.502, 5.504 e 5.505.;;;;;;;;;;;;;99;2933,75;;1,6500;;48,41;99;2933,75;;7,6000;;222,97;CTA_RECEITA;
99999999000199;01/08/2026 a 31/08/2026;F550;1;;;;;;;;;;;;;;3106,75;;;;;;CONSOLIDACAO SINTETICA 0122;;;;;;;;;;;5933;Prestação de serviço sujeita ao ISSQN.;;;;;;;;;;;;;04;0,00;;0,0000;;0,00;04;0,00;;0,0000;;0,00;CTA_RECEITA;
99999999000199;01/08/2026 a 31/08/2026;F550;1;;;;;;;;;;;;;;3279,75;;;;;;CONSOLIDACAO SINTETICA 0123;;;;;;;;;;;6101;Venda de produção do estabelecimento.;;;;;;;;;;;;;08;0,00;;0,0000;;0,00;08;0,00;;0,0000;;0,00;CTA_RECEITA;
99999999000199;01/08/2026 a 31/08/2026;F550;1;;;;;;;;;;;;;;3452,75;;;;;;CONSOLIDACAO SINTETICA 0124;;;;;;;;;;;6102;Venda de mercadoria adquirida ou recebida de terceiros, ou qualquer venda de mercadoria efetuada pelo MEI com exceção das saídas classificadas nos códigos 6.501, 6.502, 6.504 e 6.505.;;;;;;;;;;;;;51;3452,75;;0,6500;;22,44;51;3452,75;;3,0000;;103,58;CTA_RECEITA;
99999999000199;01/08/2026 a 31/08/2026;F550;1;;;;;;;;;;;;;;3625,75;;;;;;CONSOLIDACAO SINTETICA 0125;;;;;;;;;;;6933;Prestação de serviço sujeita ao ISSQN.;;;;;;;;;;;;;73;3625,75;;1,6500;;59,82;73;3625,75;;7,6000;;275,56;CTA_RECEITA;
99999999000199;01/08/2026 a 31/08/2026;F550;1;;;;;;;;;;;;;;3798,75;;;;;;CONSOLIDACAO SINTETICA 0126;;;;;;;;;;;5101;Venda de produção do estabelecimento.;;;;;;;;;;;;;01;3798,75;;1,6500;;62,68;01;3798,75;;7,6000;;288,71;CTA_RECEITA;Débito
99999999000199;01/08/2026 a 31/08/2026;F550;1;;;;;;;;;;;;;;3971,75;;;;;;CONSOLIDACAO SINTETICA 0127;;;;;;;;;;;5102;Venda de mercadoria adquirida ou recebida de terceiros, ou qualquer venda de mercadoria efetuada pelo MEI com exceção das saídas classificadas nos códigos 5.501, 5.502, 5.504 e 5.505.;;;;;;;;;;;;;06;0,00;;0,0000;;0,00;06;0,00;;0,0000;;0,00;CTA_RECEITA;
99999999000199;01/08/2026 a 31/08/2026;F550;1;;;;;;;;;;;;;;4144,75;;;;;;CONSOLIDACAO SINTETICA 0128;;;;;;;;;;;5933;Prestação de serviço sujeita ao ISSQN.;;;;;;;;;;;;;49;4144,75;;0,6500;;26,94;49;4144,75;;3,0000;;124,34;CTA_RECEITA;
99999999000199;01/08/2026 a 31/08/2026;F550;1;;;;;;;;;;;;;;4317,75;;;;;;CONSOLIDACAO SINTETICA 0129;;;;;;;;;;;6101;Venda de produção do estabelecimento.;;;;;;;;;;;;;60;0,00;;0,0000;;0,00;60;0,00;;0,0000;;0,00;CTA_RECEITA;
99999999000199;01/08/2026 a 31/08/2026;F550;1;;;;;;;;;;;;;;4490,75;;;;;;CONSOLIDACAO SINTETICA 0130;;;;;;;;;;;6102;Venda de mercadoria adquirida ou recebida de terceiros, ou qualquer venda de mercadoria efetuada pelo MEI com exceção das saídas classificadas nos códigos 6.501, 6.502, 6.504 e 6.505.;;;;;;;;;;;;;98;4490,75;;1,6500;;74,10;98;4490,75;;7,6000;;341,30;CTA_RECEITA;
99999999000199;01/08/2026 a 31/08/2026;F550;1;;;;;;;;;;;;;;4663,75;;;;;;CONSOLIDACAO SINTETICA 0131;;;;;;;;;;;6933;Prestação de serviço sujeita ao ISSQN.;;;;;;;;;;;;;02;4663,75;;1,6500;;76,95;02;4663,75;;7,6000;;354,45;CTA_RECEITA;Débito
99999999000199;01/08/2026 a 31/08/2026;F550;1;;;;;;;;;;;;;;4836,75;;;;;;CONSOLIDACAO SINTETICA 0132;;;;;;;;;;;5101;Venda de produção do estabelecimento.;;;;;;;;;;;;;07;0,00;;0,0000;;0,00;07;0,00;;0,0000;;0,00;CTA_RECEITA;
99999999000199;01/08/2026 a 31/08/2026;F550;1;;;;;;;;;;;;;;5009,75;;;;;;CONSOLIDACAO SINTETICA 0133;;;;;;;;;;;5102;Venda de mercadoria adquirida ou recebida de terceiros, ou qualquer venda de mercadoria efetuada pelo MEI com exceção das saídas classificadas nos códigos 5.501, 5.502, 5.504 e 5.505.;;;;;;;;;;;;;50;5009,75;;1,6500;;82,66;50;5009,75;;7,6000;;380,74;CTA_RECEITA;
